vesselId,letterPart_호제외,number_호있는것,number_호없는것,koreanNameCandidates
000dfeb11-1c6a-5189-7b50-0c515d1f3ee8,GISUNG,,,기성 | 지성
00173c035-5237-af34-9838-b2d145267ee4,DEOKSEUNG,2호,,덕승
00288d28f-f038-9a5b-4f6e-3f45fc1e36a7,YOU LIM,,,유림 | 유임
0029ac7ba-a9be-4640-a9b4-0fcfa6c57873,FISHING MASTER,,,
002a1abd3-3bf6-434d-5423-96a8d4d395a6,EUNSEONG,,,은성
0039c0603-3275-ad18-ae82-a38a0bd54ee1,KO SOO,,,코수 | 고수
00515f98f-fef9-f84b-7a04-a7797f669bcf,YUNG IN,,,영인 | 용인
0060bb089-9ac8-ef0c-164d-7a0ce9d4e7e2,HUIMANG,,77,희망
006fff956-63f7-8a9e-cc00-ebee0f0d8e06,YANGCHANG,,236,양창
007be6084-47c1-f131-b7ef-c8ca0f51d5e5,MANBOO,,100,만부 | 만보
009078d85-5b02-d147-95f3-2ac9122e1faf,NO.JAESUNG,2호,,재성 | 재승 | 재숭
0095d1062-21a0-373e-328f-ca66dea5a02d,TAESAN,,,태산
009b55a3a-a699-0691-f5cc-b8d9698ada3a,MYEONG CHEON,,315,명천
00ad0b6e7-71a6-89ee-db90-fdd97be0096c,POINT,,,
00c13b901-168f-e746-cf9a-8b798d86789e,KUYNG SUNG,,,경성 | 경승 | 경숭
00c6656d5-54e5-4dc6-d87c-74dc4aa3043c,SEU TA TEU,,,스타트
00cee8f48-82c6-d44e-69bf-723ca708ce7e,KANG YEONG,153호,,강영
0101a1436-6911-db98-df8f-0cb0d0db0e90,SU GWANG,108호,,수광
0103f536c-c902-707a-53bb-5303abffe87f,HYUN SUNG,105호,,현성 | 현승 | 현숭
010504ff2-22bb-55ac-2992-e492908560d1,CHUN SA,,1,천사 | 춘사
010804cc9-914e-79ae-7537-a6563ab8ec32,SUN RED,,,
010d0252b-b1d0-34d4-692b-f3b644c26106,JOSABEURO,,,조사브로
011a67807-7844-683b-dcca-a803b2fa585a,BO MYUNG,,206,보명
011a955ff-fd78-ab7c-3736-d74024b269cb,BANG JU,,,방주
012e57567-7802-5519-1697-b046672e339f,DEOG YANG,,,덕양 | 덕향
01300b1d8-84c0-1b32-e5bc-3d10db29de44,WOORAM,2023호,,우람
0148cbef4-4e4d-28b2-13a0-23e223252d22,YUNO,,31,유노
01590b819-9f05-6c58-d745-3ed5b81feda7,CHEONG HAE,1호,,청해
015b1a8f8-83af-04fe-8942-6268c5e0e2fa,WOOJIN,,303,우진
016a7b6f4-4045-e6b4-a8a6-b5c1c5fede67,DAEYANG,,,대양
0177ce63a-aa77-8e42-027d-cc3a1f7a4f9c,NAM YANG,,201,남양
0184f30b1-1581-a0d5-e5a4-4049eb116ee2,DAE HUNG,,,대흥
0186360d7-782c-e185-ce54-c62e4f2c3c27,BU CHANG,,,부창
018d034d7-77ae-8a5c-f598-635a1c1ad787,MIRAE,,,미래
01b949bf2-20e0-9b98-18b3-319f79912229,BADA,,,바다
01d982b1b-b1c9-d17d-6c85-2f852a28be03,SIN JIN,,,신진
01f124a9b-bec8-9e4b-3e6c-940789278d0a,GEONYANG,,,건양
021e22f85-5526-eb06-59d0-dba3cd3faaa4,NEW SIN HEUNG,,,
023ef86a7-77fc-cb7b-435e-a40744cedfa2,TEST,,,
0242bcabd-d357-54f9-ae05-d6cb8344b5f6,DONG BAEK,,,동백
026125e2e-eb55-89fa-508e-81b60d436c1a,MIN SEUNG,,,민승 | 민세웅
0263042d2-27bd-72b5-7dd3-d85765872cb1,HAEJU,,,해주
0277223dc-cf95-84c0-e590-e98fce81c1ae,NEW SEGYERO,,2,
0279841dd-dc6e-6f4c-4e6e-29198fee655f,WOO JU,,,우주
028352b52-235f-2caa-f887-141035e26644,DAE YOUNG,,,대영 | 대용
02849b458-86bd-fbe8-dc90-bf7744247240,HYEON DAE,7호,,현대
0284a71b8-81f2-4e02-1eed-7a3e38731556,JE IL,5호,,제일
0289de9fb-bb49-186f-b942-dddc48f3a38b,MANPYEONG,,,만평
02950ab91-14ba-1d48-8050-ea2ff517070a,NAM GANG,26호,,남강
0299eadd1-1b18-8930-0c59-3b43f08705f7,MUNSUNG,,,문성 | 문승 | 문숭
02a399375-5152-d961-328a-54b525573553,MOON SEONG HO@,,2,문성
02bc49da8-8eb0-83c0-3ef9-aa79267b511e,HAE YEONG,,,해영
02bde1fed-d7f7-2057-59e8-514892dd3bf4,SUNGHAI,77호,,성해
02c38a0c5-5510-b1d2-e756-f3b86f17f583,JANGYEONG,,308,장영
02e43c2c5-5873-fa07-2b09-04f15cd01ddd,UJEONG,2026호,,우정
02e5ad4a0-0f6b-f5bb-290b-0975d58882b0,CHANGNAM,,2,창남
02fb22082-28bd-8ab7-3f2b-f4703991c4e7,PHOENIX,,,
030e29fd0-09d4-a8aa-a19e-df75382b1e04,ILCHUUL,,,일출
033a658da-ab8a-8a7c-2556-19d61787f273,JE IL,,,제일
033b048ba-af1c-c3e1-9973-cbdb3e128e3a,TAE HOON,,,태호온
03479e7a6-60b8-81cc-a65b-b1c72a2b2cdc,NO EUL,,,을
034adf763-3da9-dfa2-e036-079eba946833,SEONGGWANG,,2015,성광
034c7cf1c-c3d3-60a5-bb51-1538f1d8c7e3,SEONG JIN,,,성진
034db0712-2590-e061-1916-4bf141889256,GEO JE NU RI,,,거제누리
034dd9d18-8e2f-4961-7e04-a620a3ab13d9,HAN SEONG,,,한성
035186f3c-c03d-7c02-032b-dbf4f00dae7c,NOW MYENG LYUN,,,노명륜 | 노명윤
035c2ed5f-fa9a-8f68-a4b9-303992e471dd,HAN JIN,,,한진
035ee9d41-17fd-9e71-5ad6-9887710931ce,MIN GEUN,,,민근
0368d51fc-c561-f385-bf6b-0614667e996d,SU SEONG,,,수성
03799be53-39e0-89d8-b56b-8aa4b0ab632b,DONG GWANG,,,동광
0379b1ace-e425-e794-d3b6-41d8ea0c1bed,JE DONG,3호,,제동
037b8b2d3-3d84-a17f-acb9-f2707f78eeca,YOUNG CHANG,,,영창 | 용창
039509770-0f93-4ef1-c15e-f7ea9fe23abb,SAM SUNG,,,삼성 | 삼승 | 삼숭
039b235af-f813-efaf-d48c-e55831186795,YOUNG UNG,,,영웅 | 용웅
03c9169cd-dbea-1323-888e-3c472564f657,GEUM MYUNG,,1,금명
03d90352f-f1d2-b79a-95d2-290153e1e48c,PYEONG SAN,,308,평산
03e75c22d-d432-2d2e-92c0-b33884ffbedc,YOUNG JI,,2016,영지 | 용지
03f15235c-ce69-a7fc-ffc7-49d59ff946a9,DAEDONG,72호,,대동
03f6adf09-96af-c618-303c-c02d7a84b202,DAE YANG,,,대양
0403d5335-500b-41b6-2575-c470bdb770b4,ONE STAR,,,
040a60ea4-4b4e-48cb-d80b-26ff986a38ba,TAE KWANG,,,태광
0412e0ac8-8a5c-b96d-9824-a1ab757dc4dd,SU JIN,,,수진
043743cff-fb3e-383c-5e3c-1bf6d0f1cfda,YEONGOONG,,,영웅
0437f30ed-dfcc-e22a-5a4f-f7838af9b0a0,SEONG H,,2,
04586e7c3-37ff-f5d0-edc3-7f09b8958f31,CHEONG YANG,,3,청양
045c19237-7eee-dac8-5a61-600887562992,DONGWON-,,,동원
045db2976-695f-a219-9103-433920275f6c,DONG IK,,,동익
046abef02-2488-4672-eda1-0c8137f71e42,NEW ORION HO@,,,
04735f4f6-6fee-307e-e97d-71ca09912e5e,TAE YANG,,,태양
0473ada70-0858-ed5b-3c9d-0181aa3c1910,MAN GANG,301호,,만강
0478eef18-8285-cbad-35a8-883317fa288d,SIN HEUNG,,,신흥
047a41ea8-85f2-b742-b819-30513d72a4ce,SAWASDEE BALTIC,,,
04803d728-8a10-2f4a-b6f4-451185205331,TAE GWANG,501호,,태광
0483e4a25-5366-99b0-998b-595d00e8a0ca,SUPER STAR,,,
048f47206-6fba-17bf-adfa-9d4a05e69ad0,JEKWANG YANG,,2,제광양
04997be2b-b1f0-32bd-53bb-32542da4ac97,MAN GANG,,,만강
04ba63233-3b91-4dd9-9808-2865ac98a7e4,DAEKWANG,,,대광
04c180a6d-d4de-6230-0937-153c3747d3e6,MANSEON,,303,만선
04c50b2fc-cde6-77dd-6838-46c6795f6109,DEOK SUNG,,,덕성 | 덕승 | 덕숭
04e758da4-4d33-67fa-0c74-c086ce6d0063,JU JIN,,,주진
04f1a80bd-dd89-e232-7204-ec881da2e616,JEONG GIL,,2,정길
050678bfb-b1ca-709e-a651-f73aedaaf538,SUPER STAR,,,
051103b4a-aaf2-950a-d39c-3d5d399b86f4,MANSEON,,102,만선
051f7524e-e692-e733-5e79-cfb19f34985e,BO RAM,,,보람
05489f50f-f7ef-cdd2-f41c-44b6646061d8,,,1,
054b60e68-8ae3-7227-3bce-dfe33bf6e8a0,DONG IN,,,동인
05b14cfc6-665d-9e98-64dd-a6f5692c3fae,DONGMYENG,,,동명
05b49b27a-acdd-de8e-4624-f4816a236bdc,DAE SUNG,27호,,대성 | 대승 | 대숭
05b96fe62-2400-9ae4-abb4-908451df7ae0,HEUK SAN HU KEU,5호,,흑산후크
05d5d9c40-049c-6ed1-9178-a21c2a896c6e,CHUNG KANG,,,충강 | 청강
05d6534a0-01ce-bdc6-e7bc-589152058d66,SU EUN,,,수은
05f330a9a-a5e0-43f6-5ec6-5b18ee03ca5a,.CHANG YOUNG,,802,창영 | 창용
05f652d92-205d-1659-4bd3-4e2bb37388eb,KING STAR,,,
05fb965fe-ee6f-b646-ba9d-e021f9a5ee9e,MAN SUN,,,만선 | 만순
0606babf5-52f7-9cbc-5f20-e73ca4031a2f,CHANGDAE,,,창대
0610d9b03-37d3-6f2e-192c-78c7b66f1dde,BIG OSYEON,,,
0620ae63f-fe09-9779-1a7e-25a8fe9cdbc5,DAE YOUNG,,,대영 | 대용
06386ddb0-0c7d-fdaf-3128-fd4b94a37526,WANG B,,1,
063ac467e-e0ea-342b-f9a2-255e064c8978,DEOK JIN,67호,,덕진
064bccd1d-d5df-cbec-9d8d-3efcf88c754c,HAESEONG,,,해성
0651a70ef-f18b-52e5-a552-7fe4d87fccf9,KUM KANG,3호,,금강
065fd73b6-6f11-ec65-1aa9-e21636c397b6,GYUNG KOQK,102호,,
0667c7ff3-38e9-8856-0cb0-528cf649c7cc,HWA YEONG,,308,화영
067776087-79c1-b917-950d-c414eecea945,EO RAK HAENG,,,
0681ddefb-b006-2ae3-bf09-1e07ae42645c,NO CHOE SIN,,711,초에신 | 조에신
068229fc7-7693-4509-1a3b-58e2ec1cb368,WOOJUNG,3호,,우중 | 우정
0682db45b-b411-61a4-2459-7526cc98dd0a,KWANG JIN,77호,,광진
068c78dd9-9f8b-c56f-afa3-d2442109f292,TAEPYEONGYANG,,,태평양
068e33511-1762-20c3-87b3-7fa68918c164,EO HAE RU,,,어해루
068ffe712-2562-e0eb-5587-7a0c431b3653,GORYEO,,568,고려
06940d817-7fa0-9e9f-4215-66c9c6b0a6bf,DAE CHUNG,31호,,대충 | 대청
0694d83e5-5d2e-7466-02d1-834de6862f95,UNHWA,,,운화 | 은화
06a5b0b0b-b05d-b2b4-4c7a-8e89e5c738b8,GEON YANG,,2002,건양 | 건향
06a9b819a-ad2e-4c8a-8d23-45189a9137f5,PI NIK SEU,,,
06d560672-2145-8630-2862-d783fc099ba1,WON IL,,,원일
06df28c30-0e02-ff13-70b4-efa86c74f6a1,DONG GEN,,106,
06e009da9-9389-045d-0ace-5748e7f7d40d,HWANGYOUNG,,,황영 | 황용
06e0d9f9f-f6f8-da92-47aa-f7447b6244a6,SNK LADY,,,
06ef16fa3-3e48-a0b4-c386-cad8fcb1ebe6,DAE DONG,,,대동
06fde565c-cc54-3a83-7218-268dbfc97214,YOUNG JIN,,,영진 | 용진
0701f9fad-d6ba-e69b-089a-52acaa07399d,WOONG CHEON,,115,웅천
07056b325-50ce-408b-41cb-4bea02dfb005,NO. TAEKYUNG,,8,태경
07172641a-a4c9-2237-4e25-fb3b6409694d,SMART NO.,,2,
071a15a54-4d1a-d14d-0a77-d60357806164,CHOI KWANG,8호,,최광
072657e27-74fc-111c-b4a7-382ba2510108,WA IL DEU KAET,,,
074638ca6-614e-187f-2109-5d8ce745d69b,CHEONG KYUNG,,,청경
078a68d58-840d-d1c1-8137-25f176b4d6d1,WONJU,,,원주
079bbca23-3457-9116-8a04-da9cb1b01446,HYE JIN,,,혜진
079f845a6-6d9f-d3a3-8cf7-30dedc02174d,JE YU JIN,2호,,제유진
07b59852c-c2c2-d051-f0a4-20bcb2a3fcd9,MYEONGGWANG,303호,,명광
07b78ad2c-c02e-c09f-461c-0dbe0e229610,KANG DONG,502호,,강동
07c439222-22da-ff47-961e-fa18840073ad,TAE GEON,,,태건
07c5937c6-6d4f-b1be-c510-f53fe0d720dd,BEOMJIN,107호,,범진
07e0ca35c-cd6e-585e-0e9f-9b75dd68d360,DONGYANG,,,동양
07e10570e-ef1b-0d37-a8cd-a2dfc104ce37,YU JEONG,,,유정
0804b50c4-4727-730d-43c1-84024c389039,GWANGLIM,,305,광림 | 광임
080e2d452-2930-59e2-032a-3f8431104569,KCG,,128,
0814ff807-7303-f919-2553-e6a6cbeccb52,KYUNGMIN,,,경민
0826a5a67-7866-6769-7f3d-71ea94fe10a9,JE SIN A,206호,,제신아 | 제신에이
08352f9b7-70d4-3cd7-541a-f80aa7b480c1,YEONCHANG,,201,연창
083b4c242-2742-5780-155c-75b208712926,MEONG GWANG,,,
084418113-39ad-9d31-4f44-6a84661de926,SEUNG RYONG,,,승룡 | 세웅룡 | 세웅용
084dddaea-a455-bd97-47a6-8f3f5e897ef5,MYUNGSUNG,,,명성 | 명승 | 명숭
0879174f8-8ca4-7da8-17fb-ca02db94d2f4,JANG WON,,2,장원
088a6a34c-c46a-fdc6-deed-e1e5e2229e64,SEA FACE,2호,,
08962a764-496d-df09-2f33-9b9b022eba7b,DAE YANG,,7,대양
08a125853-3ec3-cfc1-8615-bb6d1fdb2abe,MYUNGJIN,,107,명진
08ab9797f-fca4-7a0c-a6bd-1af4a7bafa60,DO RYEONG,,,도령
08c313c4a-a108-0164-32c7-14dabae421de,TAE IN,,,태인
08d0550b2-2460-5581-b084-d19315e416d6,KING DOM,,,
08e1ecb33-3539-19bb-7701-fe5ce6382160,CHEON SA,,39,천사
091d5ff3b-b3fd-161d-b4a6-cf9465dae12f,SAM SUNG,,,삼성 | 삼승 | 삼숭
0921dd748-8a3c-41ed-af09-6e6b4514c4e1,SIN SEONG,,807,신성
092461879-95ff-8ecf-566a-f272b6b14066,PLUS,,,
092e49d9f-f6f0-53f4-950e-932e73e5a0e0,DAE WOON,,,대운
092f0422a-afff-994d-869d-dd7ab6f5baf4,JIN POONG,,388,진풍
093031d01-1203-73ba-c7a3-fc895c7b335e,JUNG BU,,,정부 | 중부
0932a6a68-88c0-de2a-e09f-35c90e7049ba,DAEYAL,308호,,대열
0953a5024-4af6-00c2-a61d-ff1cd8024a38,DAE YOUNG,,,대영 | 대용
096f5aebb-b532-de8b-ab58-e4ecae24aecc,HEUNG SEONG,202호,,흥성
0970abfd2-2816-1977-f456-3dd7e25fc9db,LEE HYEON,113호,,이현 | 리현
09769c9dc-c2f1-dab3-9ca8-77158d7481a5,UK SOO,,,욱수
0994c43ac-c84e-c9c5-ea45-9be1c5779076,HEUNGSUNG,,,흥성 | 흥승 | 흥숭
0997a2455-5c85-4ec1-6d1d-640be20938a9,HONG EUN,,113,홍은
09a907ea6-6dd1-76c2-4f07-412e33d8829c,YEONG SEONG,,,영성
09cc5f390-0bab-85da-2e25-d5d8e7d25be9,SUNG YOUNG,215호,,성영 | 성용 | 승영
09ce79ec9-9704-3888-c98a-9e6c92062402,SU DUCK,,,수덕
09ef9da6f-f141-2214-f2ca-3e5e5c04f859,HEUNG YOUNG,,,흥영 | 흥용
09fd19d2f-fa0e-19d6-25b1-0b7c45e63379,MORNINGSTAR,,,
0a09ef9b2-2794-a1bb-8b93-026c83607908,HEUNG SEONG,208호,,흥성
0a13ef227-7059-6bf8-bbc9-14e75f7e573f,JINYANG,2호,,진양
0a1ba620b-b16d-c43f-c9c0-31983d30ba0a,EUN JI,,,은지
0a2e23658-83f9-4bea-8c57-ce90048468f7,JE JAE EUN,,616,제재은
0a3d1f729-9b75-f2ef-a087-f836140560cc,HIT,,,
0a40e4848-8f45-ce6c-1d61-6b116ccf6501,K OCEAN,,2,
0a42f9d81-122d-9b5b-633c-05ee25811ee6,HAINGBOK,,508,행복
0a49ad5b7-7f31-3b8d-f593-6170a963ec3a,BUGYUNG,,37,부경
0a5166e6c-c70f-088d-e632-21e3552c9e17,SAIAN,,,사이안
0a5e12767-798e-d815-9ef0-9581e97eb926,YEONGSHIN,,2,영신
0a708dac9-96af-d51f-e567-7e5f16adb3a2,KYEONG PO,203호,,경포
0a7e2d693-3cc6-11c1-da77-256a6a1194a5,GANGJEON,,,강전
0a8ef57fa-a9c6-4ece-3b34-c218532a1308,WOOJIN,630호,,우진
0a9c2d4bb-b8d2-db0d-610d-3963455769b2,HAE RYONG,,,해룡 | 해용
0abf4a6a7-756e-bac2-014a-e9a971c31704,WON YANG,,,원양 | 원향
0ac8b3b92-2232-0366-c10c-42237fbecf56,YU BIN,,,유빈
0acda063f-f745-6843-31a3-5dfd10fd6d17,JIN JU,,2022,진주
0acfa3257-78bb-a348-762d-531075c857a2,JJANG GOO FISHING,,,
0adada214-492f-1bab-8652-8991a5903e38,POSEIDON,,,
0ae578f0a-a014-41b7-b446-2fce3c5a93c2,KEUM HWA,,16,금화
0b085cc45-55d6-4f8f-f461-cd5a88b94116,NAM SEONG,,2020,남성
0b13423ed-d284-e156-ff57-077376cf2a64,SIN DAE JOON,,,신대준 | 신대조온
0b1c4c07d-dd4c-1101-c76b-4cee0c3fabc3,MYUNG SUNG,,,명성 | 명승 | 명숭
0b1f94bdd-d2a0-04f4-b28e-5cbf3a73177a,SUNRIZE,,,
0b20d6c3b-b0dd-777e-0354-dc8fd65f823c,BU MIN,,108,부민
0b52697a0-04ad-ebf7-a8fc-9e72573eb231,SE JIN,8호,,세진
0b5b97fb6-6933-273c-5415-f14347566f4f,HYEON DAE,,,현대
0b674fd1f-f363-87dc-bb17-6a33bef0695e,TTUNG SEU,,,뚱스
0b6f12970-0bcb-7af7-791e-6f7bd816b827,HWASUNG,,,화성 | 화승 | 화숭
0b71da733-32a2-ec9c-7c65-4b3c3f23807f,PALPO,1호,,
0b784bcab-b999-45c8-35fe-485ab8249e4a,IL KWANG,,,일광
0b84f3aef-f310-69f7-2d63-ea796d7c45cd,SEONG BOK,,,성복
0b8d1e8db-b5f0-e62e-c38c-2f3f5a1a84fc,DONG IL,,1,동일
0b9ab84ea-a59b-4854-d3e9-1b1fe2b9834c,MAN SEONG,2호,,만성
0ba3ccdd8-8d10-6662-e848-038ca0819133,MUYA,,,무야
0bc3c8702-2669-52fb-5c7e-543a5fae63b7,DUK SUNG,77호,,덕성 | 덕승 | 덕숭
0bc692c37-7503-cc24-8017-cfa258970c78,BAEK YANG,,306,백양 | 백향
0bca04441-1c9e-dd40-ad5f-a1d71772e710,DAE YEONG,2호,,대영
0bcc8b754-438b-9052-ade9-87bbe1e12787,GU LYONG,,,구룡
0be972204-411c-96ee-6840-735fbb63508e,WOORI,5호,,우리
0bfe9a76e-ec1b-68be-08f0-db4f7979f2b5,GYEONG CHWUN,,,
0c062a1c3-3bf3-ec74-9f5e-34be931d62de,BOHAE,,306,보해
0c249808a-a9cc-f01d-a91a-e3b9fdff5a17,SU SEONG,,,수성
0c25bbf53-3cc8-621d-5090-aa7a835846f7,HAE CHANG,,,해창
0c2a12a6d-d2a2-3edd-62ce-183b4c238a5c,HAE SUNG,3호,,해성 | 해승 | 해숭
0c32bcb24-4b1a-f521-6d6e-6cdb028b8e9d,SU JEONG,,,수정
0c55bca72-29ed-b0f6-c586-f6a089d180d0,CHIL GOK,,,
0c7290d22-2cf8-490a-717c-4750c2e113ae,NAMGWANG,,,남광
0c87f42e9-95da-5ff1-ab3b-5ca430de43b2,BADA,1호,,바다
0c912612b-bec9-e0fb-af7e-e7d52e7d2304,BONAMI,,,보남이 | 보나미
0c9126141-19fd-9b05-df71-98ed14e1b3b9,TAE YANG,,,태양
0c98f8516-6706-b48d-ac25-87e0b1345664,DONGMYEONG,,,동명
0cacc6448-83a2-a5ef-0935-7af0f3d45d28,ORYONG NO.,,717,오룡
0cbc11257-721f-ee2d-6b6d-67fa3309362a,YEON AN,,,연안
0cc25dfb2-2d12-2ff4-54dc-7972265570b7,BONGYANG,,3,봉양
0cc8594e9-9192-a9fb-9b36-c227bae658dd,HAE JEONG,,2,해정
0ce15602c-c31f-4a8b-7322-501accbb28f2,ESTHER,,,
0ce648140-040a-553a-8faf-f38a13b26459,KYEOL SEONG,,,결성
0ce80bb6e-e2f0-4c57-043c-f6f8f3e4008f,JEONG SEON,,,정선
0ced98a7a-a436-71e6-13df-1d89a129b78a,YONG SUNG,,,용성 | 영성 | 용승
0cefcadad-d2ea-f1f1-db9b-5dc8776ba813,TAE HUN,,2,태훈
0cf7c570e-e4f4-9018-be01-82a03696f605,BOONG BOONG,,,붕붕
0cfee703b-bc7e-dfcf-1df7-b948fb90858a,DAE JIN,,,대진
0d0095750-0fb3-57c7-ff73-bdbf64448c81,DA DUK,,,다덕 | 대덕
0d35aceef-f454-c011-27b9-c4b0803554aa,O NIK SEU,,,
0d4448c24-424a-f40e-9433-b55280a25254,DONG GEON,,,동건
0d5991fba-a635-804a-c398-672f7cdbb11f,DONG SEONG,,,동성
0d677c9f1-16b8-39fc-6217-574b1ed47e57,KUM JEONG,793호,,금정
0d74cb1c7-71da-eb0f-2dc8-a896efd11baf,HAEPUNG,,5,해풍
0d79fe8cd-d1ca-ab13-1112-2e4d3c61aa03,HAEJIN,,102,해진
0dc053403-3b71-dd9d-3240-093536db1769,HAE SEONG,,,해성
0dd07339a-a892-75c4-c6fc-2800e208cb5e,DEOK YONG,,,덕용 | 덕영
0deffc4a5-5297-6cbf-28c3-f35bbbac525c,YOUNG JIN,,,영진 | 용진
0e119be45-567f-42be-26ce-5c89b259f879,SUNG YOUNG,21호,,성영 | 성용 | 승영
0e20884f6-6c41-6583-b99b-b7f34cad7205,YANG JIN,,,양진 | 향진
0e2732f86-60ce-28cd-606d-59f7bc888ebf,SUNG JIN,,,성진 | 승진 | 숭진
0e4c0ef1e-ec44-c4b1-152b-ff4d3714ca2e,SUNGBOK,,,성복 | 승복 | 숭복
0e4e5e000-0cbc-4816-4312-b37743332c4d,YONG SUNG,,,용성 | 영성 | 용승
0e5b31f76-66b2-8d9f-275d-d897b18dce88,RICHAD,,,
0e6819145-59eb-30ad-e2f8-c3df1b4eaf78,GWANGYANG,,99,광양
0e68337b1-12f8-6b9e-f099-2151ba039ff9,DEOK SU,,,덕수
0e69eae4e-ec62-f65c-1a6b-368d14dcbb31,AJIN,,,아진
0e751326c-ca40-6ec2-4699-72bab08dccf5,CHANGSIN,,,창신
0e8230f39-96a3-3307-e9dc-3eb28af7d35d,JANG WON,,,장원
0e88bd1e8-8d8f-5ee5-d7f1-cf9ccdb07124,NAMYANG,,207,남양
0e9f9cdc8-81e8-b14f-535c-86fcd0875b07,BAEKIL,,,백일 | 배길
0ea03ae64-453e-6a04-9290-5e3b9406125b,MYEONG JIN,,,명진
0eacb3d39-9de8-5892-082e-af4ddf758cfe,CHAMPION,,,
0eb4bd04e-eb8a-2076-ef3d-1e53ec40a3b2,EBADA,,,에바다
0eb96ca12-268f-6256-b797-2850db6c9fbb,DO SEU,,,도스
0ec648c8d-d6bf-8d49-3c88-b13d7de2fa08,BORYUNG,,19,보령
0eede9da4-4b3a-e078-a76f-c7d5915a0652,CHEONG YANG,,9,청양
0ef024ec9-9630-5681-e4c8-d474297a91c5,BAEK YANG,,,백양 | 백향
0ef2d4626-663c-7324-94e7-fef792176690,HAEJIN_HO ____,,,해진
0efa9aeda-ac1d-5d39-db81-68128cf123e7,JIN PRO,,1,
0efaee72b-b34c-bd16-5e3d-c581b0781706,SOL TI GA,,,
0eff63a41-17fa-e0a6-a7f5-67e1cc60bdcf,JJ FISHING,,,
0f14ffc75-5375-386c-51a5-1c5957fa1288,KYUNGHAE,,702,경해
0f30786bf-f72d-332b-d2da-403485b3ff68,JEONGSEONG,,,정성
0f4109f32-2ef9-6dc2-17bd-5e2c2f404e4a,WOOSEONG,,,우성
0f572ec75-5e62-ab60-81f3-038a06ee2394,DAE YANG,8호,,대양
0f5cda172-262c-3949-b9d2-763b3ec028d6,MUNSEONG,,,문성
0f82537bc-caff-a2c2-be37-ac564887a891,MAN GU,,1,만구
0fa168dc6-64f1-1715-69c9-417e56ccdd0e,HEUG BOK,,,흑복
0fa65d3e6-6990-f1af-c225-27210c3bb5a7,SAMSEONG,,,삼성
0fc96f663-3400-6155-4ee3-28b5dfc1dc0c,YOU WAN,,,유완
0fcb42b80-0f85-21e2-a608-370366a35ff2,DONG HWA,,,동화
0fd0fab4c-ca7e-9123-f31c-505fe409a191,NAMJU,,,남주
0fec317df-f773-b40b-ee0c-0939bbef336c,NEW EINS,,,
1002411a0-0949-1551-3d32-a26157f65572,UNHWA,,305,운화 | 은화
1002cbd66-6b20-3b26-845d-8861bdb0edc9,PERFECT,,,
1009942a0-0e08-da0b-b97b-8c03da948b14,CLAS,,,
10252872d-def4-035c-e051-221c9493310f,HAE MAEN,,,
102775d88-839a-7539-4d64-c6e5a9d18adb,KCG,,122,
102f9ec65-5f76-f0c1-9d09-c16c0c32ee59,SUNGUN,,,성운 | 승운 | 숭운
1033d49b4-4e14-0e60-a8aa-661604d9eec4,POO REUM,101호,,
1035ab55d-d83e-d503-1de4-12bd9a4a924e,TAE YANG,,11,태양
105c56256-6c7c-1c3e-d306-9cba404c584e,CHANG SEONG,,,창성
106f02147-74d4-29e2-9063-1799dec871b8,TAE JIN,,,태진
10815bf40-0972-5c2a-e912-4a915d8d5a80,HAE YANG,,,해양
1082e74f3-3d9a-0cde-f5c6-f33f15523593,BUL KWEYNG,,,불경
1096af3a5-555b-07fd-032e-c98dc04f43f1,HAEJIN,,,해진
10b0f345d-d7c0-f2db-9c9f-63703379cdaf,SUBOG,,,수복
10bd33d35-537b-0a85-b3dc-53785cb4e139,DEAHAN,998호,,대한
10c3b7ffd-d68b-4184-4be0-8ad9a6e90eaa,IL GWANG BA DA,,,일광바다 | 일광바대
10c84838e-e88b-0789-ae1a-02e3e81f54da,JUBILEE,,,주비리 | 주비이
10d415e73-3c5c-0ef9-195a-dde818c8c2de,DONG WON,,,동원
10dabb40b-b1f4-466e-a684-20c9036bb7c8,DAE YANG,,,대양
10e79ddd6-65c3-d576-b559-4102a7960a42,HAHAHO,,,하하
10f6d2fda-a88e-4a71-39c6-ab41b934787b,SUPERMARINE,,,
111af097d-d198-c330-413d-3544c5343067,HAEUN,,,해운 | 해은 | 하은
1120cfacb-b870-b6fe-4c8e-1d032843355d,BYTE,,,
11246610a-a825-4899-490f-08f355b6a9e0,DAE YANG,,208,대양
1128ec0db-bbf0-bc31-2aa7-7cd74b100843,YUJIN,,7,유진
11426e308-8fc7-e688-878b-f8dc400a81de,HUIYUNG,,97,희영 | 희용
115089b21-1168-445d-f915-0a76b45ce5bd,SEUNG RI,,,승리 | 세웅리
1150a40dd-db33-1826-13e1-00b634235e4f,TAE GONG,,,태공
1160bca05-5208-8e84-0a3e-dc1f85553e84,CHEON BOK,,889,천복
1170e288a-aa35-55c2-a17d-3efdafda1589,SAM SEONG,,5,삼성
11717d3d9-9537-4adc-8963-df53d45da570,SEONG JIN,,,성진
1178b98ec-cd75-0a84-98e6-8f58abe0f8fb,DAE SUN,,,대선 | 대순
117e69a18-8871-c2ff-27f8-18cc9ea2671e,DAEPUNG,1호,,대풍
1183e2961-1812-9950-b838-1cf818efe10f,YOUNGSIN,,621,영신 | 용신
118436e27-75b7-d054-6f79-59d866544fad,WOOK SUNG HO@,,,욱성 | 욱승 | 욱숭
118ab589b-b6c0-9f38-f15f-4c2704a84d0b,EOSEONG,,,어성
118e9ed4b-b466-7ae5-f9dd-ef8c08a3ae13,YOU AN,216호,,유안
11cefd427-764d-a2c2-dcc1-90096f119c84,HAE CHOEN,,,해천
11e2ac2c0-0eca-09d7-0b82-030e925d80e7,NO. KEOMBOCK,,26,검복
11e3942b3-3d5e-5931-1b21-07bf75065648,ARA,,2,아라
11e5a6d9d-d439-7232-c567-2461088f19bd,GEUM HWA,,11,금화
11f9a4061-15af-4d30-de55-7d44d059fae5,YUGYEONG,,909,유경
12036f658-8c7a-9b5d-1f14-d1e79a562fb0,HAN-JIN,,7,한진
121cd623d-dd8e-c13d-7984-38911d26095c,HANKOOK,,,한고옥
122b2c75d-dc93-724a-1cd2-96ef04b08e6a,HERA,,,
122b8dbff-f39d-9fb9-afac-f918d297baaf,ME GA PO IN T,,,
12301e670-04ac-e9e4-4708-02967c8df09e,CHANG SUNG,,,창성 | 창승 | 창숭
123384ec3-33ed-62b6-e71d-62272d85dbb0,HAEJIN,,,해진
123bd5e89-9445-47d8-7d6b-7cfe937bbe4e,DAE YANG,,3,대양
125806d39-9b59-a596-0d85-14ae4a2d52dc,BOO YOUNG,,,부영 | 부용 | 보영
125c5aeef-f697-0e6b-ce1a-fd484da7d363,-ORYONG,,718,오룡
1263f779d-dea7-43d7-b43f-091935e20edb,MAN SEON,,1,만선
129f22832-23d1-a1d6-f90c-fb4d8aaae975,KCG P-,,03,
12d3278ed-de98-73df-61d7-4713d6e14bd4,CHEONG HAE,,201,청해
12db356c4-4edc-5dcb-9f18-bb57684943bc,HUNTER,,,
12e738de3-3d84-428d-5961-a4d9241167c1,PEUREUN,,,푸른
12ec0b417-7b7f-f4ee-1e9a-839c29e84875,KANGNAM,,,강남
12f1fb16a-a7ba-5858-4949-bb255f38a634,MERSEDES,,,
131d42563-32ed-791e-6b2e-e6504ad3cde1,YUN SEONG,,,윤성
1326d5c14-46e6-ebd5-e95a-72f61f5430ba,NO. TAESUNG STAR,,1,
13372e73f-fc8c-dc19-872a-a76c1af838cf,DAE KEUM,,,대금
133aad54c-ca37-4971-9a2e-d255619108a4,SEONG GWANG,,506,성광
13420bcd6-65dc-b746-a38c-3939932b9ca3,FISHING PARADISE,,,
13646e55b-b689-6983-1ad0-6872b9ad1ac6,CHEONGUN,,,청운 | 청은 | 천군
136a347c1-1aca-ebc9-0162-7f991a86f8c0,SAM DUCK,,,삼덕
136db9e31-14d2-f81d-0427-febc2f418e13,POONG YANG,,,풍양 | 풍향
13744f028-83a3-cc2a-0a92-cb53aa4939f4,YOO-MYUNG,,,유명
137aab40d-d6a9-959e-b989-daa2eb3099b4,YEONG KWANG,,,영광
137edfe4d-d184-fef0-32a6-b8eca68b3e68,SOON HEUNG,,,순흥 | 소온흥
1380f9596-608c-1faf-5415-ed5df0c9572f,YUSEONG,,,유성
1383c19e2-27d1-6271-1b38-51cec9d2910a,SEUNG IL,,902,승일 | 세웅일
1385e55bd-dcb0-86e3-c618-4502afbaa850,BUGANG,,8,부강
13909a429-92d8-7098-77bb-21960bc39dae,MYEONGSEONG,,209,명성
13b48fd54-4ddc-8683-2fa7-6b789baaa7f9,CHEONG SAN,,,청산
13b635e00-0e9c-9b73-069e-a816d635d8b3,HAE SEONG,88호,,해성
13c1370d1-123a-e075-abd3-0b16db60bc66,TAE YEONG,,,태영
13c85be77-7f92-9c20-8462-f9f12b13d27c,BAEG MA,2호,,백마
13dfe8123-387b-c937-aa27-d6cc27f782ac,DAEJIN,5호,,대진
13e7ec0e9-9301-2c14-92e6-fef7d06ddbc4,DAE YANG,,,대양
13e982c17-76aa-5c04-ba6f-2d4efd89ba95,SAM SEONG,,,삼성
13ec19d85-575a-a71b-676a-ae0b46e2581c,CHANGWON,,202,창원
13fbf20bd-d988-86dd-9579-275354d64ec3,NEW SIN JUNG,,,
14252ec38-8adc-3a97-7942-282f93913887,JEON TU,,,전두 | 전투
14364bfe0-0f03-a930-25cb-dfeba734f583,JINSEONG,,202,진성
1442c773d-dce3-ebc2-b45f-828708757462,JE GA DUK,11호,,제가덕
1446db5dc-c2ef-9f49-a16d-ab2ce888e252,YOUNG SAENG,,,영생 | 용생
14611b6a4-437c-81ba-21c2-346a28903198,DEOK JIN,73호,,덕진
1476b1b34-4b49-743a-dfc9-2c0b439e94a9,SUNG BOK,,,성복 | 승복 | 숭복
148623c2e-e6ce-5d62-985d-60670b0d4378,NYU GEURIN,3호,,뉴그린
14a124e52-227a-07fc-68ba-cc7b4bd2b4dc,NO. DONG,66호,,동
14abfb4f5-5fda-4fc0-6d08-5b72a6515512,JIN KYUNG,,,진경
14b279653-3bd5-1a1b-eed4-666b53a79799,SUNYENG,,868,선영
14c70f89a-a152-e2d2-6b83-4dc8b9864eda,MAN BOK HO@,,,만복
14d0ddc34-45a9-10ac-a458-aa24eb64449b,CHEONG HAE,,,청해
14d298fde-ed5c-616a-c6de-04ec74696eec,BADAHARI,,,바다하리
14f60cec1-1451-8f5c-7c35-17d4d40786ac,YEONG GWANG,,,영광
150ee0e02-212e-68ff-e25d-07c0d1ee8dce,SUNG UNG,102호,,성웅 | 승웅 | 숭웅
15219cda2-2ff1-f77f-de56-577cf7c66b8e,ILUK,,,일욱
1526816bd-d666-6d3a-5d0c-e50df37bba53,BADASORI,,,바다소리
152c6b9fe-efc8-7848-4e3a-e19cca390cf6,EO SUNG,801호,,어성 | 어승 | 어숭
153ec0e85-508e-9300-60fb-7240685b3d4f,JI DO@,,,지도
154b0cbec-cef3-c18e-0e97-fe62ee1d6c58,-HWACHANG,,27,화창
1555f641d-d213-a36b-3953-d5b5f45cfb4a,FIL SEUNG,,,
155819763-39a4-54cc-adf1-ff42e52245dd,JEYOUNGGWANG,101호,,제영광 | 제용광
15582876f-f005-3e40-33d0-0328c315fbc6,GWANGYANG,,99,광양
156e81a22-2448-6381-3c20-fdcf0d86cc6d,HA NEUL,2호,,하늘
1588b89c5-5212-f25d-a079-e41357fbc05c,CHEONG HYE,,,청혜
158b7f287-7e73-c654-29c1-610e860308fc,MYEONG JEONG,,,명정
158fa2968-8548-ff41-1b6f-353fd625fc56,NEW STAR,,,
15a1db288-83ca-bddf-625c-d344a2613226,NARA,,7,나라
15c70cd82-2e18-e402-c652-83650b36d73c,HONGWON,,99,홍원
15d7b7898-8f06-c719-37eb-8719a674ef0d,GANG SEONG,,508,강성
15dc71b6e-ef0e-b2f6-97a6-5b5248443463,CHEONG SIN,,,청신
15df31736-6396-8ac0-d170-bd637deba347,YONGSIN,,,용신
15e599172-2127-3262-b0ea-04522ef05fbb,DAE YANG,22호,,대양
15eaa1007-784b-fe9a-7849-7f6546b7b41b,BOKSEONG,,,복성
15edd033a-a0c1-ab1a-b719-568e6baf7928,MIN YANG,,,민양 | 민향
15f68ce5b-b7ba-5763-41ac-4b4ba7b8cacf,MORNING CAMILLA,,,
15fffc9c4-4cfc-20f2-d06c-85ddc3dcf692,AN YANG,101호,,안양 | 안향
160887177-75af-e688-e356-786f46fed3b1,U MYEONG,600호,,우명
16280e913-3b97-6bc2-b337-6cce877d1696,HEUG DWAE JI,,,흑돼지
16481e523-3bda-ea26-1a24-b0410c624db7,GALRILRI,,,갈릴리
1651920ee-ef2d-4f47-618f-bf52c9c0d0b4,MEIJEO,,,메이저
1669798ed-de99-433d-ebe1-d23a41ff92b3,SIN HEUNG,1호,,신흥
166d1de5a-a380-3d47-36b2-7e6b61248cb3,OSUNG,,207,오성 | 오승 | 오숭
1672d6614-4bb6-abd3-fdae-0c38974ea812,GWANG SAN,2호,,광산
168e3625c-c7d1-7fce-ad61-4356b9a90657,IL KWANG,,1,일광
1693b00e3-3ec5-766f-f80f-341841dd1dc9,K EUM SEONG H,,0,
169756d98-888e-c078-2f61-aa629ebc5947,GO RYEO,2호,,고려
16a378cb9-9ee2-6bcf-7e8c-0266eaa92d70,NADRI,,,나들이
16ba6132c-c1f2-819a-27aa-b860bac43230,DAESEUNG,,,대승 | 대세웅
16bd1418e-e5c6-aace-9688-8ec2be311f9d,YI RU,,925,이루
16ce2a443-34f9-8aed-35cb-f62c08e4d1bd,YOUNG JIN,,,영진 | 용진
16eff9799-9e83-2c67-26db-bab4d4c2281b,YONG,888호,,용 | 영
16f8381e3-385c-7db3-09ef-73bc7a55a584,NO. YEONGHWA,,303,영화
16fc12bdb-ba1f-b4c9-0e91-6740b3fb42a0,SIN HEUNG,,,신흥
1706aa2b8-8f26-fe06-8b80-f04d03620dc1,DONGHAE,,,동해
170e94b4f-f9e2-d1f3-c27e-6b18eac208b9,KEYNG KUM,,,경금
17157da09-9bd7-557b-c43c-0c29c228af73,HAESANG,,9,해상
171e2eda6-6cc8-45b7-913e-a44ef86d7ec9,YONGJUN,,,용준
1729da887-7595-a3e0-4b90-40caf3eb54d5,NO. BU CHANG,,107,부창
172f0e46b-bd12-8dc9-5966-6779587048a5,HYE SEUNG,,,혜승 | 혜세웅
173ec87ff-fbda-d16c-14b7-355940b5ea01,YOUNGJIN NO.,,5,영진
176af8750-0645-cc81-06ca-a91a511a94c4,CHEL SEA,,,
177204869-96c6-2cdb-a1ff-2f3c070baacd,JANGWON,1호,,장원
1776984c3-3454-a873-4f14-b32844f70cb1,HAI KWANG,,,
1783687e9-94a2-1714-43df-a9d8378f7cc7,HANA,,,하나
1793c008c-c148-0425-ad1c-ae81eb8000cf,UNHWA,359호,,운화 | 은화
17a213a8f-f07a-ae10-2090-d808f30b06d2,SAM YOUNG,5호,,삼영 | 삼용
17c814a69-955c-2ed4-ee52-59d0468816da,DAEBAKFISHING,,,
17cf5ce6b-bd51-d15c-c697-7eed1f206083,HAENURI,,,해누리
17d0a72fc-c392-a1a4-3018-f02f4fcce22c,HAE JIN,,207,해진
17d0dc1a5-51b4-1cfd-2347-18b1bc645c8a,KEUM KANG,,,금강
17f460cd4-43c3-ecee-b3cc-fd4ee27de3e9,YU SIN,,2022,유신
18128a89e-eadf-5c4c-13a9-bdfccf8ee737,NARSHA,,,나르샤
182b16045-531a-a2a4-0161-ef0e2d9c3e22,EO MIN,,,어민
185bcac10-0b4e-e9ab-9698-9d31ec3f178e,MYEONG JIN,,,명진
185ff3730-0747-7701-7fe3-c70e7763bae2,SEJIN,27호,,세진
186104222-295c-dade-26c9-bc55866d40ec,JANG WONE,,,장원에
1877dca03-37ce-6184-7eff-c0629af83e86,OHYONG,,,오용
1880b58de-e52e-5e99-c476-457882452b5b,DONGBO,,,동보
188c37a97-78af-ee4a-a051-75c26c5bc968,DONGMYEONG,,,동명
1896a488f-fa8c-c929-eb76-912e74d3d701,YOUNG CHANG,,,영창 | 용창
18a474154-49dd-f84e-e986-634e97f46696,CHANG SEONG,,,창성
18a7ddfb1-1140-da9a-574d-27cbef260614,HAENG BOK,,,행복
18b84cb43-3fd4-4f75-9d7f-befff89c7c14,MIN SUNG,,,민성 | 민승 | 민숭
18b901b85-5479-ebac-366f-c0409a0c054f,MINSEONG,,,민성
18c58f825-5396-622e-4c31-6f9ce3801757,MAN GU,,17,만구
18caa6361-112a-0e30-84d7-ed8e02baa04b,HAE HWANG,,221,해황
190786673-3654-8e6e-d2dd-1a2f5d4d65c4,KYEONGSHIN,,2025,경신
190bd3c15-5ab0-229e-7931-a3c60bdd0568,BEOMJIN,,103,범진
190c31fcf-fa88-acdf-faa1-6cb65d17a54e,DOOLY,,,둘리
191a4e528-8dca-c279-fdfa-373cb90ebf46,NODAESUNG,,306,노대성 | 노대승 | 노대숭
191bbdb4a-af5c-c402-79cc-d26475d0559a,HI ONE,,,
194d60dfd-dc31-92c6-96a4-dea66de93bdb,NO ORYONG,,735,오룡
195e2e3ca-afe4-d2c6-e269-ad37c467928c,DAE YOUNG,,,대영 | 대용
1969a74aa-ae3f-790c-ca06-a717844e0533,HWA CHANG,,132,화창
196c10a05-5b56-8b9d-6ef8-006ac8337d2a,WON KWANG,,,원광
196df44e6-6441-3dd3-4b7b-41dfc2ceb6a5,HWAN HUI,,,환희
19729fbcd-d48b-b1bc-6ae8-92c1d932eabd,WONKWANG,2호,,원광
19b32ddef-f8df-ffc0-bcac-ec038b959c0d,HAEKWANG,,,해광
19c8e5035-5e6b-a57e-2453-476116a297ef,TAEPYUNG,,868,태평
19d2e9628-85aa-b0a5-0d0e-90c529bf72ce,JANG SEONG,,,장성
19d74862f-f593-5c70-a201-a9dccf5198d6,DAE YANG,7호,,대양
19dbcc049-9b92-0a3a-2f83-23c58796053d,BAEK HO@,,,백
19e277f2a-a8f0-a44e-429f-01edb878ef29,MI RAE SA,,,미래사 | 미레사
19f08c5c5-561d-50c5-2aab-82877a345b90,JEHEEYONG,123호,,제희용
1a7aae87e-e0b4-546c-8b48-39b25ebd87b7,SUNG HAE,909호,,성해 | 승해 | 숭해
1a8e706dd-d8d5-df61-2eb0-9a8d233ed4ca,ILSEUNG,308호,,일세웅
1a97167e7-7bfd-e4b4-736d-60207df06bf3,HALRI@,,,
1ab5d2244-47f8-18b2-4db1-2a9a69f6fb02,RA PA YEL,,,라파열
1add7cc7c-c359-8c66-0180-6e6da9f6a4e1,KUMTTAENGI,,,금땡이
1b057c6c4-40e9-8265-a437-0b08e0dd7bb8,BOK YOUNG,,,복영 | 복용
1b075b625-5e48-191a-38df-ade82c97b391,SILVEOSTA,,,
1b2651333-3d90-c67f-8a98-29b8cb880951,KWANG SUNG,,,광성 | 광승 | 광숭
1b2b828e0-0865-7693-269d-1ce9699cf642,CHAN SUNG HO@@@@@@BX,,,찬성
1b2bbc790-0713-7be5-1aa0-f6121148db7d,DAX_,,,
1b2e3d280-02ab-f708-c611-97eff268e705,GEUMSEONG,,1,금성
1b43a7130-0c66-77ae-0e4e-142ed5c4b662,E BA DA,,,이바다 | 이바대 | 에바다
1b4d924e8-8a1a-3f91-4676-e13e8841846e,BU GANG,,,부강
1b6f29b4f-f835-07cc-9459-4b2e1300553f,SHIN SEONG,,,신성
1b9201203-3576-dddb-cc2f-44af73791c09,GWANG BOK,3호,,광복
1b96acbd7-79b8-4e39-025c-6f25416808ef,DEOKJIN,608호,,덕진
1bbb14025-5402-d109-29a7-2b74cf25eb1d,ARENA,,,
1bda5e140-08ed-a23e-f040-fb8cdf7591c0,INSUN,,,인선
1bdca4ea1-169c-10a8-ab98-68818662e876,DAESUNG,,,대성 | 대승 | 대숭
1be3bb46a-ab3a-a560-f142-4ed5afc2c89b,NAMJUNG,,101,남중 | 남정
1be7664ca-a4f1-77cc-725d-6ca137e693be,DAE SUNG,,,대성 | 대승 | 대숭
1befd0263-3e01-5167-49cf-f49211f72cd1,DONGYEONG,,117,동영
1c107da43-3946-30db-8b50-44efaad91088,CHUNSIN,,,춘신 | 천신
1c128f15c-cdde-908a-eb41-1b23c3892ffb,NO SAMSUNG,,2,삼성 | 삼승 | 삼숭
1c30cea76-6f9e-88de-86c4-f3e0bede0a80,NICE,,,
1c38d8eb1-1bd2-faff-238f-48c0da5dffe8,CHEON SA,2호,,천사
1c402b95b-b969-b8f5-2507-7167ae502a85,GUM GANG,1호,,금강
1c412bd62-283c-ed7c-1226-e0e6c6caa285,NEW HAERIM,,,
1c4df429b-b788-7f24-0181-57fa86142c00,PUNG JUNG,886호,,풍정 | 풍중
1c5482cc8-8efa-8a8a-640e-1b8359dd4101,NAMYANG,,101,남양
1c8b80a92-2c3e-4131-fc2c-ca1901137b92,GYEONG HAE,,103,경해
1ca7d5873-31b3-26a6-7cbb-1def79c9fe0e,NO. KYUNG YANG,,6,경양 | 경향
1cac75d59-9f61-dbc7-565e-5cb5027f3d24,ONNURI,,,온누리
1cc0a3709-98e1-3b86-73ff-fbb8cbd40e02,GYOUNG MIN,,153,경민
1cc6b0ebb-b033-ca58-32bb-19dd9bb09294,JAEGYEONG,,,재경
1ccdd17cc-ce7d-945b-8386-8ec257043cb8,BUM JU,,,범주
1ccef1302-2ca0-300e-4738-dfa99d7e12ec,BLUEBIRD,,,
1cecad545-5b13-6beb-52d7-53ac4c79a4e3,JEONGSUN,,73,정순 | 정선
1cf01945d-d0ed-9e09-dd3e-f6a7b7f904c2,PRINCESS CRYSTAL,,,
1cf044d66-6432-50dd-c642-0655ce625175,GANGDONG,,,강동
1d0a0fa79-919f-a525-3c16-a09dab4eedb1,POONG EO,,,풍어
1d1e5b667-75e6-2bf8-f2f2-d1e61215b31c,TONG YEONG,11호,,통영
1d238890d-ddd2-8518-f8f3-4b5ec7c18888,P,,62,
1d27cf475-5f19-a0d4-fc52-48761abf6c35,CHUNG@YANG@,,,충양 | 충향 | 청양
1d357e821-19af-611c-5a24-e9805fb1b688,HAESIN,,,해신
1d370185f-f109-9aba-c6c0-35d60996add6,DAESIN,,2024,대신
1d4377eab-b260-78ba-9256-57abd5c330a9,JOYANG,22호,,조양
1d5655aed-dfab-ac39-228e-fa9c3ef6fc3e,CHANG DEOK,,,창덕
1d56b5d78-889e-8494-1cfd-7c783459b77d,JANG MYUNG,,,장명
1d59a0026-6296-3c35-21cd-86198e676583,DAE GWANG,99호,,대광
1d6565b41-1cca-0c56-0916-6687a2cd7b7a,MYEONG CHEON,,311,명천
1d67871f2-2ead-aa1b-6725-57ff217b251f,ANSUNG,2020호,,안성 | 안승 | 안숭
1d67f3297-7d2f-add4-cb6a-d8984a5ddb13,KYEONGSEONG,,,경성
1d6f37cc7-7eea-ab12-3f36-c04f42d0872a,NEW HAN RYEO FISHING,,,
1d83c2177-78a7-cf3d-1030-3167bc2fad0a,JIN MYEONG,,2,진명
1d88b16cf-f359-ae97-e578-3402595faa67,CHEONG HAE,,,청해
1d9713160-0417-154d-052d-50dc52b270fc,O GONG,,,오공
1daba9b0d-d53c-f71c-ced2-59322350efeb,SMOKI,,,
1db1dd326-6ca5-5a59-e364-5882df917841,EO JIN,,107,어진
1db61fbeb-b71e-b6c2-1747-9fc940c3a5d8,CHUN SA,18호,,천사 | 춘사
1dbc6976e-ed33-5c14-cd36-f4ceb9d20e25,ANHEUNG SEONGNAM,,,안흥성남
1dc1505dc-c378-7e38-51b2-e2d8ec8c6720,AHRAFISHING,,,
1dc9fc379-98ce-a548-3268-446908470287,JECHANGWON,2호,,제창원
1dcb1178a-afab-aa0e-b052-8091562ee151,NURI,,,누리
1dd814197-7e38-ad3f-51e6-42bc6fb2f227,HEEMANG,,,희망
1df1600d2-2e8d-eb42-044a-8e47f75e7068,NEW MANJUNG,,,
1dfead3da-a8fd-3123-55f8-9d917bd887f8,KYUNG JIN,,,경진
1dfefa5bf-f617-460b-67ba-98b869ca3d20,SEUNG JIN,2호,,승진 | 세웅진
1e065bbb9-9fde-7011-77be-2de430af19ed,DAE GWANG,3호,,대광
1e2b6dd26-6281-a2c0-128b-b417ba404bf1,SAE CHEON NYEON,,2020,
1e3dcacaa-a9b8-fde0-8622-f11788b4d037,GEUMSU,,,금수
1e4e0bd26-6ab5-256f-2a64-274bb29dd7e3,SEONG JIN,,1,성진
1e56fc380-03aa-3d0e-8768-6b9e028d30c9,TAESEONG,,,태성
1e65b7bc5-5e01-81a3-4e69-a12ff8a55b29,TAEYANG,703호,,태양
1e72824ad-d5ae-e4f5-d291-b10c578edc56,TAEYANG,809호,,태양
1e7a47fa8-8006-a15f-0ac3-a55d7781df72,POONG SEONG,,,풍성
1e80d7684-4066-750e-2ef2-ec72b0cd5683,GUMYEONG,,5,금영 | 구명
1e877a531-1016-502c-043d-f725fafcbfce,JINJUMAN,,,진주만
1e956106a-a2c4-609b-a0ed-7e309fdd8282,DAEDONG,,,대동
1e9a01686-6d2d-613f-166a-d1e782650257,DEOK JIN,17호,,덕진
1eace8f1a-a219-97d0-62d5-3aae66c4d042,CHEONG YONG,,,청용 | 청영
1ec8e00a7-72f0-422a-c6d6-c32c5bbaa0ad,SUJUNG,,,수중 | 수정
1ecdf1b28-80b1-738d-daee-9badb2fbc797,DONG WON,,2021,동원
1ed50ec03-3daa-aa4d-d6bf-3a32d53b1faa,YEJIQUEEN,,,
1ee063ea1-1e88-5b57-9262-5a068477eca0,CHEONG SIN,,,청신
1f24a4067-73c4-f585-8ed8-d5c4a5a5afbc,A@@@DBQ@^@VQ:[??,,,
1f2ba1743-3158-183c-4e41-f84d06c9538e,SU GWANG,,103,수광
1f2cb73fa-afd1-c79d-1663-0489dc7cdbec,OH SYEON,,,
1f4573e2d-dea9-222c-ff68-c6fdf5434758,NEW ART HO@,,,
1f4898a7e-e8a0-6255-2cc1-54f0b045f0b6,GOGOFISHING,,,
1f48e7e8e-ecf6-7590-9a4e-3220a78be6b3,YU LIM,,,유림 | 유임
1f4f5db53-3edb-40ce-015d-d13c982b066d,HAN SOL,,,한솔
1f543633d-dcba-df87-e96c-4647db573400,NO. GEUM HWA,,5,금화
1f55a7fc2-2861-0421-e2ff-f1493ef4218e,DOGUN,,,도군
1f58e20b7-7b4a-f73c-d501-bb0ad127614d,SUNYEONG,,868,선영
1f7135245-5195-3b65-defd-60ffc0152f5a,CHEON GEUM,,,천금
1f75e197a-a061-0deb-7b2c-51bf460aa4b9,DONG GANG,,,동강
1f7e98842-2c12-4f9c-ea3a-7414ac500e34,NICE,,,
1f8a38ff1-1220-babe-9eaf-555fee8413fc,DAON,,15,다온
1f9c4ca51-1ce0-219d-3aa7-d5156c678fd6,SEO GWI,,2,서귀
1fa5cdcec-c581-2674-9872-f76ebf5f883e,YOUNGBOK@,,,영복 | 용복
1fa743c27-7c23-7e22-41d7-3e0e7b59662a,SEONG HWA,,103,성화
1fb32efee-e9f6-0643-0ec8-200b2ea91230,TAEYANG,,,태양
1fc2c2d20-0681-7e76-a705-a86891e718ac,SUNGILHQ,,77,성일
1fd5bc037-7a8c-7469-7c3e-3a53cb50d124,YEO MYOUNG,808호,,여명
1fe6e8c3c-c9e2-10e5-7b92-edf3af239a05,HYUNG SUNG,,202,형성 | 형승 | 형숭
1ff90e29d-df7b-ac52-faba-d8f889aad2bd,YONG BYUNG HO@,,,용병
200f69990-0621-71b0-3ae4-a4ac6073c47e,HWANG KEUM,,,황금
2031cdd7a-a985-cabc-fe6a-10b703e670d5,HIL LING,,,
203979c8b-b59b-cfed-2e70-64fb4f26aa74,HWA CHANG,,37,화창
204a1cd3b-bcd6-2877-e8fe-1a90f9865206,YONG SEON,,303,용선
204f8e58b-b163-df32-e757-82c67d21afb5,GEUM HAE,,201,금해
20717409f-f086-6a73-ebef-b27a5861be38,SUSUNG,2호,,수성 | 수승 | 수숭
20782ccd7-7a45-3418-eea4-fcf737f7c4bb,DAEPO,,,대포
2078d423d-d55b-1b8a-b346-7fbcaaefec33,MAE IL,,101,
209931d6c-c36f-efaf-ace5-6a90d0d4bdc7,WOO RI,,,우리
20ad52690-0bdf-1728-3138-feb4d5494dbc,JIN MANG>;,,,진망
20af382aa-add6-0134-ff5c-d902cf145a7a,STELLA,,,
20afdb910-0581-415b-9174-13329ed22faa,YONG SEUNG,,,용승 | 영승 | 용세웅
20c497d93-3b48-ae06-c102-594865490dc3,UGA A,,,
20d946c89-9fbd-598b-b758-91f36cad954d,SEHOON,,105,세호온
20e389001-18ee-dad0-67b2-cf4cc523cd47,.NAM.CHEONG,,2020,남청
20f4893aa-a721-3f65-69ee-e874e604a6dc,HAN YEON,,,한연
21038d49c-cfbf-2076-26f7-2fd9bd931c6e,HAESIN,206호,,해신
210e1ac98-853a-3f9b-3222-4d4a828894cf,HAENG UN,,,행운 | 행은
2118e00bc-c59e-57df-0ae1-5b2812d23bf4,WOO JE,,,우제
212a8bb46-6f75-ca59-e358-5160ee5bc230,JOON SEONG,,,준성 | 조온성
212db9eb6-6a5b-abb4-6c09-f92375341fa6,KUM SUNG,,,금성 | 금승 | 금숭
2140044c4-4cd9-e525-11b3-caa20c4d8261,TEAMSQUID,,,
2146fae3b-b900-4f97-c5fe-5ed3c4793e3a,PRETTY HANA,,,
21564a911-1309-5bbd-75c2-4a9e12c0dfa2,HAE CHEON MARIN,3호,,
2192d57da-a613-1053-26d2-142ea0155b9b,HAE JEOK SEON,,,해제옥선
21a7f9f04-4abf-1e99-a105-f0222a7f89e1,DEUKSUNG,603호,,득성 | 득승 | 득숭
21bde9f02-22da-fcab-0250-63404db3b067,DONGWON,,,동원
21c86b5e8-816b-3b3c-e419-a8f552e2f98b,MO SEONG-,,,모성
21dff87b1-1c85-2b46-265c-83136ee350c5,SAM MUN,,702,삼문
21e1a298a-a6b4-5d97-2886-667ebcc65169,HYUN JIN,,807,현진
221139c95-507a-4d70-8e59-6ce064390af1,ZE WOOS,,,
22253e7eb-bfeb-7a36-d3ac-5aead173e675,NAM YANG,,203,남양
22273120c-c0e8-f7a5-8e22-97c67c5cb98e,JIN MIN,,,진민
222f28ad2-2bad-c67b-3571-327b1609b24e,GWANG MIN,,,광민
225f1d07e-e13c-9d7d-9bd4-23d9934ddb4f,NOSHINYUNG,,55,노신영 | 노신용
225f68eb7-72ad-09f5-7109-d56198d24a4f,SEO JIN,,302,서진
22624fbd8-8af3-2d5e-7b23-9dd33db54c1d,HEAL LING,,,
22697e151-1eb8-32a1-c656-f0f49eebb5b7,HAE YEONG,,,해영
2277eb672-274e-89d8-345f-4cd58aa8ef19,HAEYANG,,,해양
228b6d0bc-ccdd-76e9-adb2-0e521bc87094,KEUMYOUNG,,31,금영
229ebac1a-a205-e377-fc06-a7822d04a131,YEONG GWANG,,,영광
22b980711-18f7-69d4-8a94-ebd786aa1cf7,NO HWA HO@,,,화
22c74de56-610a-f6b7-45a2-fc4551c822c1,MANGU,,16,만구 | 망우
22d2af404-4d1c-e3f2-6b55-db86f3814d37,RISE,,2,리세
22d4c432a-a3ea-696f-6761-f5c342c21853,SAM JUNG,,,삼정 | 삼중
22fa68025-5e46-f284-b7d6-0b12ccdf8493,GANG JIN,2호,,강진
230a73d12-26c7-5b8e-bae2-a62a3e8e7c2b,YOO DAM,,287,유담
230a76785-5098-9d46-b88a-35bf4a9a01ab,MIN YEONG,,,민영
23103dc80-011c-5367-4c55-ed0ddc1addbe,ROA,,,
231800674-4925-92cd-0e6f-a1dcd1fa4f46,GEUMGWANG,,,금광
2321f61df-fe41-14dc-2de4-6b35fc1a6f52,CHANG MYEONG,3호,,창명
232f1eaa1-1e19-39f2-5287-7a9d8c7d8189,ACE,,,
233b4c174-4406-cfd4-0edd-5f38574a55f8,LOTTO,,,
233c626fd-d26c-f238-f18a-5f43fd0ace1c,NICE,,,
23406bc30-045b-6a57-eb2b-fa11755f00ac,KUMSUNG,,2003,금성 | 금승 | 금숭
2341c82ea-ab37-1099-2381-62681472eeb0,MYUNG SEONG,,,명성
234b8abf8-86a1-9e66-e0b2-16018d155065,DONG BU,,909,동부
234da6e5a-ae6d-03eb-cabf-c68858fdebf1,DAEJANG,,,대장
236f59af2-2948-41fe-f607-818eb10d76fa,POSISON,,,
23b0840bf-fd6e-d59a-bd61-2dea65beaafb,OSEONG,888호,,오성
23bd717e5-51b1-48fa-6b3e-456ac5e9f792,SY TEST,,,
23cbae15d-dbab-d845-ebe6-6b0291d3be86,SINDEOK,,33,신덕
23d53c359-9c7b-1603-88be-18e56637ab90,JO MAN,,,조만
23f9cb0ed-d676-6d67-af7d-a70f69ba1ff8,SU HYEON,23호,,수현
2408f52b3-397f-fb8b-85c9-68df0b2f9cd8,JINYANG,,3,진양
240adfea4-4567-58bb-998e-b1f3c53fbde2,DONGMAIN,,,동마인
240e21c18-822d-853e-e568-3979caa0731e,HAE GANG,1호,,해강
241a5993d-d375-52e2-d73b-b5b68b7858c4,BOSEONG,,2,보성
245d5b926-6270-acbb-9613-f1cd0b922dc1,DAE SEONG,,,대성
246f2bce1-197c-d360-9d0b-a60ec74da764,JEPU LEUM,,106,
2483e9112-2f58-7b70-5f24-5448e4e67498,KISUNG,,,기성
24990d84c-cc0a-7311-fda7-5c9968e3cbfd,SEONG JIN,5호,,성진
24a6557f7-7ef4-ecef-0f23-6a0f8817305f,NO. NAM YOUNG,,2,남영 | 남용
24cd02914-414d-dab1-a747-333aacb67c5d,MALDIVER,,,
24de30a4d-d944-6e08-00bc-063ec3c17ef8,CHEONG GWANG,,301,청광
24e1b747b-b07e-e0e3-eba6-e6e57545a69c,JIN GYEONG,,,진경
24ec9f018-8055-a50b-b1bc-057c33ce1c3a,BO MUL SEON,,,보물선
24f752fa2-2904-dc52-0ea6-47a83ecb7320,CHAEWON,,,채원
2507410fb-ba8e-8c09-7c8b-86c1a450c124,HAEYANG,,,해양
251ce67ce-e160-644e-e64e-f083d8d45d9b,YEONGHWA,,2025,영화
2536921a9-9fb3-9333-200f-074243ae0fef,DAE YEONG,,,대영
253f30d6e-e8c9-5cdb-6c4c-488934abec14,WANNA BE,,,
254133d43-37c2-c8cd-c9b6-ef0bc724d956,KO RYEO,,11,고려
257129fc9-9397-9636-2400-e6a5e3e1e8f6,CHEONG GWANG,,303,청광
257cabf7d-d98f-d430-58c7-07ea889bf8fc,NEWSTAR,,,
257febef0-0580-1b8a-b450-fbcb927e38ae,GOSOO,,,고수
25b5c322d-d66c-25d3-e586-c88ee41bca7d,MAN SEOK,,,만석
25c0f96ef-f7c2-14a7-d55d-eb255dc64313,HAE UN,,,해운 | 해은
25c1b3847-7e4e-fee1-f368-5fef11a6224e,MYOUNG SIN,,,명신
25d09918d-db94-3845-21f0-240034c6a68d,YU SUNG,,,유성 | 유승 | 유숭
25e821801-19c2-bebd-1756-da23748da610,HAESUNGGOLD,,,
25eb515cc-c32f-c93b-d86c-54aea78333f0,AL PA,,,
25f8f2dda-aaa4-9ce4-5c3a-1e865d51083e,SEONG IL,,,성일
261a4df55-5ed5-9ebe-8e85-3695463a0384,BORYUNG,,13,보령
263793580-0ed8-91b5-e263-896d5d2aa105,KI SUNG,,,기성 | 기승 | 기숭
266794804-42d1-789d-1fb9-58222ee393cf,DONG IL,11호,,동일
2668c921c-c49f-5e43-d060-6348384fb6b3,EO SA,,202,어사
266a9acf5-5e19-4d53-e8a7-f1cdf2ed711b,DONG,28호,,동
26857383b-bddc-33e3-a6a0-e9e1bdef4f4b,SEONYANG,,36,선양
269c86565-5df1-2d3c-05e9-43f9ec41235e,HAE SUNG,,,해성 | 해승 | 해숭
26b4dc3b3-3975-3d52-60fe-8b45448c366e,CHEONG SIN,207호,,청신
26d29054b-b447-3c64-b368-df788bb35a32,HAE DONG,,,해동
26e4a1a84-43b3-fb68-9b2f-3e0e7cb7d50d,DONG JIN,,,동진
26e521cd4-4dcb-f095-b534-581d11368e6a,YEONG GANG,,,영강
26ed37d39-98ea-1faa-7235-b04673c19be8,SUJIN,,7,수진
2706b8e5a-aee9-d3a6-20a0-4cfbfd151949,DAEBAK,,,대박
2707f0f5f-f975-f609-5ecc-176b2c3423bb,BIGBOSFISHING,,,
270b92d0a-a67a-be83-1703-84b2c20189cb,SAM YANG,,2,삼양
270bc6abb-bc95-45e2-dcf8-4c1b5676514b,F ONE,,,
273750fcb-b5fa-96b8-925a-64dc38055e53,NEW BETERANG,,,
275a088cf-fbb6-c190-f6b7-1a0dcf0ea249,JE SEONGJIN,101호,,제성진
276badef1-1a0f-9876-1857-b50f953b591f,SUK KWANG,,,석광 | 숙광
2771cf7a1-116a-4a1d-c659-6179b8345a87,HYUN BIN,,,현빈
27849c6ed-da90-fe9b-0aa8-74d1a1e3dc9d,MYEONG GWANG,,,명광
278a18a17-7dfa-0306-8072-268de2d69d63,KYUNGBOOK,,2,경보옥
27a4f6c41-107f-2beb-180c-381c8cab9668,GEUM HAE,,206,금해
27ac8d2f1-1247-423f-4435-beaceb14d946,DAE JIN,,,대진
27b8545b8-88e4-509f-5530-fb9c41456ef9,HAENG BOK,,,행복
27c103cdc-c854-ebce-3f61-9b41dec6385b,MYEONG SIN,3호,,명신
27cb43a97-753b-b69e-515c-0e92b2afe67b,DONG SEUNG,,,동승 | 동세웅
27d4a9f78-8995-16ea-ad87-d1897e85c0e4,MYEONG SEONG,,,명성
27e097efe-ed43-d38e-c83f-ec13428e6e9c,YEONAN,,2007,연안
27e5ef510-09b5-684c-8d61-2bced849bd9b,JEONG BOK,,7,정복
27fde08ac-c172-4bfb-9853-e12177cb4c05,DAE JOON,,,대준 | 대조온
281aed7d5-5b71-f874-d251-37e76bb1833c,DONGHA,708호,,동하
282683933-3e48-2b02-c32c-d4016c78e0c1,SEON HWA,,,선화
282de7072-2c7c-872d-e783-d72c1bbf2748,DONGHA,306호,,동하
28365430c-cf96-d139-6a94-2e3f70a3ed17,NO. YEONGHWA,,302,영화
2847c06e2-2e7f-23e0-cfb8-8426342e1c4a,DONGHAE SEASTAR,,,
2853379f2-2367-b5fd-738a-230bc1a5e1ef,CHA DU LI,,,차두리
285e155cd-dd77-60ed-23a7-acd0eb318e91,KINGMARINE,,,
286c4fe0b-bd2e-f002-4bca-7b8bf6fd5898,GO RYEONG,,,고령 | 고영
288824975-5622-06a8-1df1-6ccaf3fe0b08,CHAN SUNG,,,찬성 | 찬승 | 찬숭
289553000-0745-ee39-d394-4dd029711586,GEUMYANG,,306,금양
2895f1205-57ec-f9d7-9730-7889a667cbed,HAW CHANG,,87,화창
28a13ee8e-e81e-29cd-1a05-6dcd66b31dbf,YONG DEUK,,701,용득 | 영득
28ae74b41-1149-4a80-7573-5929ab83e0ce,HAE PYEONG,,,해평
28cd83df8-84d2-f001-190d-9b05dbd6e98b,DAE BOK,,,대복
28cfd4ba2-2ca8-90a6-bb3c-7ad4669fcbe0,DAE JIN HO@@B@@B,,,
2901901d6-69c0-4afa-c995-169536c86f32,YEUN DEUNG,,,예운등 | 예은등
2903eb723-3727-21ee-4b4b-9648396c6de9,SUYONG,,,수용
2927b022c-c494-70b9-140b-1744124b012a,JOO AN,,,주안
292c879fa-abc8-3ac4-d72d-c4ff0b7b4d55,HWANG GUEM,,,황금
2944149cd-d5ca-de7f-ed0a-58901622ee2f,WOOYANG,,105,우양
2958de2a1-1ff5-97ac-f3db-a5fb78593a9b,DONG SIN,,,동신
295c49bed-d103-0aae-520b-57768e8eedaf,SIN KWANG,102호,,신광
295c6cb62-2a73-da91-4010-0f99338d13e1,KANG SEONG,,503,강성
295d3cf50-0cfb-5674-6816-2617547f0583,BEOMJIN,,109,범진
295d5472e-e5dd-14f6-27bd-d22188a1586f,MUJIN,,,무진
2962f9427-727d-a171-5a16-98da1be4728d,HONG MYEONG,,2023,홍명
2971c1c4a-aecb-edd5-dcbf-9ba7b3168612,AN SEONG,,,안성
297322bb6-6fc2-a880-e4d3-e0689f41aa15,MYOUNG CHEON,,,명천
2985467ec-cf6c-8d97-b0cb-cbbb74edf634,BI CHI,,,비치
298fd7813-348b-6378-b68d-d2fbba966811,DONG BAEK,,,동백
29926cde2-2375-fa86-a230-592e4e9a1277,DAEYANG,,5,대양
2996ef2c1-1b36-d258-6432-497f2b8b3227,HAW YOUNG,307호,,화영 | 화용
29987fdbf-f0f0-d43b-9304-203f0587c916,BUKYEUNG,,,북예웅
29ba1f8af-f0d7-905b-592d-5b26b8c6c1b3,EUN JIN,,2018,은진
29cc2f3f2-2f99-48f4-4c81-40d0da20ddcf,SEONGBOK,,,성복
29d94ca5e-e161-50d1-dfe6-9aeacce73f22,SEUNG JIN,608호,,승진 | 세웅진
29dab41d7-77e7-3ec8-d785-cd8d80333a67,VINUS,,,
29db46785-54b0-a34c-6190-a992e9542685,CHEONG HAE,,101,청해
29e2830cb-b107-0500-bf83-0d2ddf76a827,TAE GANG,,,태강
2a0ae04ca-ada6-edfe-6463-048c5ae946c7,MARIN STAR,,,
2a0d418bb-b54b-3f3e-7998-6e2d4f3c27c9,NO. KEUM SUNG,,89,금성 | 금승 | 금숭
2a25eb90a-a002-6739-ee47-56248203ab59,SG,,58,
2a2d1a1a3-37b2-ee00-bcfd-be855c3a2b21,BONG MYEONG,,,봉명
2a2df8c86-638a-b0eb-1a07-ded8bd7d2941,SUNG DUK,,,성덕 | 승덕 | 숭덕
2a3c24669-9edf-1a75-29e0-60f08c76730f,MU JIN,,,무진
2a4459b9a-ab94-5614-f7fb-568ed3265826,GYUNG SAN,,17,경산
2a479a645-5a90-a3b5-c97f-c0794104e128,JANGSUN,,,장선
2a57381ac-cffe-108f-6c1e-15185b25cec6,TAEYANG,,,태양
2a65d489f-f301-a8ba-53e1-7aa690857997,DAEUN,,,대운 | 대은 | 다은
2a7c1cf35-56da-27e1-1b29-93f804014d2c,YOO JIN,,207,유진
2a7f71a68-84ea-8383-d656-e34eccde683c,NAM KWANG FISHING,,,
2a883a92a-ab17-3dfe-db45-a34025bc18a2,YUNA,,,윤아 | 유나
2a9078b64-448b-8fd2-1f74-ec8c7a38a1ca,HAISUNG,,2,해성 | 하이성 | 하이승
2abd5bc9a-a2f3-edaa-8fc6-1f22bc3ef38a,S-,,66,
2ace2d717-7605-9cc8-f04f-9c6806825a88,TAE YOUNG,,,태영 | 태용
2ad57e12a-afe9-455f-c968-40f12a2144d6,PETER,,,
2add7accd-d1f8-6963-3b77-563095abcc6b,SOO UN,,,수운 | 수은
2ae238d5c-caf7-fab7-5be2-7f57c3804fd0,BLACKHOLE@,,,
2ae5303f6-6e3d-2871-7fe9-71864b34ac16,CHANG BOK @,,,창복
2ae792c80-0c0d-5202-0e26-9adb04bfbb93,EUNJI FISHING,,,
2af6f0002-2ae9-93e0-ff6f-3b6e0179d1e5,MAN KYUNG,,,만경
2b125ed16-6bac-7189-048b-70b3e99c058c,MYUNGYOON,,,명윤
2b23ef225-5af4-6572-d5f5-18561a19c370,HAN CHANG,,,한창
2b258c3df-f900-2b86-e353-c9fe2e05ca78,HAE SEONG,,,해성
2b30da496-6297-c274-6036-2419cd242796,CHANGJIN,,,창진
2b3633837-7cb9-ea15-70e2-3d27c8d008b8,SOON YANG,,,순양 | 순향 | 소온양
2b41a012b-bbd0-de7a-9161-95012fe96abf,HAE YEONG,,309,해영
2b4b62a0a-a543-9dd4-9d4b-96d275feacbc,SU YANG,,,수양 | 수향
2b5128fe4-4459-122f-9c54-11cf6ec59ce1,SEOJIN,,2016,서진
2b6116a29-9ca4-493e-21db-9907f42e8975,HAE RYOUNG,,,해료웅
2b64195ae-e11f-bca7-b7d2-690db05231e9,MONSTER,,,
2b77a9d67-7389-5d92-7ff2-d832686b394d,GWANGYANG,,5,광양
2b7a9f4b2-22e5-c314-22c2-74d1c33b91ef,MANSUNGHO@,,7,만성 | 만승 | 만숭
2b81b6e19-92a4-75af-8bd4-e60b6625ccf0,TAE JIN SOO SAN HO@,,,태진수산
2b8d10aff-fdfa-9610-15f3-a18c35a8425b,YURIM,,,유림 | 유임
2ba2823c0-08f9-0739-255e-558cca68c733,DONG BAEK,,,동백
2ba591a1a-a7d1-f386-87a4-6d23ea0d6dce,YEONSOO,5호,,연수
2bbd313f8-8a50-5a37-c636-edd8d72d432a,SUNG JIN,,,성진 | 승진 | 숭진
2bbf61d27-7aff-2e51-ee0c-2fc6d76f8ae0,DONG WON,,,동원
2bc279915-5f50-e7cc-6b6f-34b54dd3ae46,STELLA,,,
2bd0d817f-f37c-78a6-c4ea-1e8c39b60b87,NEW GEUMSEONG,,,
2bd4b92a0-0cde-780c-1655-778b22f89b80,DAE YEON,,,대연
2bd57d16d-d838-87d8-5828-c09c8f3df5fa,JOYANG,11호,,조양
2be2c6e38-8778-47e5-cf5a-607f1ec57b2b,DAE JIN,,115,대진
2bf3491fb-ba14-1b05-9a8f-723222bd7511,BOKYEON,,,복연
2bff6208d-dd8f-5c6f-10e1-09fe2e984b2d,MI JO,,,미조
2c0a37ef7-7727-b772-445c-985ab2e4c961,NO. IM SU,,97,임수
2c17bd251-13ca-12fc-ffcf-45f610b1859c,ORYONG NO,,722,오룡
2c2083aa7-7448-83b7-0e2e-17853439a3a4,DAE SIN,,2023,대신
2c3911b6d-db50-114d-3475-287335f5b722,MANSEONG,333호,,만성
2c3a7cae6-67dd-ed26-56a1-31152be7ac4f,SEUNG YEON,,,승연 | 세웅연
2c431d7c6-6112-b589-de43-35e04c21643b,CHANGNAM,,201,창남
2c4c1c2be-e08d-f102-dccf-d7b62c01b863,SUN STAR,,,
2c5b11367-7091-d1ec-1772-17c1ca6c784e,TAE KYUNG,,7,태경
2c6674b10-07b6-c35d-d492-c74e845845e4,ZHEDAIYU,,88888,
2c6cd1f8b-bcde-24be-c5ec-b7ab4eee4931,KCG,,3019,
2c7545d5c-cd07-0e45-baca-9fdb9eee0158,SANGDEOK,,,상덕
2c7a8f66b-b7c5-880f-b95a-1b33d796ab29,HANSEONG,100호,,한성
2c8116cc4-4647-49ec-f15b-69175ad52e1c,BURN_CHANG,,,
2c83b7c6c-c12b-3530-5dec-fb4447d3807c,NO. HEUNGYANG,,207,흥양
2cbec2421-13dd-e999-d708-3aab53e2b2ff,TONG YEONG,,11,통영
2ccd1c63c-c708-ee93-0ca6-0ba7f4d5e535,HYUN SUNG,,,현성 | 현승 | 현숭
2cd0d664a-aaef-7422-f2fb-8a249759dc76,JEONG WON,2022호,,정원
2cf1d4a82-2397-5f80-2441-46318cc02290,NAMBUK,,,남북
2cfcff654-4d85-0b0a-336a-05855b4ce66d,SE WON,,,세원
2d062ea65-59e1-fe6b-7a24-c2f62dbbd252,SEO GWANG,201호,,서광
2d093dffa-ae2d-f00c-256b-f1a8e7b1156b,YEO GEUM,,,여금
2d0f2dd07-7df6-223c-7391-3500fd284bd0,YEON CHUL HO@,,,연철
2d167c0a9-9f05-c44e-cf87-556f5bd11072,JAE YEONG,,,재영
2d58d1e8b-bc10-7428-dd00-3ddcee73f6b4,HEE MANG,,,희망
2d5e2d322-2b36-763c-39f6-92e85d4551f3,JIMIN,,101,지민
2d679e53b-b07d-e818-db37-6c9198e363d2,KEUMSUNG(),,603,금성 | 금승 | 금숭
2d6f29fb4-4789-addb-2717-af251ad5728e,DONG MYENG,,,동명
2d7c58c52-2914-0b7d-b0d8-9efa3bdce8e3,HAE DO,306호,,해도
2d87f745e-ed82-8345-ec52-6b5e7404d625,DAE YANG,,115,대양
2d8a0161a-a6ac-9e19-8850-bedfc7e08be4,IL O SAM,,,일오삼
2d8aa9eea-a621-f252-97fd-2f03cbd8dd53,CHEONG SIN,3호,,청신
2d9a4e84f-fdb8-8dc1-5d77-d01f52f815a5,DAMI,,,담이 | 다미
2db13553f-f224-b19a-6094-41479e554f70,GWANGMYEONG,,,광명
2dd2359d3-3867-70c7-0d80-d29ba35bbf23,BROTHER,,,
2ddebd55f-f197-8134-1c76-650f204bd3b0,SUNGDEOK,,2020,성덕 | 승덕 | 숭덕
2df0e6800-0eef-3ed1-a19e-d3c6fe384683,HAEKWANG,,,해광
2df85355b-bf9c-a65a-e7e5-6e0dda362715,SUN CRUISE,,,
2dfba95f3-3c7b-3c15-1aa8-ecfa42ee22ce,ABOK,,,아복
2e0e408bc-c226-ce68-3f3e-59b55bf54ac2,DEOK MYUNG- HO ..,,,덕명
2e3b7757b-b943-f54c-3ef9-a6e5c408a88f,GAPNYEONG,,,
2e3f6e18c-c44b-d997-0a00-d7315aa123ea,SU NA,2호,,수나
2e45f27b0-0bfd-2903-3073-9e7d7ca1a0cb,NUM BER ONE,1호,,
2e5036e53-390e-08a0-1eae-8cffcedd37b4,BOO CHANG,,307,부창 | 보창
2e71c989b-b99a-ee26-7b5c-8b59296bfd26,HAE IN,,,해인
2e75fc56f-fcff-e94f-ae7e-32bd2597e51c,FERRARI,,,
2e761c8b2-29aa-14dc-7f6a-b3229443dd2a,U JUN,,,우준
2e865bed6-658d-d0bf-893f-c78eac704c51,WOO JIN,,108,우진
2e9238aea-a2db-da8e-fc87-c0ed8bb4e186,IRON,,,
2ea1180a3-3d85-3bbe-cc9f-5abf6609146a,GA ON,,,가온
2eb0000f0-0f74-23ff-5803-9315ff90efca,YEONG SU,,,영수
2eb221739-9ea1-76ab-b2cb-33e04af8ff33,GYU HEON,,,규헌
2eb43fb43-376d-55e0-01d2-70a6356b56fb,CAESTING FISHING,,,
2eb7d61bb-b3e8-a82c-e325-88ad7b6e7c58,CHIN GU YA GA JA,,,친구야가자 | 진구야가자
2eb9c86d4-4047-d812-4f0e-00c70be37fdc,SEO JOO HO@,,,서주
2ebd2e61e-e6c2-95a3-251e-31bc5e394852,DEOK YANG,3호,,덕양 | 덕향
2ed211877-71ca-14c4-0e1b-1ceb30169b5b,K SEVEN,,,
2eff5e5d6-61c2-f06c-62c5-b17ea8e2f873,JANGDEOG,,,장덕
2f07f0bef-f077-07a6-f974-865825594a8d,DAERYEONG,,77,대령
2f26badcd-d984-1689-eaf6-7ec3349ab223,HAENG BOK,,,행복
2f3109e34-4b4e-683a-e1f5-22e2f461175c,TAE DA,,,태다 | 태대
2f32587f0-09d7-ebdd-db86-232eea3b4fc4,CHANG NAM,5호,,창남
2f3e741c4-4267-804b-32f5-6afba6adb70e,SHARKBLUE,,,
2f4314c82-2ddf-3c46-15f0-b5ec44003f2d,YOUNG SIN,,,영신 | 용신
2f4750512-20cd-50d3-3ff5-6dc9c366cf82,SEONG MAN,,,성만
2f5ae6dd1-11e8-a506-02a8-a1fb0ca54ee1,HAE YANG,,,해양
2f68a5122-22fd-58b3-1b26-c6a8d4a8311c,KKACHIRI,,,
2f7abf899-94e9-a944-dc20-8aa4a01ccd87,BIG POWER BANK,,,
2f7ae3fd9-94e8-20c2-c397-e9bb3347c739,MYOUNGKWANG,,,명광
2f87ea670-02e7-872d-27f8-8b0677644b62,NEWSAEBADA,,,
2f88afbd0-0a26-4901-0901-e213510ae412,HYUNJUN@@@@@@@@@@@AQ,,,
2f8fbc696-6494-543f-9496-194da7c79799,YEONG CHEON,777호,,영천
2fee4a6cc-c33d-52d2-519c-a7b3ccfa4c78,MYUNGSUNG,2호,,명성 | 명승 | 명숭
3005b751e-eb59-fde7-6be5-30db8f8feb4a,PYENGAN,,,
3035478c1-1fb1-9de1-619e-7803cebb5973,YUROPA HO@,,,유로파
303faa66f-f1ad-ca59-2d37-94a96ce57773,CHEONG IL,,,청일
30407da33-340c-2186-a32b-f684f560c22a,NICE,,,
30424cc77-7014-028d-e2f5-553ee06cac96,JE MI LAE,7호,,
304819f03-34a5-3dc4-298c-33b02e9b2e61,MAN SEONG,2호,,만성
304d7a230-0486-f50f-1625-32f7a7c37174,TAE JIN,,,태진
307978c98-8d62-781a-79a0-35a367c040cc,BOKSUNG,,,복성 | 복승 | 복숭
307c1c551-1c51-ca0a-a413-b8474dac4d1a,DONGSUNG,,,동성 | 동승 | 동숭
3089f006d-dc87-146f-555a-8f2696e15cd9,SINSUNG,,,신성 | 신승 | 신숭
309e4d205-5109-dbe5-4216-b6cc24237eff,CRAWOON HO@,,,
30b0a0e7f-f69d-73ff-8e92-7a2bdfa97153,ANGEL,,,
30d51f379-90c7-498d-b0dc-27076bfd74dc,WONYANG,,2013,원양
30dadaaef-fd47-e3a4-0792-09b3d350c32e,HA YUNG,,,하영 | 하용
30dda46ed-d91e-022f-6b32-94a290af42da,DAE JIN,,203,대진
30eab6144-48f8-1aa2-6e99-6b25fe791086,GUEMDONG,,,금동
30ee886a7-78e7-ff46-3ed5-c8f03f8b0505,DONG WON,,,동원
30f7c99af-fab6-08eb-ab62-ec4e0cd46cf2,HYEONJIN,99호,,현진
3111cfcd5-57dd-46ff-c425-fb6748bc66cd,CHEONG HAE,,12,청해
3114c2413-3075-d1d3-42ea-99913aee4f34,MANSU FISHING,,,
312c4ca67-73c0-5b40-c23f-d587a54eba0c,TAE SEONG,,22,태성
3136f8556-6eea-de81-14cd-816a5b2266ad,TAE JIN,,,태진
313e5da57-7eaf-bc40-b094-0d01aab614a2,HAESONG,,,해송 | 해성
31505f48e-e296-072a-21bb-1fc1f4cddd34,HANA,,,하나
316042688-8721-d2f3-01c4-45094df05283,DONG A,,,동아
3179371b7-7103-c75d-dadf-8433997e2df3,BU SEONG,,7,부성
31b26995f-f93e-469a-6f91-288cc5a6f04b,SUN IL,,,선일 | 순일
31d52deb5-5ac0-348f-d324-7eec9c3cc6e4,SIN SUN,1호,,신선 | 신순
31ee190f6-68f1-971c-823b-3d20ca4f35b8,DAE BU,,,대부
321c1efa7-7e35-0b15-537e-20e225b0846a,BOO YOUNG,,1,부영 | 부용 | 보영
32223acb0-0767-9ac2-713e-7723bd39f94b,TAMLA,,126,
323370778-879c-b8a8-4711-f00460861de2,NEOMBEOWON,,,
3233ba492-208b-5fdc-c941-36c6b8770177,SEONG MIN,,,성민
32340803a-ada8-f0ed-9e0b-20b5e4361dfd,PRO,,,
323963f58-81b4-368c-e702-fab487fdb43d,GANGHEON,,,강헌
323bef0b8-851e-85e3-dc0d-ac6fc913cdc4,SUNG YOUNG,216호,,성영 | 성용 | 승영
32452c4ed-d593-e965-03af-6107799676dc,JANGYEONG,306호,,장영
32461478f-fbf1-fa34-08cc-ad44d2d29eef,HAE SUNG FISHING,,,
3256bdc21-1657-bc8d-c5af-df8201db7214,BLUE,,,
32599ba98-8c5a-bf40-1ae7-4c6be3c40b9f,CAPTIN HAF,,,
32643e158-8970-d6ce-dce3-6031790dd42c,VICTORY,,,
326c1924f-ffe8-8397-8c79-389014072c19,JIN YOUNG,303호,,진영 | 진용
329cad1ee-e259-ebe5-7b9e-f1f36afcf195,HAHAHO,,,하하
32b54dfd0-0378-54b6-c202-b1d806a9c5e4,GAE SEON,,,
32d3360e3-31f9-6976-2cb6-210a0d772d05,GEO SEONG,,1,거성
32d9963f2-22bc-e18d-1d49-ac53ba7775df,UJEONG,,,우정
32e4aa91d-d8bc-ec35-832c-f65d88a57f61,HANJIN,,,한진
32e745345-5c1b-0e90-b1a3-b18aa37e199d,MYUNG GUANG,,,명구앙
32f304214-4ef8-823d-9cd2-297c4649f2e2,JIN YANG,,,진양
32fec3d4b-b9bb-b0c7-61ff-23b3bf8c5cf7,DONG JOO,,103,동주
33017154a-a6de-5e4d-a639-03d5fc21fbde,JIN MANG>;,,,진망
3304418a6-63d4-d4fb-359e-5df18ee02b62,NEW - JI NI FISHING,,,
332647496-60bf-80ee-f68f-cb452402ac83,TAE YA,,202,태야
332a940c5-5965-1acb-189a-af9571b015b9,NAM YANG,888호,,남양
332af33fd-d9c5-e0a6-92ed-1dc93cadfdb7,DEOK YANG,209호,,덕양 | 덕향
332b7f0dd-d656-e66c-f9da-74c3f33fd1dd,MYOUNGKWANG,202호,,명광
33420273e-e87c-7ec2-56f7-01274f9df420,TAE YANG HO@,,,태양
336690338-8943-14f0-c8fb-238d6e8d7cdd,DO CHEONG,,,도청
336e68107-7e9f-ca3e-a4f4-b96e78187f67,NEW DAE MOOL HO@,,,
33902dc74-46c2-82c4-3f95-4e03fa3b2765,HAN SEUNG,,,한승 | 한세웅
33a0da4b0-0332-78c9-cea7-935fb141d8c3,EO JIN,,1,어진
33a9c7537-7626-83c1-8213-36de3762e294,BU CHANG,107호,,부창
33a9d82ec-ca16-dd90-09ec-4e5fbd547a35,YUJEONG,,,유정
33d15c202-2061-f3e0-2504-ab7e8034f837,YOUNGNAM,217호,,영남 | 용남
33e459b48-8607-7892-4ad3-f66cacf129dc,TAE YEON HO@,,,태연
33e604a77-716b-4969-4489-b76fd0dfae46,SOO YOUNG,,,수영 | 수용
33f1e137f-fbc0-0c39-88f7-16e3d2a6d410,POWER,1500호,,
33f58e020-0c76-9150-3b2c-1ce4da49cb3f,DAERYUK,,2009,
34230c65f-fbe3-9b12-d75a-5a6a6b9ecec6,BORYUNG,,17,보령
343f4c8fb-ba73-9964-db6b-68cdd4a6ca3a,DONG SEONG,,601,동성
3447ce603-376b-57bb-61d7-44a20a9f8928,NO. HAESUNG,,988,해성 | 해승 | 해숭
344cd61de-e1fa-16fd-9a11-d3a4e20898ee,SE GIL,,28,세길
3451c0e18-84e2-8619-4ce6-07eb23b3bdf9,SIN CHANG,,,신창
34578c521-101b-d7ae-bf47-de4764b94d9d,JU YEONG,,,주영
346074f77-7cb1-a7fd-be95-a394e13a80ee,DONG A,,,동아
346a7a96d-d825-3e17-ed82-acb222e5d187,DEOG HAE,801호,,덕해
347101379-9a46-6aa2-9791-23f90fcc8d11,JIN KYUNG,,,진경
347dfc006-617c-3137-3461-18c94c620e74,PUNG UN,,,풍운 | 풍은
3480c5788-83e5-83c1-11a9-176e4a3fcaf5,NEW YEONPYEONG,,,
348b58818-8950-58f6-af37-2cedcbd8c616,EUNSUNG,,501,은성 | 은승 | 은숭
349bb8d25-50b4-73de-f2e4-c20532620595,DAE WON,,,대원
349d5ecc4-4fb5-9531-a13e-ea5bea8f492a,JEONG SUN,,81,정선 | 정순
34a9ff103-3b6e-889a-5bc9-d55b08c7a276,DAE MYUNG,,,대명
34b3fa97d-d833-758f-7576-672dddec0e04,KING MONSTER,,,
34b77c8bb-b9fd-0e3f-80eb-10f946ffdaa6,SUNG KWANG,,,성광 | 승광 | 숭광
34c616851-1197-eaca-8a9a-7a0fc65ad0ea,SEONG GIL,22호,,성길
34d4ee4eb-bc34-c6d6-c001-7a95feddf0a4,GYUNG NAM,,101,경남
34e03fdad-dbcb-8c7b-fe3c-14af2f7b71e5,HAESUNG,,2025,해성 | 해승 | 해숭
34e87782e-e696-0062-5d20-23d588047dca,TAEDONG,,,태동
34ef8d735-580a-1c6b-5d7d-e22bf0d7aa9c,HAE SIN,,,해신
350852403-3ae9-33f3-0a1f-f060b9771ade,NEW GANG SEONG,,,
35153faa3-3057-fe6d-febe-593e0eb1b3e3,TAE SEONG,,,태성
3516fcf11-1e97-5829-0781-da3ca1c6fc50,N. GILYOUNG,,0109,
351c09e6f-ffd7-5f51-8bd2-a5d24304d693,HWA SEONG,,5,화성
352a4e1fd-d2d6-aa37-e8a4-5cc1d22eadc8,JI MIN,,,지민
3530310c7-7316-84b7-be39-760d5a6ee57b,HAE SANG,,8,해상
3530477b4-457f-9617-b5f9-8fe25e084941,SEYOUNG,,,세영 | 세용
3535780d6-60bd-0595-1494-39325def07fb,SIGNATURE,,,
357e21188-8e58-a185-f480-804eaf3bbb8a,WON KWANG,601호,,원광
3589a40d7-77ba-4ffd-a3d5-b0302773167d,NAM KYOUNG,,,남경
35bbf71de-e0fb-b101-b237-884ab4242bba,JEONG SUN,,57,정선 | 정순
35c04ec72-2f2e-b234-4e6c-51d3dce37b09,HEUNGSEONG,,,흥성
35cfeb05d-d415-9e4e-437f-244c4537b858,YONG CHEON,,,용천 | 영천
35def2d2e-e390-be90-6a54-e3791ca85a72,IL KWANG,607호,,일광
35ed0e4b7-708b-e020-7590-fbfdf358243b,NO.WANGSUNG,,2013,왕성 | 왕승 | 왕숭
36056d8d6-6b24-a51a-5f71-36054f3955b2,BELIGOOT,,,
360d40282-2dc4-3b5f-428e-ca891c293418,CHANG BAIK,,2019,창백
361fa8e4e-e448-c9fc-dfed-f853f961712c,DUCK ONE,,88,
362ea6b4e-e2ec-b5f9-d231-d4a9e3f71699,TAE GWANG,,,태광
3641dea92-21ba-8227-8307-4a32cfc8cb75,HAENGUN,,,행운 | 행은
36448cf12-29a0-7454-9c31-e7f0391c3499,IL KWANG,,,일광
3649c7a5d-dceb-8a04-f4bc-11c3d8482add,SEONG HWA,2호,,성화
364fc7ea9-991d-e9d7-e2ac-0ecf963276d3,GEO SEONG,,,거성
36603721d-d117-0b87-57bc-dad5f563226c,SIN JEONG,,,신정
367e44b76-61e8-edcb-2d31-9e5f99982d61,BONG SUNG,,,봉성 | 봉승 | 봉숭
3697f1a82-2dff-799a-1407-c38512e90ccf,SAENG DO,,,생도
36982012b-b529-e46f-47b4-50c7deec4246,KCG,,3020,
369dc5924-4b20-881b-aa88-3c689bcf2551,SU SAN,,2,수산
36a7a37b1-1b3a-3cbe-c8d4-9bc9010ee02b,YOU SIN,,,유신
36b60f650-0978-8bce-a648-9811988c337a,EOSA,,205,어사
36bf1a25a-a10a-cf7d-a3a9-3198e2bda384,NEWDAESEONG,,,
36bf5e229-998c-15fc-4a73-c28cf85ab82f,GAM CHAN,305호,,감찬
36c193973-3038-2dd1-81c7-e1f857b05c46,F TWO,,,
36da07875-5d2a-cce6-db3f-a0e6ccd171b4,WANG SEONG,,,왕성
36ed8bbdd-d5f2-fbc0-3334-7398f86417ca,EUN A,,,은아 | 은에이
36f29d1c6-6efc-52ec-037d-6cf582ddcac0,MANDEK,17호,,
36f624594-4fc3-c83c-5c66-f7a0cc7d4dd0,DREAM,,,
37017f2f6-62c5-eba3-b35c-4af306f1632b,YU JIN,606호,,유진
3704781f5-54bd-00ed-547b-fe6e822a3d41,DEOK JIN,57호,,덕진
372fb9d38-878d-d62a-9656-e7b56e121f8d,SU SEONG,,,수성
373a63b27-720a-652d-b2bb-684b41e9687d,SEUNG HYUN,,,승현 | 세웅현
373dce442-27af-31fd-5735-52553d23594c,KUM SUNG,,,금성 | 금승 | 금숭
375832a6c-ca73-4b1b-350c-265f231c4ba9,GYEONG SEONG,,,경성
37720d4e8-8cde-aba4-4086-3e25d6503fab,WOORIBADA,,,우리바다
377fb39ca-ae6d-1875-bde8-89c2bff9162d,SUNGBOK,,,성복 | 승복 | 숭복
378a3d358-8c73-000a-a534-2ccb72729d3c,PYEONG AN,,,평안
37a8415f8-8e43-fab0-f855-2cc491d34bbc,IM SU,,77,임수
37bce4994-4e2e-d3c9-1629-8843788e567b,YOUNG IL,,,영일 | 용일
37c3ef6b0-0547-158d-f114-6ae38ba33ac2,SMART,,,
381135990-016d-31f4-6164-aa0ed6aea275,NAM YANG,,205,남양
38192e010-079c-6dff-eebc-3457b9684632,BU SEONG,,,부성
3819ab751-1b18-6e72-3924-006e5171a464,JIN SEONG,,,진성
381cfdddc-c87e-ffe7-452a-67643a4beb3f,BO SEONG,,,보성
3826bfffa-a703-fe50-4aa6-da3fe7111862,JINBADA,,,진바다
3833333df-f21c-5876-ddf1-fb29b3055fad,MIJIN,3호,,미진
3856e62b2-2e29-f294-02ee-3b3fa12a3473,YU SIN,2019호,,유신
3859a506e-e053-aa73-83e5-18a7899fdfee,GIL SEONG,,,길성
386be122a-a1de-8675-5292-8a59dcff3911,JUNG IL,138호,,정일 | 중일
386e4f44e-e105-d948-e395-378637ef35f6,GANG NAM,3호,,강남
386e7c739-93b9-0cee-edaf-5e72e3c2ce8c,YUSEONG,,,유성
387fb657b-b868-2abf-bc60-2c28917cce82,HAN IL,667호,,한일
3881fa69e-e466-2655-f64a-a2e36bd7b2b1,DAHAEWOON,,,다해운
38857838f-f232-ba57-450e-85ac786fbdd3,SONGDO,,,송도 | 성도
38925b47a-a7bb-aa9a-b67d-e5879eca04d5,K ONE TOUR,,,
3894b8b2b-bfb0-0d7a-c635-b91b05a913de,SAE RAM,,,
38a9711a4-4500-344e-a539-fed1f00d50d8,JIN YOUNG,,,진영 | 진용
38b1d9ac9-9324-aa31-a587-9d834d952e71,BOGWANG,,,복왕 | 보광
38cb31ef2-2ed2-72a4-ab62-968d4fd2142c,()GEUM SEONG,,3,금성
38d265027-72ab-593a-0e72-280805634389,DAE YANG,208호,,대양
38d631b7e-e1dc-c765-7041-74b61d92d6e5,GAB SEONG,81호,,갑성
38e33ba7f-f5d7-fd23-aae7-01475bba155c,HAISUNG,,,해성 | 하이성 | 하이승
38fbc1b11-1583-39a3-52ee-92d25693325a,MAN SEONG,600호,,만성
38fd41731-13a6-f804-c31d-9b5fa1ae38cd,SOO YONG,,,수용 | 수영
39075e6a0-0d6d-c8e6-2a83-0b8acb952b65,JE MYEONGJEONG,,103,제명정
391baf870-026b-61bf-a658-e61aff020efb,HESUNG,,,해성 | 해승 | 해숭
391e6482a-a32c-9a0a-7f15-530ffba9b6ff,ANHEUNGDAESEONG,,,안흥대성
3923abb4e-eccc-930b-f112-752369c0d5cb,SEON JIN,,107,선진
39263f20f-f303-7736-63e7-95c27ee06e1a,TAE GWANG,,,태광
392df9934-40b1-2e6d-d604-98314b52b0c8,IN KWANG,,,인광
3937ae420-0d82-5ebb-5be0-fbf23ff65da6,SU SEONG,,,수성
3944eb4da-af6d-8b9f-1c3b-4e0aa1e2f315,GEUM HWA,7호,,금화
3955c9f8e-e62d-f2f0-5362-01820993440f,KYUNGJIN_,,,경진
3957ede98-84ad-46e2-2a2a-e50bdf6b54e0,SUSEONG,,,수성
395e86f6b-b707-e494-b499-968072255371,YOUNGDONG,3호,,영동 | 용동
396424299-90aa-0db2-4e82-17bf3cce9df3,GREX,,,
3970f4353-31a6-fb97-a3c7-82aae7875b2b,HEYANG,,,해양
39716bebc-c4c8-331d-ab35-7f85cf4ab9f0,SEO WON,,,서원
3974fb25c-ce56-dd6b-df17-aa50f7a1cfc7,GEUM SEONG,,,금성
397a83774-4a4b-190a-d796-657a1eaa0ec2,NAM KYUNG,,2007,남경
397b3c50b-b790-ed05-3b06-e383507b8cc3,YOO SEONG,,,유성
39849a931-194e-dd2a-2dae-8b96f78f7d84,O SUNG@,,,오성 | 오승 | 오숭
3985b7459-9fb9-4a5a-aa05-2429f40fd2c3,CHEON EUN,,2018,천은
398c79ec9-9a7f-018d-c64a-64c756a656b5,SUNG UNG,103호,,성웅 | 승웅 | 숭웅
39a18d9ad-d13f-6314-fa82-bf432c5506ad,HAN SUNG,,,한성 | 한승 | 한숭
39a6a715d-da83-7624-6fc3-f8d52f10156c,FISHINGMANAGER,,,
39a75dda7-7f1f-7a9b-6ac5-688d9920e5cb,HEUNGSEONG,,211,흥성
39b347cfe-e33b-f926-db08-8ee1b325b453,AN SEONG,,708,안성
39cf2b8da-afeb-345b-9754-9ece4d82b2b9,DONG BAEK,,22,동백
39e4155c0-0313-6ec0-7047-d7232b99b5f4,SHINSUNG,3호,,신성 | 신승 | 신숭
39f3a5b82-251e-8ec8-e36b-8b5b46f0293c,BAEK HO @,,,백
39f6061b3-382f-93ae-aa05-e37065eda37c,CHEONG SIN,77호,,청신
39f6799af-f78c-48d6-0cd5-2f8cf1045c9a,HAEUN,,,해운 | 해은 | 하은
3a03fa5bf-fb24-f9a4-67ac-8e13a119b0b2,HAE YOUNG,,,해영 | 해용
3a0ca09db-b304-74d4-cdda-ec140ed7e708,MAN SEOK,,707,만석
3a0dd73bf-f83d-8c7a-d93d-28a1604fcc1a,KKA CHI LYI,,,
3a28039ae-eb81-de49-060b-8d14566e9081,MYEONG.GWANG.,,,명광
3a38efecb-bc28-0bd0-8efa-e6316ac106e0,YU YANG,,2,유양 | 유향
3a3b87932-28c0-548a-954e-7622b5849ec1,PILSEUN,,,필승
3a5eebb78-8c30-1344-5a23-edb906ca895a,GEUM SEONG,,25,금성
3a5f4fb31-146e-46c0-2128-9fc8d3a126c3,JE KYUNG YANG,3호,,제경양 | 제경향
3a82b0539-9928-87db-b91e-e98654885723,ARA,5호,,아라
3a8fc8bf4-43aa-04a7-d6fa-ee96866c280a,JEONGWON,,,정원
3a96d95b6-6a43-9cdf-ed97-8e08746e83eb,POSEIDON,,,
3a9af523e-e2a1-16fb-a5b3-3bbd30ea4424,AH TE NE,2호,,
3ad28b1b3-3ce6-a010-10e8-9939889e06a5,KUM RYO,,,금료
3b06d5d57-7fd1-240b-2806-4ff62412e3f8,GUEM SANG,,,금상
3b0e89b39-9d06-96cd-4b52-554ded693d18,HYEON KYEONG,,,현경
3b243a7fe-ef42-c87a-98c0-7154f044542e,NEW DAI PUNG,,,
3b2635403-3a0c-d788-9914-d1d8833793a7,LA IM,,,라임
3b2643411-1dd7-68f4-71b0-ec0ffa77dd8b,SAIDA,,,사이다
3b4c02b6a-a9d3-fdf1-f2b7-de8b67f63229,GEUM CHANG,87호,,금창
3b5431546-6f0e-33c5-9424-28b84dce85ce,CHUNG MU,7호,,충무 | 청무
3b7c703ee-ea0b-ebac-07c0-49fb0f7ef3fe,NAYEON,,,나연
3b82dcc0c-cce4-5b27-3da9-aa779786bb14,SUNG JUNG,,,성정 | 성중 | 승중
3b9c2e739-9c36-84bb-eb73-864079097942,GYEONGYANG,,,경양
3ba77ad82-23ae-8f33-2c84-93c345dd72b4,HAE SUNG,,,해성 | 해승 | 해숭
3bb44ad9a-a0eb-ecac-590a-f03df7857877,DAE SUNG,,,대성 | 대승 | 대숭
3be5dfb11-1874-b893-60c6-2c294c066dcb,DAESHIN,,,대신
3bf00c3d8-88e3-0fed-6e64-660267af200d,OKPO NO,,3,옥포
3bf121085-565a-ee2c-8bc6-f398992a3dcd,TAEYONG,,35,태용
3bf8ae863-3078-80b0-690c-8e464717efcb,JEJEIL,2호,,제제일
3bf94a825-5963-eb21-efc8-a2a6af00ddf3,SEO HAE,,,서해
3bf952a02-2d6f-a0d2-15d8-b1c4a3e041b7,HYOUNGJEFISHING,,,
3c0e239e0-0ff7-6446-1431-f7927eca4a5b,SINYEONG,,207,신영
3c154935c-c2a5-656d-6b90-456a5d5c7df0,MYEONG JIN,,,명진
3c158259b-b2fd-e126-397f-c1b9a2a9c24c,SEUNG WON,2호,,승원 | 세웅원
3c210e2ac-c61e-c491-883f-5c79ed95af26,KYEONGHAE,,701,경해
3c2150256-64ef-7945-5d9d-526fd29bcc4f,MAN GU,,15,만구
3c38a57ad-d172-169e-9896-f9b2ca48aae7,GEUM GANG,,,금강
3c38e719d-d99e-c4ad-f5db-4e8ad2da9879,CHUN YANG,,,천양 | 천향 | 춘양
3c41cee21-1f7a-b56c-f072-9f158136ecd4,SEON JIN,2호,,선진
3c4eb7e57-7674-1ae0-a4c9-b486856c5e3e,IM SU,,78,임수
3c6131527-7125-2669-347a-11607b3bdca7,CHANG NAM,,32,창남
3c7af1d58-8c40-b370-affd-f335c3e32274,SU BOK,,,수복
3c8a5047b-bbba-eddc-ba6d-1908258a892f,YONG SUNG,,,용성 | 영성 | 용승
3c8b02651-19ba-8297-100e-b9f538ecb1c1,KYEONG HAE,,107,경해
3c90698c1-1531-6819-022c-4c38bc8fe8be,SIN SUNG NO,,2,신성 | 신승 | 신숭
3c9194be1-191b-661e-be65-765d74d1deb3,JEONTOO,,,전토오
3cb575e31-17f7-bec7-3e74-6013d0573604,DEOK SOO,,,덕수
3cb7a6e21-1177-93bf-56ec-f7c3c4a6bb34,SU SEONG,,501,수성
3cb87b0d1-1f7c-4791-03d8-67e92bc83331,SEUN YUNG,,,세운영 | 세운용 | 세은영
3cb892132-285c-159e-3d3a-45badc9bdb02,DEOG HAE,901호,,덕해
3cc57d577-7e65-46e9-1d5c-798581723a44,JESEONHAE,2호,,제선해
3cc6fb647-761c-59f2-9b82-b6b838d4aa47,SHIN AH,,,신아
3cc7431da-afce-771a-9cef-78c0a00bf031,JAE YEONG,,,재영
3cdf74ec6-67d5-384f-6712-d560026ed788,BA DA YONG SA,,,바다용사 | 바다영사 | 바대용사
3ce3abea3-3a9d-924e-42bc-5dfed8eea9f3,PYEONG JIN,,98,평진
3cecd592a-a7cc-be1c-742d-a3bc123e97ee,DAE BU,,801,대부
3cf23549a-aa6d-4a79-1000-ae89384b1133,GANG DONG,,7,강동
3cf370a1f-f818-8ea9-d0b6-0feb5b761f5f,YEONGSHIN,,88,영신
3cff1f522-2b1a-e66d-e255-2888b5fad6db,SIN HAEHANG POSEIDON,,,
3d12a02ea-a31b-2ac7-c050-ad7ae734e9ec,KWANGYANG,6001호,,광양
3d133386b-bab6-d6f8-f730-b0dc4958f3b4,JEONGYEON,,,정연
3d38ee8f9-9aa3-bc09-3c08-babc30074d8d,YANGCHANG,,237,양창
3d52f4bc2-26cd-cd89-d8ef-c0003232e897,NEWAPOLLO,,,
3d8f3692d-da96-02dc-ce96-c9d32cf401df,KYEONG HAE,,106,경해
3d932adca-a418-5762-d5d9-b9138c3fc1e8,BA DA,,,바다
3d9ddffbe-e73f-6528-0210-fa1ab28cce10,JINHUENG,,506,진흥
3da758a82-2163-157e-0ee5-f49fc8ffd59e,WONDONG,,,원동
3da8f870b-b055-16e7-8d2e-2c5a6d409ac2,SEONG DONG,,,성동
3daa2476d-db47-e07a-015d-9cc7526ba373,HANA,203호,,하나
3dcf91fc4-4f97-2e2a-1cf9-0708744ae5df,JE IL,605호,,제일
3dd3ea231-18b3-6f6c-cd0b-2aa32c131661,SEOJIN,,307,서진
3def4f862-2f3b-ffb7-d100-12bd5c697bc4,NEW YUE MEYNG,,,
3e3704583-3dcc-caf0-759b-95de2d71c8b7,MAN PYUNG,808호,,만평
3e3a087c9-9eb2-88ac-3947-37ae77f912fb,BUKOKWAING,,,
3e56ed50b-bb05-7cb4-c886-4d0ad1095b39,HAN CHANG,,300,한창
3e72fa0ed-dc60-e554-fb26-02348238f0ed,HANHA @,,3,한하
3e76d187d-d2e1-1797-98aa-b54b1b14f598,YOOSUNG,,2016,유성
3e7b1ed60-05e3-dfec-a325-90b36a17d4f2,DAE YANG,5호,,대양
3e9472c22-2ece-387e-2d0e-7b22db90b884,JONG JIN,,,종진
3e9eba4eb-b126-8af5-9feb-f209a1d35afe,DEON YANG,103호,,
3eb67f6ac-c68d-9bb8-7335-e6529e54c418,EUN JIN,,211,은진
3ec347396-6160-46a8-6258-006bed635ab7,WAN SNG,,,완성
3ec8f0775-51cb-7683-c4ef-9f03d4408b98,YOUNGJIN,701호,,영진
3ece47d4b-b2ab-7ead-d517-e9ba7334d2ba,KEUMYOUNG,,61,금영
3ed2d2646-67c9-f845-ffe0-1501a69b431b,JE KU SANG,1호,,제구상
3edab7b2a-a66b-836b-8361-12c7422232cd,ARA,,,아라
3edc2fac6-6394-0e39-7bdd-be7a42425a8e,APACHE,,,
3ee4b00fb-b8d5-bf08-7958-9655a6fdc0b1,CHANGNAM,,202,창남
3ef4a9413-368c-0c7d-e1c1-aa2b44629d9a,YU SEONG,,,유성
3f07d552b-be93-3aa7-3ea9-30bffb954ec3,SYAIN BLUE,,,
3f0e6b8ec-c125-ef00-b165-1711ed5798b5,YOU SEONG,99호,,유성
3f121cbb0-087c-997d-5c1b-2b4bbcf99808,DONG SHIN,,,동신
3f16a816f-f344-beb4-b7e5-07a65459a799,HONG SUNG,,,홍성 | 홍승 | 홍숭
3f409b983-3ead-5ea8-9eab-dbb51d245d8c,SIN HEUNG,,,신흥
3f4832a49-9528-4566-e38c-06d6002328fa,GWANG BOK,,,광복
3f8a5da89-949e-d94a-13c6-17d94b6a540c,YOU CHANG,99호,,유창
3f8ba24c6-645f-715b-df07-68652e339bbd,HWA SEUNG,,27,화승 | 화세웅
3f97eff47-7996-d5f5-326e-f4f5c633767a,HYUN DAI,,,현다이 | 현대
3f9bc5c93-3f5e-24bb-fc57-4a835180a5aa,WON YEONG,,,원영
3f9e93622-2147-14c3-9fa5-05fc7f0acbf3,HAEDO,,207,해도
3fba5f39b-b672-3c48-a272-44bf8cfc34da,DAE YEONG,,,대영
3fc55cc66-6583-b226-0663-41d2aa8ec750,HAESEON,108호,,해선
3fe33bb84-43df-6676-10c5-62a7ae48c5a7,YOUNG SIN,,,영신 | 용신
3ff7c0e3a-ad9b-c55b-98f1-bf7113498e0c,KUM SUNG,,,금성 | 금승 | 금숭
3ff92e963-3070-8af5-cd54-c14bf79bdea4,GWANGMYUNG,,306,광명
3ffaa2dc5-5d66-0eee-330e-733df30a227f,SUN KYEONG,,,선경 | 순경
40013838a-a15f-7aec-d381-5aacbbd2c9eb,PRO FISHING,,,
401000eb0-019f-ae83-5703-5b82dd32a2a7,HAN IL,609호,,한일
4021c1e26-6ef6-e00c-fb0a-72dcc8a67259,OTTOGI,,,
402280c06-6941-7d7d-39b8-4ff8c3f9837f,GO TEU,,,고트
40442018a-afee-2c4f-8b28-55d14c10147f,YULIM,,,유림 | 유임
404ef6715-558b-2ba0-ed9c-19be60c5b543,HIT,,,
4067815e9-9e9c-c34b-2be6-745e668a0954,KING START,,5,
406838c2e-e891-83db-101a-67ec0d908d2c,JAYEON,,7,자연
406b1cedc-ce14-093f-9300-593dc63bdb44,BLACK STAR,,,
408b0a8ba-afce-9a01-7320-7b731dcb4e19,KYOUNG DONG,,,경동
409f6f4b7-7e74-55a5-bc1a-c2a683e9c4b5,HAENG BOK,,,행복
409ff4cf7-73be-7971-ef36-0f33d2459e03,CHEONG HAE,,11,청해
40a3e048e-ec2a-3b25-9754-f8128f9f29cb,CHANGNAM,,8,창남
40a8dc01f-f8bd-4ed6-4db1-c4af3aed2f0d,SU SEONG,,,수성
40ad9fa95-567d-3d0a-84af-72bd73a76a9f,HAE SHIN,,,해신
40be06cce-ee7c-6699-4f07-96168c929265,HYUN JIN,2013호,,현진
40d4a2c5f-f71d-bc03-624d-dfcad05c05ab,GEUMHWA,,,금화
40da8fdc6-67f0-7963-6a7f-2a684f6c9df1,HWANG HAE,,,황해
40e54ac78-856a-ba13-20fd-aa4bb2277d31,GAENG DONG,,109,갱동
40ec28a7f-fec8-e29d-deda-68bb29178ffd,GEO SEONG,,,거성
4103cb356-6fe2-469d-b34a-07b87e37f17e,YOUNG CHANG,5호,,영창 | 용창
4108c26df-ff39-6218-11f8-792b1c5efcb7,YEONG SEUNG H,,0,
41390d8b6-65e6-a8cb-d1dd-ffefd83107ce,SEUNG JIN,,,승진 | 세웅진
4175d409a-a775-8237-6633-94998acad924,ZENITH,,,
417f70849-9088-c497-e549-ec69deb74dde,BOKSUNG,,2015,복성 | 복승 | 복숭
418c612f5-5529-f18e-9ff5-68bcb7a2d6b4,SOON IL,,,순일 | 소온일
418e62d9b-bcdd-b118-3558-46f86d379f64,BUILHOO,,,부일호오
4190e26f4-41a2-94d3-be03-7024fb6c53c7,YOUNG JIN,,2,영진 | 용진
41a7a288e-e8f6-9e5a-6dcc-d377b249b3e2,YOUNG JIN,5호,,영진 | 용진
41d09c600-0e52-0295-87c9-b3c06f8d6077,GYEONGHUN,,,경훈
41d48a232-25ff-e641-e472-c9ffb5b4b2a7,HEUNG SEONG,,,흥성
41dee5f74-4d33-425b-4b94-fd3d510717a8,HWA SEONG,707호,,화성
41e11bcb4-4f31-864d-6432-d04d7904862f,JIN SEONG,,,진성
41f8605d9-967f-38d1-9903-877d1daaa7fc,IDAE,3호,,이대
41fa2c52c-c9c1-a505-adf5-1333bca60e01,BOKSEONG,,206,복성
4200aa4eb-bc40-5e4b-c1ea-7f0ca125611f,SEONG IL,,,성일
42071e231-185d-b0bb-f335-42590d4f13be,MIN SUNG,3호,,민성 | 민승 | 민숭
4221cc79d-d51d-ed7f-8c65-0b37703529ec,DAESU,,,대수
422413955-5809-4879-5786-923f9fb453b1,HYEON JIN,505호,,현진
4227e554b-b886-3c23-7b9e-2086b05c2794,RISE,,,리세
42343a146-6596-499a-fba7-2834693ae379,CHANG WON,,,창원
424b4ea98-8bc6-b1be-4c6a-195d6ca051fc,BU KEYNG,,,부경
427ee482c-c907-1de6-7303-831d927bb27e,SEUNG WON,,,승원 | 세웅원
4285f5ba1-1fab-0253-6b69-370c4c002649,HANGANG,,101,항앙 | 한강
428cdef65-5ae2-d7c5-0069-90ed56b20c46,KWANGYANG,,51,광양
42940d040-028e-7235-e78d-a9f323ca8666,WOO JIN,303호,,우진
429f1b2b8-8d2c-987b-3ad4-22d32c912a90,YEONG DONG,,1,영동
42ad430cd-d65a-1e34-0932-b3433c3cdbc6,SEONG JIN,7호,,성진
42bfb8911-1da0-d2c6-2716-dc07d68b4b5d,NEW JIN SUNG,,,
42c5d27ff-f9c2-bfbc-2a48-a835bfa54618,IS LAND@,,,
42c8fc54b-bd44-fbae-ad6b-56872c7913fa,DO JIN,,,도진
42da48857-773a-3ff7-fd9e-412a0439370d,KYUNG CHANG,2007호,,경창
430d5eeab-ba29-b44c-7b48-371d9fcfbf04,DO WOO,,,도우
430f5b643-3a4f-2dcd-931a-301bf51dd5d1,JOYANG,77호,,조양
43132f1ca-ac6a-db71-9e3a-4e248c821a87,SUNGYONG,,2005,성용 | 승용 | 숭용
43136e2f3-3ff2-1e12-6c13-59f26aa024fa,SANG MYEONG,107호,,상명
43231d0d7-7c99-7053-6343-3d3901378e9b,PUNGSUNG,,,풍성 | 풍승 | 풍숭
4331de16e-e811-7136-753f-5a480415d2e4,GWANGSEONG,,,광성
433692067-7eb9-fa80-fad3-1d9c5273f676,CHUNSEUNG,,,춘세웅 | 천세웅
433cc776f-fa59-ac56-7ca3-b5236c9290ce,YE JIN HO@,,,예진
43467cccb-b0e5-c85d-febf-eead82037a1a,DAEHYUN,,307,대현
434db352a-ade6-74f2-d3a1-d7ace3a8149c,DAEYANG,123호,,대양
434f87f20-0ee8-073d-a2e7-c7509067c8aa,SEAFACE,,,
436d878e0-05d8-d2c4-a213-95aec9913146,DAE YOUNG,,1,대영 | 대용
43727fa12-2039-1274-ab15-5d234faf66d5,HAI SUNG,,,
437b7a9e5-5e23-efce-d24e-754c0f2838f0,GIL SUNG,,,길성 | 길승 | 길숭
43b3a1ef3-3858-a31d-b672-e970dcbfd883,CHOE SIN,,,초에신 | 조에신
43b4b64c9-9451-6770-16ba-dd8ff4b6ac0f,SI LAEND,,,
43cb18bbb-b83b-bf00-b6a1-e2c59a392862,HERA,,,
43d7b6e09-9316-01f0-60c6-48068c18d007,SIN WOONG,,,신웅
43ea4e25e-e6e5-4910-aa7f-ca28b979fc10,JEONGSUN,,75,정순 | 정선
43ecb4ed1-1333-7046-7c36-459bc65bf562,SIN KWANG,,,신광
440296060-0855-105f-9501-058053abe98b,MAN SUN,,33,만선 | 만순
44195adc9-9b3a-a3d2-2cd1-ee37300cc171,MISAM,,1,미삼
442fb8e80-0793-fbc5-b018-72ec46a40461,SIN JIN,7호,,신진
443ec8ad0-0305-0d6b-3a44-246f78d0784c,HEUNGSEONG,,208,흥성
4440d1cca-ae6a-71f9-ec59-34cfde2b665a,JAEYOUNG,,2,재영 | 재용
4441f2b56-6ab8-e308-0e4b-6e61a452e448,NEW KWANG DONG,,2014,
444eb486a-a02d-bc97-442e-6e8f0e5b3b33,DONG YANG,,,동양 | 동향
444fa9505-5d1e-0b48-d8f7-765fc4b156cc,SEI,,,
4479315ce-ece8-6252-8722-c712bc1704c2,DONG YANG,800호,,동양 | 동향
4481eb5ee-ee3b-f3f8-a57f-045133cf86c9,SU EOK,,,
448802afc-cf18-6c7b-62f3-89c756ad9efb,SAMGWANG,88호,,삼광
4489f54cc-c255-3551-ff03-b3437927b229,SUSAN,,,수산
448c65f60-0c70-9b97-bf58-bfe95837b095,CHUENG UN,,,
448cc9df4-485c-e2a9-7ca9-04df5cc93429,GYEONGDEOG,708호,,경덕
44902d839-98ca-560e-f981-756b7311e7aa,GYEONGWON,,311,경원
4490c726d-d338-d264-69f8-fbd9e0eb1f60,NAMHAE,,,남해
449f01aac-c9f1-5490-bcd0-ed4c1bf2b8e1,YU GEUM,,7,유금
44a773354-4f0b-a701-756a-b1ac61b1293d,SHILLA HARVESTER,,,
44b1a8928-84c7-2307-f5ed-fef398c2440f,DONG BACK,,,
44b1f606f-f43b-ea36-f958-67b5bceea4ec,GYEONGNAM,,,경남
44b7d65d2-2b32-c491-6183-312fbb9c9595,HOMERUN,,,
44c15f67b-b607-99a5-77e9-6b8a24d674bc,BOK YEON,,102,복연
44d8f0f20-0f42-f7d1-4efd-5dbf2b7876b7,G .O . D.@,,,
44ddd8e77-7cd6-7a4f-f110-3e11a2d2d187,LU_KI_NA_,,,
44e5ced5f-fcc0-f141-56d4-461637b77239,MYEONG SEONG,,,명성
44ea73e14-42f1-b68a-c00d-11ece69ef321,SIN SEONG,216호,,신성
44f131acf-f91e-839d-ab4f-4075a7f177e9,CHAMPION,,,
44f3705e2-232c-fa14-3cff-61d7fc46b456,NEW PINIX,,,
44f954278-84cb-b5fb-5bf9-5a1d1d645d38,BAEK MA,,,백마
4502c005f-fb71-bed5-3f34-5cf8c905ae7d,SHIN SEONG,,,신성
4505c23d1-15e6-412e-763b-357378fc37a3,MIJORA,,,미조라
45088ab07-7828-7051-a313-cb9733b3a6ee,JENAM YEONG,2호,,제남영
450a7da3e-ee1d-509b-2e38-867769e238d7,WON JI,,,원지
451b063cc-c28c-8fb0-33ca-8175dc8f2f44,CHEONG HAE,,108,청해
452264e8c-c922-c1df-6def-553af831706d,GEUMSUNG FISHING,,,
452d2f1ac-c4ff-46cb-f6ce-bb80ccc6ab3b,YONG SEON,,,용선
4555ba656-6607-dc09-ef27-0ca344690d1b,CHANGDAI,,,창대
455715c98-8c99-6dde-2c84-af6bd0d0eeb0,HAEWOON,,,해운
45799bad0-0d04-1a36-7b60-79ab1765145f,RA ON HO@,,,라온
457d2acd2-2ff3-eb6f-7037-d6bb29eac3d3,SIN MI JU,,,신미주
45a00741b-b5af-2464-4bd0-4be4c1a2f22a,JANG SUNG,,,장성 | 장승 | 장숭
45a0629b8-8870-79bd-cf00-35c777ecc9b9,JI WON,3호,,지원
45ae25aca-ae46-e4a6-e9f8-39400267356e,HAN IL,109호,,한일
45ae83102-2112-1271-9621-082e032e101a,CHEONGYANG FISHING,,,
45af6bfb5-5ce6-e276-0c89-9b34ab55a74e,KORYEO,,2,고려
45bc23aae-e839-4408-ee67-d83297e3944f,HYUP SEONG,,,
45c0706ba-a9fa-8651-869c-aae851327485,SIN JIN,,,신진
45e75694f-fcb6-f38f-85e7-f56d8e4e1d7a,JIN SEONG,,,진성
45faf6524-42bf-90bf-153b-d65c1c9f1885,BLACK STONE,,,
45fd02d79-9c0a-2369-7fe8-71399748d423,MYEONG JIN,,,명진
461e0de61-117a-e325-40cb-acdb59f78107,SAM JEONG,,,삼정
462cddacb-b143-fc95-0e8f-f968956063dd,NEW SA RANG,,,
463e70963-3983-35c4-5006-5fd667b75e0e,SINDEOK,,,신덕
464f50acb-b96a-d25b-090b-edb3afeb13a5,CHEON IL,,333,천일
467becbdb-bde6-d8a1-8698-404615e75a9f,HAE GEUM,,101,해금
467f0d179-977d-411e-bb28-94048c2bc8df,DAE DONG,,3,대동
468566279-9d57-1def-0c50-cd2b4ddc7be9,JUYEONG,,,주영
46912b26a-a236-4e4c-181f-1c1dbbf7cfa1,YE IL,,,예일
469aad5d3-3048-92b0-c108-6bf1cf7751bf,HEE SUNG,,,희성 | 희승 | 희숭
46a41a80d-d2cb-822f-2e7d-eea5a85fcf45,SAM SEONG,,,삼성
46a54fdce-e452-373d-ea3f-ff4cdd077afd,GUMGANG,,707,금강
46b51e21f-f35e-00f9-aab4-f0672b9dadf0,MIN SUNG,22호,,민성 | 민승 | 민숭
46bab19d4-499b-efd9-0e65-52edb2559f35,DAE SUNG,,,대성 | 대승 | 대숭
46c29eecc-c515-4fc7-e768-1f869a908320,CHANG NAM,,,창남
46d0ec757-750f-8940-cbcd-a9a3dcc45d9d,DUK SUNG,,,덕성 | 덕승 | 덕숭
46d8cc38a-a77d-3d99-15f7-7b5f430a2c2b,MASTER,,,
46f2cf22c-cd74-9cf2-b7f0-d9ed9d16530c,BEST,,1,
470a9c9f4-4047-0bfb-8066-43ca9f3416e5,SUNG UNG,101호,,성웅 | 승웅 | 숭웅
470d55409-95a9-5701-f2ae-4dd3ba88c648,GWANGSUNG,,205,광성 | 광승 | 광숭
471e27513-341d-e227-a68e-cbfbf4aaf354,DONG IL,,5,동일
4745d7d55-54fe-409f-a504-9d79ab69c1a4,DAE HYEON,,,대현
4759dbfac-c6a4-9d3f-7315-31464f2f3aa8,YUJIN,,9,유진
475c84192-2d24-4e49-672b-7b251f9fadaa,SEUNG RYONG LEE,,,승룡이 | 세웅룡리 | 세웅룡이
476e34051-10e9-c3f0-5f7e-0d481ac4a59a,SHIN YANG,,,신양 | 신향
477b90986-6d35-6c26-55a7-46ee9c80f697,JIN NAM,,,진남
478f0d4a0-0b1e-4324-3eb1-045f88e42995,TAE PUNG,,,태풍
4793625b1-1a4b-bf82-763b-314fe69e34d0,IL SEONG,2026호,,일성
47f1c30df-f49e-cab3-d1e0-4b4c68fb2585,GWANG BOK,1호,,광복
481199abb-b8c9-685d-d320-6065b10a58e4,HAE IN,213호,,해인
481342fe2-2f1c-3145-3cc3-b00dc6c65e80,WOONGCHEON,,88,웅천
4836d77c2-287f-53a6-1388-458ac111eab5,MYEONG CHEON,,78,명천
485f6e248-85f0-1e6b-4c49-b3a2572461ee,GYEONG IL,,2017,경일
48810f904-41a8-9631-349e-b2a5cd9f4371,MYUNG RYUN,,,명륜 | 명윤
4882eb06a-a43f-7305-5cc5-432b044ea957,HAE SUNG,1호,,해성 | 해승 | 해숭
4887285b2-2b6b-edcd-a76f-9745a355e2d0,HEUNG JIN,,,흥진
488cbc047-79c1-d06d-629a-e0b18d910ff3,JANGWON,,,장원
4892b2301-1b7e-9d94-7461-fc8a9eb89302,GEUMHAE,,208,금해
48a652da5-5477-196c-a603-2d84ecf6b624,DUCKIL,3003호,,덕일
48a7a0de3-3ff9-fd1a-82fd-60692f24eefc,YEONGJIN,,935,영진
48c441fd8-8387-d960-4f92-199729d7f7df,SIN YEONG,,,신영
48c5b2b6a-af7a-6b72-2b3c-289862ac05e5,YOUNGJIN,,,영진
48d1b6fea-a028-1817-27c5-879456ab1292,CHANGSEONG,909호,,창성
48dddf9a5-5b38-80d0-332a-b96b6bbf9755,PHOENIX,,,
48e1d6b54-432d-b1e0-9ff9-b86c13c5f575,MO. DAE WON,,2,모대원
48f2e6dea-aa8d-76d9-26a5-29ba89195788,RED SKY@,,,
48f58b36e-edd9-9625-58f1-05245dbeb560,DAE GIL,,,대길
48f94f758-8262-af88-5868-13219484c19e,YU.SUNG.,,,유성 | 유승 | 유숭
4917f2781-11ce-9414-5627-b573a5fda21b,GYEONG YANG,,,경양 | 경향
49223e5ab-b98f-abad-393f-fed83948dbee,NEW AINS,,,
4938ec07c-c80c-bd00-6862-1a2d3bd7b46c,UN SOO,,,운수 | 은수
493e298f3-3dd4-c37c-ab48-f0f085cc3657,YOOSUNG,,101,유성
493f984d4-4f41-0246-b4b3-f0fe0901aa13,CHEONG HAE,,77,청해
494a11521-19cf-af14-476f-e81d7fc19ab6,HAE OON,307호,,
4972df34c-c105-f0b9-24b2-98da61b2e1c0,DAE WOON,,,대운
4979768df-f9e7-4723-a761-7fd35ac6a1d7,GWANGYANG,,52,광양
4988c592e-e5b0-3d0c-0eb0-c3e9e206c67e,HAWAII,,,화아이이 | 하와이이
49a92ad57-70ca-bbaa-c714-df7c413d5d48,DAE GIL,2021호,,대길
49b0c7326-6e19-5b5e-b758-5d1bf9b9fcfa,SEONG WOO,3호,,성우
49b14d8a7-7377-2fc7-e1a0-231e017f2053,NAM YANG,,,남양
49b7da0e6-6fdd-a529-7953-26e5bd8974a9,MA LIN,21호,,마린
49b8582cd-d566-e6e9-8d8b-4fc4b9980cb8,WOO JEONG,,2021,우정
49bd700a7-7a26-a5d1-8117-6cb0aded1485,GEUM GANG,1호,,금강
49ce4be8a-a83a-eb0b-1689-9e8415db0d87,BACKBONG,,,
4a12c4293-352b-821c-5b2f-7c4e790522f7,HAEYEUN,,,해예운 | 해예은
4a298235b-b5ac-7626-24e8-56cb87446e97,JE VENUS,,2,
4a2e859c7-7b7c-8940-33ff-766999fb084f,FIORD,,,
4a35a0eee-e733-6436-1cf3-208b54e6d01f,JE TEA YEONG,101호,,제태영
4a39156fe-edc7-296a-1f32-5e4b66112b02,MYEONG JIN,,,명진
4a3c4525e-e7c0-4508-9055-de2530ceb816,HAIJIN,,,하이진
4a5400afd-df18-0942-c3fd-55f37b52febb,KYOUNG JIN,7호,,경진
4a5c3e71c-cb0c-441a-cf77-43f9917261ae,IL YOON,,,일윤
4a6879ee7-7d4f-3c71-644c-c662c511b0d0,EUNSUNG@,,,은성 | 은승 | 은숭
4a798bbc8-8e2c-f13a-abfc-d4d18a323013,WOOJIN,,,우진
4a873e5da-a342-03a8-9468-adceb7ec4c0b,CLASS,,,
4a9063f27-7823-84da-2878-3b6ed1a9385f,GENESIS,,,
4aaf7500e-eb73-8836-19ee-7e3c78bcc305,BONGLIM,,2018,봉림 | 봉임
4abcf46b0-0500-b821-5e84-912b524191d4,TEAPYUNGYANG,,,
4ac88b0ae-ed1f-8bdf-7af5-e97aa8fa2037,NEUNA,,,네운아 | 네은아 | 네우나
4ac8e3d11-19d0-91dc-557f-c51af665eb82,EUN GAL CHI,,2,은갈치
4ad034c4f-f22d-614b-dcb9-95f5f8ab70e5,LEESUNG,,,리성 | 이성 | 리승
4ae1dea3c-c1f1-1cff-de1e-37056507b1d6,GWANGMYEONG,,308,광명
4ae43bb18-8aa5-3252-336b-10c07fb6b8ba,GWANG JIN,,,광진
4ae926c14-4f7a-c316-2386-2ef3594ec1fe,DAE YONG,,,대용 | 대영
4af3f3c2b-b56c-8a15-3726-edcb8a32c229,BO BAE,,,보배
4af3f7966-66e4-cbe9-09b4-d2228dea0ead,CHEONGYONG,,,청용
4af717d4b-b9ab-e9ff-bd40-43ab61575d61,SOO YUNG,,,수영 | 수용
4af7f3abf-fb72-4c56-63b6-1d1f37a2d321,WON SEOK,,,원석
4b0178b4a-a05d-69dc-2695-8533bfdb18de,WOLDEU,,217,월드
4b0d01ec8-8e03-1907-6bbd-6678b1fee4b6,KYUNG SHIN,,,경신
4b2111bd6-6725-bad0-8e8a-5fa3a1697ef9,YONG SUNG,,,용성 | 영성 | 용승
4b274c547-769d-2625-51f2-f3455aaad315,OKJIN,,,옥진
4b2a4c316-63fa-8ef8-9a17-81165a9cb623,JE HAN IL,88호,,제한일
4b2eb71a6-6b25-194d-2911-a56eb8dd4fd5,MISAM,,1,미삼
4b3f1be07-77d2-7b5d-1f6a-884bfebd2a26,DAI HAN,,,다이한 | 대한
4b516b0af-f66d-0b20-0455-4c871540a826,TAE SU,,,태수
4b5584349-9b65-d830-1ceb-fdde288764ef,MI REU,,,미르
4b6e3cd66-6f99-2a38-93d0-95ffacf4910c,SARANG,,,사랑
4b7ac4789-98e8-39df-acf4-c8ab20717237,AQUA,,,
4ba3b289b-b24c-c8a2-c9aa-55ca483c9b72,GEON YEANG,,,건예앙
4babff2bb-b623-c745-9e67-7677ed1a3229,SUN KYEONG,,36,선경 | 순경
4baf8f42d-df79-1d63-b98b-900b8b83039d,MISO,,,미소
4bb14cd22-2bea-e289-57b8-828b90971fe8,YOUNG SU,,,영수 | 용수
4bb53a128-802e-061c-4a8a-bc7f025f2188,SU BOK,102호,,수복
4bc02a3b6-620a-1f8d-3921-68c6f6d66296,NAM HAE,,,남해
4bc498f98-851d-978f-51f4-5461be41ec6f,GEON YANG,,2025,건양 | 건향
4bd74dac7-7634-421b-b17b-fc54e4e6d1d2,JE HAESEONG,9호,,제해성
4bf2861b0-0179-2583-5517-4e538df07c3f,MIREU,,,미르
4bf57af7a-a7ab-e399-d86e-dd503ad19c52,MAN SEOK,,2017,만석
4bfaddcad-db74-d4c9-87f0-90f47078550e,BOON DO,,,보온도
4c0b14fab-b8f1-aa6e-ef9b-2f21e6d7663f,SAM IL,,,삼일
4c0f83611-138e-99c9-fc46-b9795193cad8,MYUNGJIN@@@@@@@@@@BY,,,
4c1512780-0726-eebd-e36c-ae40384ae4a0,HUIYUNG,,98,희영 | 희용
4c2481bbc-c39d-1cf4-8904-51442f0861b1,NEWVANCOUVER,,,
4c41f783b-beab-c3bf-f07d-7fee9af613d6,NO. KEOMBOCK,,25,검복
4c4781139-9369-7c36-f8e8-a42f6247a149,IL SIM,,208,일심
4c49199e9-961b-1d7e-aa24-ab81479517a1,YONG JUNG,528호,,용정 | 영정 | 용중
4c8598afb-bd44-75fc-2ec7-7deb1422ee93,BO KWANG,808호,,보광
4ca82925f-fa78-544f-f34b-02e6ce41ed67,UJEONG,,,우정
4cd1803bf-f3e3-9318-7449-d93cacaf59e9,MYOUNG JIN,,,명진
4ce58a0d0-027e-0bd2-baf9-73a05b8c121a,HAE DONG,508호,,해동
4ce6d3105-5700-a5c6-af52-d479e0e2ecda,SUNGJU SAN,,,성주산 | 승주산 | 숭주산
4cebd3e4f-f829-7a73-0842-4b449ef75ffa,TONGYOUNG,,87,통영
4cf319333-30d2-0865-190d-2a24717168fe,JOOL LI ANA,,,
4cfa4a822-21fd-ca18-48b6-e683ee019fa8,WOO SUNG,,,우성 | 우승 | 우숭
4d00aea8c-c41f-7698-e6c0-8ec8358a4eee,BU CHANG,109호,,부창
4d0c47b00-0f2d-df99-cd4a-f64d9398bd87,DAE WANG,,,대왕
4d12c74cd-de8a-246c-201e-35e0cec5140f,HAN SEONG HO@,,,한성
4d13d6274-4fcd-f968-83b4-24779d59a527,GAGEOSEUTA @,,,가거스타
4d154f673-30c9-9920-0aba-1311eafc74a9,AN SEONG,6003호,,안성
4d1562f4b-b597-7978-5783-6c71de540520,KWANG SEONG,,,광성
4d163751a-aafb-9bd5-2c83-2dfb44e52824,NO. TAE HEUNG,,102,태흥
4d1d2b9b7-7deb-b05b-a16e-c2723c65c6f0,CHEONG YONG,,,청용 | 청영
4d20733cf-f42e-0dfe-9590-4c9ca082743a,HI YEONG,,,
4d584a1cb-b17b-1a95-09d3-e520c8ff7bdd,NEW BUKUANG,,,
4d5dbaeb2-2bc9-50be-6be9-fe331a9b25e0,NO. KEUMCHANG,,88,금창
4d5f23af6-607e-e96e-74b3-dcdeed3e553b,SE JIN,,,세진
4d6f26055-5f50-1820-6c85-5db496e260a5,HAE GWANG,,,해광
4d71938c3-3b19-b8b5-c745-38966727d437,ACE,,,
4da64ba00-0ff6-5cf2-38a8-a5de5dbee647,MANSEOGHO_,,101,만석
4da78efe5-539f-fa16-8cdf-35a06f473ad1,MYUNGSEONG,,207,명성
4dad39f6f-fc18-f8b2-40fd-a15977803bfc,POONG SUNG HO@,,,풍성 | 풍승 | 풍숭
4dae50898-886e-ee75-153c-329ba8c27a67,JEEUNJUNG,,2,제은중 | 제은정
4dbf172c6-6727-a56b-f839-bb7bcd7bc8c0,RA PA EL,22호,,
4dd96b8ae-eb2e-cf7e-8e2f-8bd63e46ed41,HEUKSANHOOK,2호,,흑산
4dd990413-31d3-708d-c255-944b56dfaf2d,KYENGNAM,,106,
4de8fec07-704c-8bf5-3466-4e6292a17007,KILSUNG-,,,길성
4dee8745e-e840-c70f-3ba3-598db2f1140d,MANBOK,,7,만복
4dfd9a1c0-0dcf-2a21-58a5-d84fb5dc6fe4,SINSUNG,,807,신성 | 신승 | 신숭
4e039bb7a-a4fd-0c48-8dde-4733cd28abf0,JAIEONTEU,,2,자이언트
4e21b18b2-2766-4372-14f8-44cc4139a001,YEONG_DEOK_,,,영덕
4e23ed997-7084-3be8-0933-1879d7ccaf19,KYUNWON,5호,,
4e350e92d-deb5-be09-022b-8d85c9b8cfb2,JAE SUNG,,,재성 | 재승 | 재숭
4e388a3c9-9feb-d7ca-2fef-e85b29f7e88d,SANGLIM,,,상림 | 상임
4e448069c-c450-34db-e32e-3560edf4a12e,YONG SEUNG,,58,용승 | 영승 | 용세웅
4e48ed5f2-2efc-36d8-d545-2c9500a724e0,HEA DEOK,,,해덕
4e4981f39-95de-1d04-f499-bc0e0c3ae429,SINMYEONG,,,신명
4e4f7d884-47bf-a09d-15e3-e03f5e7a951c,YU JEONG,,,유정
4e562b5dc-cb08-2aca-4494-a7483263a10f,SUNGJIN,3호,,성진 | 승진 | 숭진
4e5a615c0-0248-678f-786a-318ea504a53a,JEONGSUN,,51,정순 | 정선
4e5f55b98-8624-63d9-67bd-eebdecfa580c,SAM SUNG,,,삼성 | 삼승 | 삼숭
4e6dd8f53-3c50-c67a-b4e9-82705472ef26,MEOSJANGI,,,
4e7918574-458b-ba83-637f-2fd17f0b15de,GEO SAN,,,거산
4e83bfa6e-e804-a264-3b33-0a3933a02c64,MANSEON FISHING,,,
4e8b0c2ae-ef3e-09f5-0fa2-c03d47c4c15c,HANJIN,2013호,,한진
4e942eb81-1b66-c5f3-953a-a200e19191ae,HWANGSEONG,,,황성
4e9d11e22-2e30-d336-3282-1977ee1a0997,BOK SUNG,,,복성 | 복승 | 복숭
4ea7f1650-01f2-d7da-7255-cf58590d1ef9,DAE SUNG,26호,,대성 | 대승 | 대숭
4ebdf8cfc-cda8-3e6a-60f8-403d9a7eea12,DOYEON,,,도연
4ec198f43-3303-98d2-7b23-9dd826f0c9e5,HAENG UN,,,행운 | 행은
4eee36903-318e-a006-3c49-813cda2eab11,HAE SEONG HO@,,,해성
4efc0dfac-cbd2-e989-4dd5-dc4c40dc3094,SUNGBOK,,,성복 | 승복 | 숭복
4f001f1be-e6cc-18c4-da01-4a4d2106f53b,SU GWANG,105호,,수광
4f33149ae-edc2-ce29-517c-ebe96ddac43d,ILSEONG,,,일성
4f43c98d3-33a1-110f-de71-fb117d8f1ba6,NAM SEONG,,,남성
4f4976081-1833-7cd5-b0c0-cb1b0d74d105,YEUNGJIN,,,예웅진
4f59b8068-8f69-ded1-3b68-f95354d35e25,HAE YOUNG,6001호,,해영 | 해용
4f5f5bd72-2201-58f0-f411-c7a95e3c46ec,YUSUNG,,2017,유성 | 유승 | 유숭
4f66c01f7-7366-b59e-0113-6d10a96fa5ea,DAE CHANG,,,대창
4f8d78f60-07ee-7d53-5c36-3ede1130cd71,HAE SUNG,,,해성 | 해승 | 해숭
4f9792eed-d1b2-6c8c-89aa-d59e6c6e42c1,EUNCHANG,,,은창
4faca7f05-5541-2ccd-88f3-b26548fae02c,DUK KIL,,,덕길
4fc573442-2df8-dc65-bb6c-e6fa552e7bb8,JIN SEONG,,,진성
4ffe61ac4-487a-9275-63c8-ab3775a4d5bf,SEO KWANG,3호,,서광
4fff18d70-0028-5398-82ea-f6e8d8e441ed,DU BAE,,607,두배
5001b5aa3-3100-300a-1fc8-153ce03d38b5,BA DA,,,바다
50032bedd-dbc6-883b-07f9-bbf877137709,HAE JU,,,해주
50080a3f0-0714-372a-5f51-44afbeae02ef,DAEHAN,,2,대한
500c97f4e-edb2-afae-ca8c-2d642d666fa9,SAECHEONNYEON,,853,새천년
50233f97a-adf2-97a1-ad6b-24203dd2b45b,KUM YONG,,,금용 | 금영
502605d68-8629-8c4d-6fde-b455f48f5e3c,ON NU RI,,,온누리
5030639d4-4f87-aa69-1d89-8dc7d7b75c38,ANJIN,,,안진
503de0417-7012-4294-5e82-a1b11edf89b1,CHUNG JIN,7호,,충진 | 청진
504144863-354b-e06d-904f-1abe6e7a42d2,GWANG SEON,,,광선
5041dc199-98d2-dab1-b6ef-a590284389d3,DAE JIN,,,대진
5042f22a7-7d4b-1d20-8a31-d7712f117ef7,BAEK KYEONG,,,백경
50437f203-3ff9-59dd-c0e0-e81094b4565f,YONGJIN,,,용진
504579bc9-9964-e280-173f-908a1f527283,JIN SEONG,275호,,진성
5056d5bc5-5d90-b00e-361d-1fe89c594415,YOOJUNG,,,유중 | 유정
505c783e3-37c6-1da5-6534-fa26834ffd89,VICTORY,,,
506f0311c-c13f-dab8-badf-c567a0dc6d7d,PUNGSUN,,668,풍선
507362e34-488b-4e99-a830-fab2bf15b135,JINSUNG,,37,진성 | 진승 | 진숭
507bbd945-56b8-de02-7aa1-25fc0a2350ff,PYEONGEUN,,,평은
507d6e46d-d5fb-d19f-69d0-99c94eb3e93b,DONGJIN,,,동진
5091731f2-264c-20e7-3690-cd92874b0db7,DEOK JIN,29호,,덕진
50c96fff3-371b-8c05-1044-df309dcff0f1,HYUN DAI,,,현다이 | 현대
50e9e7bfb-b291-cc21-80ac-03b935ba8b32,JE CHANG KYUNG,5호,,제창경
50f8d5fa3-3430-177e-5194-12756439a5e7,ZENITH,,610,
510e3724d-d096-e5ec-9179-bb56ec77ce67,YEONG SEONG,,2045,영성
51394454b-ba4d-30b3-c8a5-a4304e098bba,HWA YOUNG,,,화영 | 화용
514346331-174a-74da-123f-1f1941216916,JAIEONTEU,,,자이언트
514ea69b6-6139-4a58-4d22-b767c4596d6e,GYEOL SEONG,,,결성
5151be32a-aa70-1c99-37e8-6cdb534c6148,LEE SEONG,,,이성 | 리성
516c8e4b1-1d79-6b2a-d28e-8d9b27476954,MYEONG SEONG,,,명성
517516ec7-7198-7d2b-d82b-166da3e9a7af,SEUNGJIN,,109,승진 | 세웅진
5189cebea-a1f7-5d3b-e84e-03899b8eb5b5,DURI,,,두리
51a3802f6-6853-5f96-eb77-e96fac4c1fc3,MANSEONG,,,만성
51a83a677-7c3a-335e-9bb4-1a0813d2720a,SEO RYEO,,,서려
51c2b1386-6a36-8d34-f65e-b9ec48c67a5b,SU JIN,,,수진
51cda32e5-5b56-178c-4427-2ae473066a9b,JJANG GU TU,,,짱구두 | 짱구투
51d2f7035-5a5e-1bb0-3af7-5de93982bd7c,BOO YOUNG HO@,,,부영 | 부용 | 보영
5204b94dc-c2cb-6532-839f-de6d97b62236,GUEM JEONG,,32,금정
520c5c7e9-9f71-86c2-1328-74ec79ca5270,JJ FISHING,,,
5210bc28c-c3c7-a9f0-44cf-d2ed3c3b3f33,PYUNG JIN,,207,평진
5219e9730-0dec-bef6-add9-064f0223d3b7,HYEONMIN,,,현민
5223c2483-312b-0ca5-ced2-51f9299d883f,WOO YEON,,,우연
5241c3d01-1467-e13b-4f94-9485806dc5af,BAEK SANG EO,,,백상어
525d531a6-675f-851d-c90f-30380e270cce,KEOMBOK,,21,검복
525f8468c-c0d0-9684-6237-6d1cac842d9d,JOKER,,,
52798deb8-8882-9a5a-2d0d-f42e60f71bed,DEOK YANG@,,,덕양 | 덕향
5279f2863-3e23-0bd5-0a13-d47f409105a6,HEE YEONG,,,희영
528307e4b-bb2d-d150-9803-3ad0d985da5e,CHEONG MYUNG,,,청명
52ab16c00-017c-4a97-8761-375d757b9cd8,NAIKY,,,
52b26ec49-9237-e30b-171e-8702757092c0,BAEGHO,,,백
52b319cdb-ba00-11db-ba4f-2bf4809410fa,DAON,,,다온
52d523b7b-b6da-bc1c-e471-a719b689fdad,MIN JI,,,민지
52d5efe8c-cef7-8ce2-ad7b-d02fc835d213,DAE LIM,1호,,대림 | 대임
52e94f381-1d28-f5a7-40cc-edc35c0b9500,YEONGSIN,,,영신
52fd17148-8350-7c1a-5638-6eec329c5ec9,HAN BA DA,,,한바다 | 한바대
52ff747db-b577-9e28-8404-e689a4b34cd1,WON SUNG,,,원성 | 원승 | 원숭
5312b3b67-7756-6942-1375-3be47cdc8278,ZET,,,
531b982f9-9597-8e5c-15a6-f3f9dccf42a1,GANGWON,,202,강원
531c58a48-8212-a698-fe53-eb61812b75e1,DONG UN,3호,,동운 | 동은
53340e008-8448-eb45-abbc-7ce5c10d8a25,BU GANG,388호,,부강
5337c36f7-7135-8837-e939-fabbec6f8740,GYEONG BOK,,2025,경복
536836e79-9334-b9c8-188d-0833fa82dca3,BLUE HOL,,,
53731a679-91d0-d29b-eea1-07404017b78e,IL KWANG,,,일광
53762b599-9221-1ab5-80dc-db7364142f37,CHANG IL,,,창일
539471841-1427-d402-55d4-6ba7b23a2162,ABYSS,,,
53a24ab21-1821-0b6a-50a9-596a28aff7f2,JEMANSEONG,101호,,제만성
53a689ca6-6793-7e0d-b58d-01c5eddb882f,YOUNG SUNG,,,영성 | 용성 | 영승
53b148fc7-79bb-a687-63f0-006ce475fc10,SUNGGYEONG,3호,,성경 | 승경 | 숭경
53b1ed58a-add1-ce24-66c7-4f56c08b519e,TAE JIN HO-,,3,태진
53b7f1c13-3617-3bf6-e97c-b73956750725,DAE JIN,,,대진
53c80544d-d6b3-a763-6d89-37ab1501debc,CHANG HAE,,,창해
53ea6fce6-6618-2f0a-33e3-c7d9f9b02638,MAN GWANG,,,만광
53f38efe0-0a1e-ff65-a965-a45b86c8fd8d,WOOJIN,,11,우진
53f9f3ba0-066a-0177-a82f-ab1ee666bdef,TAE JIN,,,태진
54080547d-d184-4d31-2095-a2f8aca7eeb1,BADA,,,바다
5420ef21f-f247-7c92-70c7-6da93f88426c,DONGWON,,,동원
542fcf8a3-34a1-cde3-18d4-2226a51982ea,BLUEMARIN@,,,
5434374d8-872a-3d3e-3902-77de39ae19a8,HAK AM PO,,,
543e319c8-84fd-2d52-6fe4-c00b10e9a389,SIN JIN TAE POONG,,,신진태풍
544b6b165-5442-1354-b783-314c36ad2f10,SU GWANG,,103,수광
54573de30-0027-5d4b-2e5a-361fcdc99b2b,YEONG WON,,,영원
547b57efa-a805-4893-76dd-7fe6c480c9b9,SEONG HYUN,,,성현
54846a194-4282-57b1-4a6c-6582025059e2,SI YOUNG,,,시영 | 시용
5496d4056-60c9-0c95-2507-3d8aac83c0cf,BIRYONG,,,비룡 | 비용
549c33df2-2581-2b7c-6f78-486de1bf2d9b,ARIUL,,2,
54a8ff3a3-3fbd-3064-633c-51318c8e4ca2,DEOKJIN HO? K P,,607,
54cbe0225-563c-b0eb-20c3-d54825b6de63,HAE IN,101호,,해인
54da1a44a-a49b-4baa-4fdd-dd5f908f6e14,HAN RIM,,,한림 | 한임
5510ed66c-ca33-a8f8-6240-c0795be1da58,GEUMKANG,7호,,금강
551c7baa7-7338-d229-469a-082e1d5a0745,YEONG YANG,,,영양 | 영향
55205f5e1-1939-1a7b-636f-061e4c00da9b,NEWFHINGRAND,,,
5521605e2-2198-56ca-86f9-8aadd591280d,KWANGMYUNG,,,광명
553d624bf-fee5-f7e2-01b2-dbf9db3042e6,CHEONG WOON,,,청운
557e85ee9-903f-8216-d07b-6310910b6d28,NICE,,,
558bc5427-7d70-10ca-b9a9-18f8b74c9b02,DAE DONG,,,대동
558d6c899-9a05-4727-fe88-7b4d857ee669,DEOK JIN,,,덕진
55abc63e2-28b9-b20f-8ccf-74d11bd9e2fc,DEA YANG,,,대양 | 대향
55e8a44ff-f5d6-6ad7-fb21-f3ebcf68e0d3,MAN GU,,18,만구
56009db40-0cfc-8fd7-ee58-c5b5286e4209,SANGJIN,,,상진
5609e909c-cfb4-81de-1f56-336019354d08,JE CHANGNAM,,9,제창남
5615f7673-3abd-115f-2fe8-e943b9ed0fc3,BOO GUK,,,부국 | 보국
56294e011-145e-caa4-9713-60be64ce995c,NEWFAMILY,,,
5654b4d7a-a97c-02e3-5e1f-e4f733ac94ef,HAE SUNG,,,해성 | 해승 | 해숭
56630c86d-db53-eccd-c1c1-006dc6dd5c96,WOO SUNG,7호,,우성 | 우승 | 우숭
56631366d-dbec-5d91-4e38-3e625228e7ac,GORYEO,,968,고려
56ccef3c5-56f9-3954-e095-7400de2ad696,YEOJU,,,여주
56dc4b7cc-c51e-29f6-9c79-2305163ac92e,DAESUNG,,,대성 | 대승 | 대숭
56de5da8b-be8d-002e-ff77-a894d139d142,DONGA,,3,동아
56dff9e82-2576-73fe-c59d-38133145dfa3,CHUNG NAM,3호,,충남 | 청남
56e27194e-eb74-ac3d-add8-f3a7b74f6433,SUN DUCK,,,선덕 | 순덕
56e39078b-b7e9-e601-4f0d-08a14b17ae29,MIN SENG,,,민생 | 민성
56e4275d8-84d6-bcb2-81b1-46d0c4dadcc8,MARINE STAR,,,
570cde5a5-59a2-cf70-4726-d6c5bd1d2a4b,CHEON HAE,,,천해
572595991-1c33-0ee0-c70c-22ac3a880b12,DAE GIL,,,대길
575323c7e-e964-a4bf-005c-17a061a0df5a,BOOIL,,,부일 | 보일
575a094f9-9919-d57a-35b7-328946c84ad4,GILSUNG,,5,길성 | 길승 | 길숭
575f744de-efa9-0ec2-c512-7c24ea69d16f,HYEON SOO HO@,,2,현수
5773886c5-5266-c7a4-55c3-dea520fbe644,CHAMPION,,,
577fd9508-8e2b-e4ee-ba40-bb637308d281,NOMANSEONG_,,507,노만성
578b4ccb4-450d-4a80-a044-f88e42e009ab,WOO RI,,508,우리
578b7ae22-2d03-817e-4a95-3329985512ac,HAN JIN,,97,한진
57b5c6446-6fe5-7d90-21ea-5f277dfdddde,BUYOUNG,,,부영 | 부용
57c92b412-28dd-02e8-c427-5177c11a3c1b,GWANGYANG,,56,광양
57d5255bf-f0cf-750c-7c3f-541c34e235ce,HWA CHANG,,162,화창
57d8eb8ed-d0c1-7586-a242-033fcfad3dcb,DONG YANG,,500,동양 | 동향
57da2bd40-01da-723c-8c5f-909b5adc465b,POSEIDON,,,
57e35c942-2ab2-df95-3f14-91f35b85a6f5,HA RAM,,2019,하람
57e6b2e72-2465-72b4-95a8-71d269a45514,NO. HO NAM,,3,호남
5802dd40e-eecd-6c75-1445-b522daaddbd1,YEONG CHANG,,,영창
58270c1ec-c870-2af8-e15f-b137bcaf3c7b,PUNGSUENG,,20,풍승 | 풍성
584a3bdeb-bc70-1524-0d5c-7f72cb1262c8,DAE LIM,,,대림 | 대임
5858767c4-43f6-51b0-4f87-9cf2c204093d,TIMNURI,,,
585db975f-fc8f-e0f7-a4d8-3e1f9eef48a7,JE CHANG KYUNG,3호,,제창경
5866781d3-3c3c-b0d8-ee56-ee62fac90e2f,YONG MA,,,용마 | 영마
5874f2008-88e2-a726-dbbc-319afc1a361e,MAN SUK@,,,만석 | 만숙
58752293b-bad5-8996-e255-f621be030f9b,NEW SIN MYEONG,,,
5875820e4-4d08-d7bf-7116-da9135482479,SEO WON,,,서원
5880084e9-9394-049c-5279-99e3ce414e5d,SSANGDUNGI,,,
58840fb47-72f4-9417-9302-95a8232fe613,YEON CHANG,,,연창
5890b2c67-7290-658f-b58a-3aa396546180,LAMER NO.,,1,
589fd4ba7-7f00-733b-fefa-5207acdf92ab,NO.GEUMSEONG,,13,금성
58a5bb31c-cf82-8785-ddb5-a478bdedb60b,SU YOUNG HO@,,,수영 | 수용
58ab4e84d-d6a5-b55d-d239-e0cb10284ca8,CHEONG HAE,,202,청해
58b18f3cd-db28-44a9-924d-b824c152a160,YOUNG BOK,,,영복 | 용복
58b342862-2e2b-23ee-5548-64e4cff71ad8,YONG JIN,,2017,용진
58d7320a2-2685-e641-588b-a48b5b560478,HAE JU,,,해주
58da60093-322f-c2eb-28cd-b28f3ffcd92a,GEONMYOUNG,,,건명
58fc30e03-35ec-ad95-28a5-cc5e3597f01f,GEUM A,,,금아 | 금에이
590bd65dc-c280-0f4c-852d-46cdb2cff1b0,NO. DAE YANG,,111,대양
5918db760-0e9b-fab9-a289-65dd31965ac5,MIN HI,,,
592abeaec-cc6c-d506-7cd2-fe7393301b3f,SEO RIN,,,서린
592e5e702-27b3-c52d-ce85-e2003b1d9abf,TAHITI,,,
5946781a8-8c10-8699-529f-123bd2503101,YU KYUNG,,,유경
5968e2225-581b-47d0-45fb-79893933c137,SAMDEOG LEJEO,,,
598220500-0fc1-1b6a-2406-0902c54ce613,DAE UN,102호,,대운 | 대은
599369213-3805-3ac1-f891-69f4ca4ee8cd,DAEYANG,1호,,대양
59a40d0e4-4927-9369-dd87-3bee5842ba23,YU SIN,207호,,유신
59a781a82-2008-c08f-9082-2bb1d05f3028,YANGJIN,,,양진
59bad0051-1aa7-0e1c-881a-a56e69d3b7e1,DONG IL,,,동일
59e9bcdb7-7457-abf9-45a8-7338637c83c3,DAESEONG,7호,,대성
5a0ec3229-9d3c-ff7a-f343-85ef3f414339,YONG JU,,,용주 | 영주
5a1a0adb5-537a-30bd-7a7b-cdfa3d1e0b06,TONGYOUNG,,88,통영
5a1f2f010-06f9-a718-91dc-d83420353130,MIN JI,5호,,민지
5a229752a-a319-be96-879b-71f5c1438c20,YONG-SAN------------,,,용산 | 영산
5a308dfec-c568-a29a-b7d8-06e202ae822d,YUNG IL,,308,영일 | 용일
5a32b13aa-ac6c-a985-b2bd-51e0578d0cf7,HANGUK SUJUNG,5호,,항욱수중 | 항욱수정 | 한국수중
5a3c55420-0eba-d0f3-913f-7115d1a83e98,BANGTAN EO BOO@,,,
5a4d4e2e7-7746-b975-44ec-44cc7d00ec74,FISHING GUID,,2,
5a5aa6945-5cb5-f609-4e7b-9fe6c5b003e8,HWA KYANG,,,
5a73c3888-88e5-20c1-9745-8c73aa9ed10e,DOL SAN,,7,돌산
5a76cd623-3db9-e6c5-f63d-8d78e2019270,KYUNG JIN,,,경진
5a95d2197-74ea-3cfd-a1ac-349e4cf0d144,SAE HAE JIN,,,
5acd0e988-8098-6a75-821e-3a79d3ae18dc,JUNG ILL,1호,,중일 | 정일
5ad0ca8e0-0458-fe42-a22d-2efa54c7bd7c,KUMSUNG,,,금성 | 금승 | 금숭
5ad4e89b7-7499-af39-5b24-50a08854b489,MOON SUNG,6호,,문성 | 문승 | 문숭
5b1b9533e-e681-cd7e-53c7-13ef85f88d02,HAECHANG,,,해창
5b282405f-f61a-7817-296a-bfc4703967f6,TAE SUNG,,,태성 | 태승 | 태숭
5b2828624-46b9-7fca-a89f-886913b15dda,SONG GANG,2호,,송강 | 성강
5b39e7f1b-bf04-1361-efb5-0d72fdb892cc,YU HAN,101호,,유한
5b3a46707-7941-8801-13f9-020356cc345e,BIK TO LI,,,
5b525ebb7-7cdc-48a6-52a7-59c805e0a1e7,,,303,
5b5a764a4-4a22-bc18-d6fd-0e514c07a8bc,HYE SEONG,,,혜성
5b6147956-6c05-39cb-5bfc-9dcd16fd7345,YOU SIN,,,유신
5b71fb0f4-4c6e-d0dd-3497-991c249f98e2,YUIL,,7,유일
5ba95cbc5-5d7f-0dc1-a170-a52c7aa7dd71,BON SEON BU RI,,,
5bb29d1e3-30af-a701-d43b-ffd5c25be9c6,JE HAEYOUNG HO@,,7,제해영 | 제해용
5bb65ecce-eb03-2ec0-8448-4a78d8a83b74,BUM GORAE,,,범고래
5bc442632-27f8-703a-5f62-09a5d3115993,SEUNG MAN,,327,승만 | 세웅만
5bd608ccb-bc52-88d3-c543-d85396970d7e,SEOP JIN,,,
5bdb94419-9512-33bf-1397-417d1ed56d94,JIN HUNG,,,진흥
5bee33f3e-e81b-81c6-f76b-d49436515a7c,RED PUL,,,
5beed8ea2-2bb8-6b94-6964-0dfc0bdd2638,SEJIN,,2022,세진
5bf4a0f0e-e685-53b1-c3aa-51bb28755914,GEUM SEONG,,25,금성
5bf6ff58a-a588-fdee-4784-097d0424f55c,HAESEONGFISING,,,
5bf93679b-baa0-6dc1-3c7f-461ff2df7a8a,SANG JIN,,,상진
5bfb4fe17-77ec-e031-efa3-ea76ea3fba55,HANRYO,,,한료
5bfc3b528-86bb-7f5e-f359-f9da4c4e2629,DONGBAEK,,,동백
5bffe04f6-639e-b165-2f9b-63a0390bdd4a,GANG JIN,2024호,,강진
5c01d2329-9f42-b1de-dcd5-968fc7d34199,SU SUNG,,500,수성 | 수승 | 수숭
5c035fff5-5b2f-037e-130a-867b2dbee72a,DA YUEN,707호,,다유엔 | 다윤
5c0dac77f-fd58-8214-0d35-dc535b2bc187,CHANG HYUN,,2018,창현
5c1695ac5-58b6-1bf6-cabd-4f05c89148bf,DONG WON,,35,동원
5c1b9a3bc-c129-3198-6e57-3c3a9f76a34f,SEONGKWANG,,,성광
5c34c6ca5-545b-6790-2a96-ad66b2fd0dd8,SONGJUN,,,송준 | 성준
5c3c68907-730f-fa70-092a-0602749de084,GU BONG,12호,,구봉
5c4ecfd7e-e3d0-740e-dea4-4cf6a06d2ded,GEUM GYEONG,7호,,금경
5c52b08e5-5e44-3f8b-0abd-5788406f42df,HYUN SUNG,,,현성 | 현승 | 현숭
5c66bcafd-dfe4-0ca5-9bb1-257e6cfde936,HYEOP JIN,,,협진
5c6d8e7d6-6513-68b5-c008-9f56a53c6dcd,NIXX,2호,,
5c839f239-925c-eb00-d54b-10742a9699fc,SHIN CHANG NO.,,1,신창
5c8ba2d2b-b76c-90bc-50f7-91980e131515,JE DONG HYEON,,77,제동현
5c9d5929f-f52f-3800-5a29-86752a3b8fea,JOON SUNG,,2002,준성 | 조온성 | 조온승
5ca88a538-81fa-3c5f-6a84-81ff8f29da8f,TAEYANG,308호,,태양
5caf656df-fc17-66d8-8fe7-df965b7bc825,HAENG UN,,,행운 | 행은
5cb4252ad-d2ef-7bc8-bb15-42a207b64728,GOLD STAR,,2,
5cb8635ab-bb21-370c-8741-7647bd5e020e,HAE SANG,,101,해상
5cba26f80-01ae-5b98-2dd5-34ed3f946a92,DAESIN,25호,,대신
5cbd80b01-1933-e09c-ffd8-671509052ddd,DAE HEUNG,,,대흥
5cc715429-9150-a6f1-61eb-df7b35201153,JE GEUM JIN,,2,제금진
5cc75b5c1-17ec-4fd5-7399-b1b232f682a3,MA LI SOL,,,마리솔 | 마이솔
5cee45a4e-eb08-d760-f317-7002a6565a7c,YU SEONG,,,유성
5cf2d3b6e-e2a3-8c47-328a-f8d20b3bcfd1,OG SEONG,,,
5d2a775b8-877f-2ff8-a8ec-bc979d9cbdbd,NEW PEOLS,,,
5d323d983-3202-676d-8296-67d1250e5ef9,MAN SEOK,,2008,만석
5d3ba1f94-4ea3-4a34-1511-5f4644602429,HYUNG SUNG,101호,,형성 | 형승 | 형숭
5d5514a21-151f-9afb-8885-7d2706dc054b,GUMNARA,,,금나라
5d59a80e2-20e4-d4a8-d9ad-0e61d1495628,TWO GUYS,1호,,
5d5d217c4-4acd-f025-a880-398325b64b15,TAEUNG,,88,태웅 | 타응
5d638c203-3c52-fceb-c423-a61180ace9c3,DARK HORSE,,,
5d740c68b-b8ad-0dee-2c51-99d0c5b856fd,JOHWA,,,조화
5d796fa73-3569-5371-9fca-a0e7ff069936,BONG SUNG,,,봉성 | 봉승 | 봉숭
5d84a033c-c100-4aea-5f2d-2d74f2a703a3,CHANGNAM,,208,창남
5d8d93b22-2828-cc0c-eb13-2b70617fbd6b,YUNKYENG,,202,윤경
5d900d4e8-8cca-772c-9831-4ef43ee97ab8,SEUNG RI,,,승리 | 세웅리
5da35baa1-1d33-cce2-9a28-b3862d7fea1a,SEONG MAN,,,성만
5da4ce678-88eb-ae11-1537-8ed2b796108a,NEW DOL PHIN,,,
5daad41bc-c428-ab16-9f76-1b1aee21cefe,HEUKJO,,,흑조
5db634d69-9e8d-d9ca-cda8-d5fc41917055,DONG_ILL,,,동일
5db7b5ee7-7d6b-b834-7f14-5e23384c0714,HYUNJIN,,,현진
5dc084812-2dc4-3db6-b856-70b28610cbf9,GANG IN,2012호,,강인
5dca9e2db-bd38-bdd2-864b-4a52d57be75a,TAI JIN,2호,,
5dd04195c-c5e7-6bb6-7fad-ffd3a5a08d53,JE NAM SU,3호,,제남수
5df2245a7-7e09-8e3f-3523-abc873740ab9,YONG SEON,302호,,용선
5df9e33d7-75dd-de4a-af83-6323c3a4077f,JOBS,1호,,
5e08fc1f6-6ef3-79e3-bea9-cf775f8f8939,JINYOUNG,,5,진영 | 진용
5e0d2fb6a-a83d-760e-b7ba-851bcdd3feee,DAE HO FISHING,,,
5e0d8777d-dff3-4044-aacb-c9a2013a5128,YOUNG JIN,137호,,영진 | 용진
5e0dbb66f-f8fc-f8fe-30f9-78d1eacc1305,GEUMGWANG,,,금광
5e12e4717-76ae-ee52-4005-64631d0ef46f,HYUN MOO ^E.^E,,12355,
5e229adbd-d2e8-4358-3ec0-b27a55626f07,SAM SAM HO@,,,삼삼
5e263b907-7d90-d952-dd44-2d3bc9feca5e,DAEJANG,,600,대장
5e3a7d4bd-d35d-a0a7-0d9c-c5a18ad463a0,KWANG YOUNG,,,광영 | 광용
5e42881fe-e4eb-94f9-17b6-778cbc082658,NEW BAL LI,,,
5e5b8ca79-9265-504d-9ead-2515fe6d1dd7,GANG YONG,,500,강용 | 강영
5e69809a4-432c-b8fe-9cf1-ee68b1b11a85,KWANG SEONG NO,,7,광성
5e6a89828-8f85-5a9d-4b8f-a9656c7913ac,DAEHYEONG,,,대형
5e804bd73-35a0-ebef-9dcf-91746dcad5b7,GOON SAN DO SI EO BU,,,고온산도시어부
5e8e515ea-abd0-35ba-8f4d-9b9fe01be2a3,O SUNG,55호,,오성 | 오승 | 오숭
5eb79c9b4-42fb-d4e7-b630-fdb7b99faa1a,DONG BOO HO@,,,동부 | 동보
5ebfc5309-9585-7292-e45e-97c2c23a0198,YUN JEONG,,,윤정
5ec147b86-6f96-df9f-7a80-9c4d2d7291d7,CHUN MYUNG,,,천명 | 춘명
5ec7aac61-16a2-154e-de09-b57a040bffbd,MAN SEON,,,만선
5ed1e6dd9-90c5-b054-e58d-7be1eafe1ebe,HANYANG,,,한양
5f01e8f4c-c784-0aa9-a95a-45fb54fb0579,DAE DEUK,,,대득
5f0255ca9-9fac-55e7-d4b7-5ed33194bad5,DONG JIN,2011호,,동진
5f0aaf3e5-57d4-7610-591d-7f7064dfa013,NAM PO,,102,남포
5f0cde3d3-3547-9821-4ff0-703daff28a86,NO. OH REN JI,,2,
5f1bdd7b7-779d-8047-6ff0-2a8515efe4bb,NAMYANG,,,남양
5f381d8a4-4b57-c425-8dd0-b39ba43c322a,DONGJIN,,,동진
5f43a6d4d-da44-5151-533d-2a969782fefc,SEUNGIL,,,세웅일 | 세운길 | 세은길
5f5164fca-aca3-2a0b-add4-644af222d5ff,NAM JIN,,,남진
5f521e5c5-529b-57ae-0e23-e5cbf07d5df1,YOUNGKWANG,,,영광 | 용광
5f6b451f5-5757-95de-ca94-2c601669af5b,DEOG EUN,,2021,덕은
5f6d38c50-0e09-1041-3f77-6cedc3b7af8f,JAGALBAT,3호,,
5f775ac37-7490-43a4-2b7b-7f224bdd0533,CHEONG YANG,,1,청양
5f83396ba-a6fc-9641-df24-b8aa850a221f,HAEDONG,,,해동
5f878cb53-3a9a-d4e1-6bee-671971dd5d92,HYUNDAEWINDCARRY,,,
5faead493-393e-b634-cd9c-c962c12e2eb1,GEUM CHANG,,56,금창
5fc553624-4508-06fe-bdb6-1c0f74dae7c0,TAEYOUNG,,,태영 | 태용
5fda7fa51-1063-b8d0-242e-36b8a0f702b9,GOLD FISHING,,,
5fdccc7c8-8290-799f-aabb-aa487cd332b8,DAE YANG,,9,대양
5ff260e92-2e7b-0fdd-6167-f27527605682,EUNJIN,,,은진
600a1962b-b29f-98e6-abe5-f9122e60958f,JAESUNGMIN,701호,,재성민 | 재승민 | 재숭민
60175600e-eb8a-c09a-e2a8-0e168083635f,EUN GAL CHI,,,은갈치
603f1744a-a90f-b1de-071c-b14841a052dc,JIN YANG,,,진양
6043c810d-d9eb-aa75-0e93-49d67b47a21d,BK YONG,,0,
60443d85a-a7f1-0847-fa68-15e64da61f92,HAENG UN,,,행운 | 행은
605aaf548-8e0d-386d-e8dc-5e2531137219,JINSEONG,,202,진성
607c8a54c-c97b-a5e1-2dee-107425b0c5d2,PILOT CHEONG UN,,,
60838c4a2-2ed7-6e2c-91dc-5d808c951515,HAENG BOG,3호,,행복
608907222-2fb7-bb74-0661-19a8162beedd,HAEJIN,,707,해진
609e700dc-c6b0-dbe8-ebf9-090544cac49e,SUN STAR,,,
60ad4fe5b-b728-0d1a-783f-664c8c866596,BUGANG,,1,부강
60ca4b852-2f4e-df6d-0c9d-ace67274b102,EOJIN,,,어진
60cda0454-4691-9ddc-b30b-5170a171f98e,WOO JIN,,207,우진
60ced9467-762e-bf39-1b9a-b159934d9344,SO MANG,,,소망
60d579b44-4ca4-d932-f329-db888ca36d00,TAEYANG,,,태양
60e03a46d-d5dc-e198-3e33-acc347f50b42,HEAJO,,,해조
60e7848ca-a9b1-397f-3445-76a687299adf,CHEONG YANG,,,청양
60ea73d6e-ebcb-cc94-24cc-1eb0a8540559,KEUM PYEONG,,,금평
6100e2155-5280-e815-1861-2a6496f6d61f,MYOUNGS,,303,
613334373-3cd6-ba63-106e-07c96ccef726,SANG DEOK,,,상덕
615a7e907-7100-0a11-a522-34f575395854,STELLAR,,,
616cd15d3-36d7-2efb-0184-c3a9595aa914,ILSIN,,,일신
61873cb93-3ebf-2887-b26b-0bde7338f3f3,FOUR SEASON,,2,
618d99a3a-ac3b-7e19-6597-07a105109ee3,DAE MYEONG,,,대명
6199ffbf6-6405-c510-1737-45523cc7165c,NEW GEURIN,2호,,
619a16e18-85c2-fbb9-3ec1-40813a471b43,YANGJI,,,양지
61a1fe906-6c57-e1af-d4fc-596e27b3663e,BU YANG,601호,,부양 | 부향
61bf23b8e-ebee-6391-f980-c2f4dfc20488,JEONGMIN,,,정민
61bfa68af-f5c6-4137-5a03-4d0d4bf3da4a,K,2호,,
61c547770-0b0c-4e2f-3969-c22a25f0ec08,TIM MANSU,,,
61d6f5502-2a8d-330c-5d7d-85db318c950b,SEONGHYEON,,,성현
61ec049f5-5197-6485-8d79-3b62467d4e6d,WONGWANG-,,,원광
620131fef-f2c7-2862-c5e8-467bc4813308,OOJOO,,,오오주
622a1f3f9-9218-35d4-9378-58a158b79724,DA WOON,,,다운 | 대운
622fa1004-461e-b8c3-c67a-454687e759d3,SINHWA,,77,신화
6239f687f-fca6-94bd-9b36-2da618e28961,NEW LIVE,,,
6251786b1-1a94-594c-8668-a4c757688a59,ROK GOV VESSEL,,,
625334d66-6bd5-bcd2-8aa0-627772560e04,BLUE FORCE,,,
625ecf6e9-9105-3de6-4865-c750288d00bf,CHUNG KWANG,,,충광 | 청광
6260d70d2-2e16-5e56-6ce3-9fe86e929914,SUNGKWANG,,,성광 | 승광 | 숭광
626241691-1e3d-8b8f-f005-9d3f994506a9,SEONG AN,,,성안
62671b30e-e1c6-5675-ec40-6eabe9e75ec3,TAEBACK,501호,,
627f20702-279d-59c1-ced0-b3f04f11f5f9,DAEWON,,,대원
629762528-8709-ed5e-240c-0c2c40d8cd44,JE NAM YEONG,3호,,제남영
62a604f8d-d5be-e250-6e12-382216f6c99f,NAM DEOG,5호,,남덕
62ae7cb6b-b902-8285-2dd1-c9006ae377ea,DONGKYUNG,88호,,동경
62b05a8f9-9afc-7592-96a5-86b1b0ac6cd4,DAE IL,208호,,대일
62b9126f7-7594-c67b-0d26-3f4b87da3b66,HAE,,,해
62bb4e877-750a-606e-2f72-27e2df9880b4,DAE YEON,207호,,대연
62bc92f51-1e45-7a24-4c8c-3a425f77400c,MAN SEONG,,,만성
62c579f02-2f1f-6096-9164-ee9875852daf,NO.WOOYANG,,102,우양
62cd4b651-13cf-af1a-1396-2fcf5043d4e1,WHITE SHARK,,,
62d51449a-a222-4b98-3241-a9502284451f,SHINHYUN,,,신현
62d7d08f5-52b3-84e1-cdd9-32169bc0692f,SINAESAN,,2016,신애산 | 신에산
62dbde812-2cac-c6df-6e57-ee900257655f,HAE GEUM,,102,해금
62de65dc8-8ebd-3df7-f04d-0ae24cae070c,HAE YONG,,,해용 | 해영
62e347afe-edb6-b4fc-9c5b-a43f0d830538,NEWYONGGUNG,,,
6316aa368-83e5-561a-ea10-9fcec9502ac5,HAENG UN,,21,행운 | 행은
6316c45cc-c533-4d0d-836e-53ed1b06a30e,HA YONG,,3,하용 | 하영
631e77ec1-12fc-46a9-b758-c09b30effd5f,BOGYEONG,,,복영 | 보경
632e195c2-2c34-b6ab-3118-b05abf95cbd4,NEW MYUNG JIN,,,
6355131c3-33cc-6517-15db-dc6b4e8531fe,TAEPYOUNG,,866,
63705a1e9-9a13-6ca5-45d3-0fc7b859a08f,DAE SUNG,5호,,대성 | 대승 | 대숭
637634e72-28ab-2782-0328-e9414f65ef14,DAE SEONG,,,대성
63785c31c-c0e0-cba9-9933-03481728c808,IN SUNG,3호,,인성 | 인승 | 인숭
637973e76-6793-3107-a4be-3a936522160d,CHEONG JIN,,,청진
6385297d4-4ece-db99-bb97-5eabfb4359c2,TAE UN,,,태운 | 태은
638bcf8e6-6c49-50b8-2dea-3e191e2e4995,CHEON_BOK,,,천복
639902190-0c53-b0ea-afe9-398095e0d9e3,HAEGWANG,,,해광
639edfcf1-14e8-1bc6-41ca-2a38b8fb6f2e,HYEONJIN,,,현진
63aa36067-781d-7d5c-c56f-924e138d044d,SUNG IL,,,성일 | 승일 | 숭일
63bd1b5db-bd71-af54-48a1-60cdb447a741,DAE YANG,,1,대양
63c89a755-50ba-ebd1-dda7-19f297194e39,TEAWHA,,11,태화
63c9c8db1-1322-42ec-7da3-ea3507ae51a1,GEUM NAM,,,금남
63c9ebc2c-c05c-0771-34b6-6623d35226b5,DONG IL,2023호,,동일
63ce502f7-7472-5845-4737-de9729ab8c89,I RE,,,
63de3169a-a1a7-cf8f-e835-48b3c5eab2eb,DONG KYUNG,75호,,동경
63f2bc2f6-6d89-8bb0-af96-9f21ff852238,TN LETO,,,
63feaf79f-f2ae-f9d1-6025-dddfc55b8d52,WON DAE SEUNG,,,원대승 | 원대세웅
6407c3bbb-b5ba-0360-d87a-9d6985ef1660,JANG MI,2025호,,장미
64142fa00-0979-c543-9803-89fd9e6ed3be,ILSIN,,,일신
64390f542-28b2-de4a-923a-336c688c12ca,MYEONG YANG,,,명양 | 명향
6439ebe2d-ddd0-da83-e4b2-c3f2885761bb,TEAM SKY,,,
644c4d78c-c967-a88d-53d6-ea84f6e2df25,EO PUNG,3호,,어풍
645d5fb57-74b3-5033-1b1b-ac15f04ab934,GGA MANG HO@,,,
645eda11a-ae3a-865e-0548-bd4d749813d6,YE JIN,,,예진
6471493e5-55f8-8e99-3c32-c6763f6f7581,NEW HANSARI,,3,
6475b2540-0bce-ac93-6228-c4a3e2fe1282,BADAHARI,,,바다하리
647f0489c-c2e4-e7ab-9a79-67e46185f3d1,JEON JIN,,,전진
648313bf7-7b1b-579c-8631-b4cec23dd636,NEW JIN JO,,,
6492ba74f-f69a-c4ad-79fa-1d4abd11baf0,SAM SUNG,,,삼성 | 삼승 | 삼숭
6494788b2-2b36-0acd-d2f7-6208253e7776,NO.DAEHYUN,,27,대현
649918d67-7d11-0490-062f-2106ec261b95,MAN GANG,,,만강
64a0bbf10-0d9e-7f50-5d8c-f5c8b8ba2d58,NO. SEO HYUN,,307,서현
64a156ab2-2072-9e95-e0c2-cc5aaf420997,SEUNG JIN,5호,,승진 | 세웅진
64e912e1d-d860-1fec-c0f9-e137866e8d18,RECORD,,,
64e9ce66c-cc03-0547-5124-a478ca73f05e,NAM KYOUNG,,,남경
64f039987-723b-81e9-d031-8844e8961e89,UNG JIN,,,웅진
64f450922-27c6-1657-65cd-48384a6fd8c0,ECO BUSAN,,,
64f656a16-6f48-3b48-348a-569fb9b20fa0,DAE YANG,6호,,대양
64ffbe4f8-85ac-4893-f3c2-2efb9af200c8,DONGSAM,707호,,동삼
651a06b07-7cc1-f5dd-e8a7-c50aac1c4a2c,TAEJIN,211호,,태진
652a9a809-981d-c462-1d1c-aaad7ce5270b,SIMITER,,,
6539d028b-ba19-7a42-9cf7-f1e9d0a4da7f,PPAPPONG,,,
654b05124-4604-6226-fe69-463fb18e71c4,JINHEUNG,,3000,진흥
654d1cea7-7c63-8c01-527c-bc23dca469f2,BU KYUNG,,17,부경
655c53f3d-db1a-cc32-c526-81fa9ccdaff2,DEOG SEONG,,,덕성
6569e9581-1bda-2024-e08e-a9639479ed6e,WON SAN STAR,,,
656cc4bb9-93ab-6708-eb67-a4206e78959e,DONGBANG RUBY,,,
6581c4b6d-d257-0831-d38d-9ffeb823caab,YUNJIN,,,윤진
65a76e1ac-c542-b2b2-0556-01f2d6a5e8a9,AN SEONG,,,안성
65bfa401e-e4a0-e666-5885-895183962b1f,SN SUNG H,,310,
65bfd2c77-7b7e-f780-4d94-c1d150746337,GYERYONG,,,계룡 | 계용
65c6c3ed9-9b6b-19a6-f6f3-a37fe8c45ce7,JE DONG,,,제동
65ebf22b1-17b2-1ffd-0148-ff8a2f1f7dda,SAMSEONG,5호,,삼성
65f8907bc-c710-6773-b09d-03ca110fe235,DAJUNG,,,다중 | 다정
65fe155a0-0c7d-cb86-40bc-360020946c6a,SEONGKWANG,,35,성광
6622545e3-3c04-d707-643a-93f051f1d81c,LUKINA,,,
662f61975-5f17-56e5-f1e5-03a3a74e0749,U SEONG,,203,우성
662fb3151-1f6f-4098-1633-1f41849a8c4d,MUGUNGHW,,500,무궁화
6638a98cc-cf73-2054-77e9-ee4da2c37ac2,SUNG GWANG,5호,,성광 | 승광 | 숭광
663b4e729-9cae-22cd-a2b1-3324636292f5,GEUM HWA,,18,금화
6642a5f17-74c1-85ab-62eb-7d625f1ec3d7,SUSAN,,,수산
664f75639-97e0-5146-2559-a7573701e470,WOOYANG,26호,,우양
665e2eb3b-ba50-72c2-1451-9f3af7e26b38,BOLMAE,2024호,,
666568998-87ca-508b-2575-63c3817e77dd,NO. KEUM SUNG,,121,금성 | 금승 | 금숭
666e0a567-7231-c4a7-50f6-8108aa6472f7,NAM SEONG,,2027,남성
6679b9971-1356-3a8f-d3dd-7c4dafe21788,NARA,,,나라
668513ba3-3108-fa36-0e0d-5c4be595e87b,DONG HAE,,,동해
66948bf0c-ca1a-c83c-a3f7-f289828547ca,DAECHAN,,,대찬
66962d997-7dcf-5b56-17df-4759536749d6,GIL JEONG,,603,길정
66d6f8b21-1027-e172-e201-8eafb76e6e1f,YU JIN,,202,유진
66e47d6e4-45a0-a083-d0e0-ec2e680903ee,NOA,,,
66e97c9ca-a169-259e-3e82-45861791de1d,YANG WOO,,,양우 | 향우
66eaaa225-50ee-dad1-2c4e-015512511d32,SIN YEONG,1호,,신영
66f1fd52c-cb63-058b-a8ed-92c42a07f00e,DONGYOUNG,233호,,동영 | 동용
66faaefaf-fd15-7223-d5d7-9b4e10177489,FERARI,,,
67120cb8a-a087-dab6-392b-7dbf4d8fdf6b,NURI,,,누리
6713b7a62-2a2f-44dc-e926-271e159467fa,BLUE MIR,,,
671d7b646-6ed7-c1c2-4ac0-f79986793e68,SAM,,,삼
672927d40-0a97-7321-f495-a8f3c8387059,GYEONG DEOK,,3,경덕
67420e7c6-6dcc-0488-c6d3-79bc09653fd9,HAE RYONG,,,해룡 | 해용
6761fc87c-c6a9-0a7a-8242-b0694e8a34c1,NO GU JIN,,3,구진
6766950b2-252e-da3a-3b1a-f4a2ba2f14c7,KWANG SUNG,,2,광성 | 광승 | 광숭
67818c301-1dc2-88a2-1378-af7fd0b76da7,NAM IL,,,남일
67840ace8-83c8-468f-19e8-067effd039ac,YEONG IL,707호,,영일
678e2591e-e7f2-02c5-5fae-d0f28a0cdbf0,JEHYENDEOK,1호,,제현덕
67a8f71bc-c5db-f7b2-e6e3-7ddbccafb6aa,HYO JIN,2호,,효진
67a916a09-9e78-dc11-1e78-d3ee3a661dd9,NEW ASIA,,,
67bdd5460-00ae-2011-5574-ac588b121fb5,SEO KWANG,,5,서광
67c3b5cb7-7a9c-213e-3f6d-13e54f335d0a,BONG JIN,,,봉진
67ef2754e-e035-3152-2289-6b111f8d8188,YUJIN,,,유진
67f94192d-de71-c9c7-2dd8-011ed2800ea7,SIN SU DEOK,,,신수덕
680a25781-1a58-fb50-ba6c-4b481c7ef2fe,SEJUNG,5호,,세중 | 세정
681c6535a-a880-287f-c9e9-f806fb224ece,BU CHANG,,101,부창
6823a1cd7-74cf-4b84-8153-f49c9ef32860,BIRYONG,,,비룡 | 비용
682491bf0-0d7f-435a-7c65-3cb1df642882,JANG SHIN,,,장신
682b79fff-fa9e-b927-5f65-4c3a77786922,JE TAE GEUG,,36,
682fa18ee-e148-a60f-2b5e-72b2b3620062,CHANG YANG,,,창양 | 창향
685c64e5f-f593-5eb4-e3ea-5a353e4f84f3,HYUN WOO,,,현우
6866742db-b872-94ba-314e-58ee00e6a295,HYEONG JE,,,형제
6867bcf6d-dbdd-e3fc-cf2b-85a0c4d6c8b5,YU JUNG HO@,,3,유정 | 유중
686f7c3af-ff48-0238-8dfb-b77e7da391bf,PLUS,,,
6888bae78-8d82-f40e-9f3d-800689163c9b,GWANG JIN,25호,,광진
688a2f616-66c5-7799-5d78-43f71159d986,SEVEN SINHWA,,,
6892c6618-80b2-4a49-e617-27f0aa207d68,KYUNGSUN,,305,
6898ae539-9e59-2d2f-fdb5-63ce08cbb613,DEOK UN,505호,,덕운 | 덕은
68ac8d3a6-6877-57bb-da40-5c95f464ffae,HANBADA,,,한바다
68b68d663-3c07-fc8d-11bb-48c4605ddc94,SINSUNG,,,신성 | 신승 | 신숭
68be4c2d0-07d8-7e38-09e8-de2c8dc41a95,HWA SEONG,,,화성
68c289cc6-6434-cec6-1a8d-97ff5d94ae10,HAN SUNG,,,한성 | 한승 | 한숭
68d933d05-569c-3d17-5340-7ba7aef9a659,BOSEONG,,,보성
68dd610bb-bd0b-b891-7204-485100561127,HYEGANG,,,혜강
68eb3ad29-9ad3-217c-6919-10e76c77c451,MANBONG,,1858,만봉
68f0edf82-2882-6d62-8a92-836da111c6e9,DAI JIN,,,다이진 | 대진
68f8fb585-5e6c-0823-0007-832c95459dc9,HAE SEONG,,,해성
68fbdd168-8f79-b1e6-e3c3-b010e71c8b57,GUKLIBGONGWON,103호,,국립공원
68feecda7-7503-4d76-c0c0-67535549ba1f,EOJIN,,207,어진
692ba61cf-fe8f-8206-adfa-31b3ae0813c7,NO. CHANGLIM,,502,창림 | 창임
694b00efb-be3c-477e-58af-b8e6fd106574,HAE SANG,,102,해상
6957ab3fb-b22c-bed9-66f2-56a59565e98f,TAE IL,,88,태일
6973b6655-52a7-6efc-faab-aca3a27fbe28,SINTAEYANG,,301,신태양
6979509b2-292c-25ab-5838-8f4e76c9419d,JE SUNG JIN,111호,,제성진 | 제승진 | 제숭진
698bee167-78eb-4ccb-f7cc-1a5273963634,SUNGYONG,,311,성용 | 승용 | 숭용
698e3b8c8-8d4a-b456-4102-2f564a1c42fd,DAE JIN H,,0,
698f92df9-9532-6d84-734a-4304fc118d41,GA YEON,,,가연
69932f441-1a36-4352-7607-d3fc5a84a19c,KWANG SEON,,,광선
699e20f94-4f34-5dc2-f417-dbe9c9c02d29,DONG MYEONG,,118,동명
69a9d07af-fefb-bfef-2d9a-39bfc7bc2fef,SU GOUNG,,,수고웅
69d66313d-d0a9-ee54-71fe-63960875a28b,IL KWANG,101호,,일광
69debb415-5067-e8d6-c621-85312427e5ce,NARI,,,나리
69fa94804-4287-caed-ae15-84380e5b26c8,KYUNG YANG,1호,,경양 | 경향
69fada3ad-de0b-5394-f452-005132748453,JEONGKANG,,,정강
6a16c1eb3-35a0-daf3-fa76-d3cc2864e693,JE HYUN DEOK,1호,,제현덕
6a2345cbb-bf30-fe2c-9918-f4a8d4eff5c6,DONG BANG,,,동방
6a2882131-18d8-e717-6acd-e2e600d0a8f1,YOUNGMIN,,,영민 | 용민
6a3838318-8174-0d6b-bbf9-850971b45ac6,SONGLIMFERRY,5호,,
6a527da84-4710-d9e1-9265-43126f6e4e59,GANG PRO,,,
6a8145ac5-5e37-c887-b8b3-43c7c733539b,GWANGGU,6호,,광구
6a81b4952-2bc1-408c-7460-5b87443240cf,POWER,,,
6a8f68ac5-509b-0dbb-a006-fb11eec36cbe,JANG SEONG,,,장성
6a949bbb3-35a7-6b13-62b5-f4ce43a96740,ECO GAS,,,
6a987aa43-3e13-56f1-b37d-46a7d6651aa8,DAE WOO,,,대우
6a9f92c71-1e20-710c-5e6c-535e89cedc19,JIN YANG,,,진양
6aa15efb0-0db0-86a8-8d6e-0a95b9fb770e,DAE YOUNG,,,대영 | 대용
6aa63dfbe-ee92-7f72-a331-0c8d4d93c147,MUJIN,,,무진
6abc9b277-720c-63fe-09da-d0483e8e6b4e,SE YEON,,,세연
6ad2151c1-1a51-4c37-676e-a681361b860d,JEBOOYUNG,99호,,제부영 | 제보영 | 제부용
6ae82a194-4eae-9244-107b-77b0d0eaefd5,YOONKYENG,,207,윤경
6afe0b3fb-b73d-eaba-6fb7-056afc503887,HAE IN,,,해인
6b0fe8a65-5f0c-381c-08b9-1735a487bc19,YEONGJIN,,,영진
6b181e898-8e39-1b47-0377-6f2495ab1fa5,MIN SEONG,,,민성
6b1b4e783-3e12-a83b-d51c-1b4213be3ed2,JI HYEON,,,지현
6b2d1138e-e9c0-530e-a4c3-82cef9e7fd11,SEONG HWA,,105,성화
6b3182ecf-f489-6dff-6ecf-f71a498ec135,CHEONG HAE,,,청해
6b383cb7c-c2e8-5f8d-3def-f84c495dc3e9,SEUNGJIN,,102,승진 | 세웅진
6b4ab788b-b666-b634-f254-6adfe87819ec,CHEON YANG,1호,,천양 | 천향
6b537da1f-ff91-bf35-3735-379f14af6328,CHEON SOO MAN@,,,천수만
6b586ff88-8f63-bb37-b3a9-f94e87b9c9dd,CHUNGGWANG,302호,,충광 | 청광
6b5ed8fdd-dadd-9ab5-902b-c79c86653046,ONNURI,,,온누리
6b61d9455-5579-08bd-2630-6211109ca8a6,YEWJIN,,13,여진
6b702c107-7367-432c-6f37-41f8fa40e746,YUNGDONG,203호,,영동 | 용동
6b75e6d4c-c1a2-0114-7337-862183911a67,JIN SEONG,,,진성
6b9d865d6-6e2f-8104-4243-769b2496f614,YEO JU,,,여주
6ba06a3c0-054b-3a56-821b-a38a75ae21bb,DONGGWANG,,153,동광
6bb96264b-bf25-b297-2b00-01e63d95a062,POINT PISING,,,
6bc1ba786-6000-d425-9c93-35f2053d8051,BOHEUNG,,501,보흥
6bc6137b0-0d0c-04a8-5437-b1adb267c5c8,GEUM JEONG,,3,금정
6bcb6b61b-b265-fd97-9cad-15a3b5afae98,NEW NAPOLI,,,
6bce69ed5-5bbc-717f-51ef-2fc9accc666f,SAMO,103호,,삼오 | 사모
6bdd421ca-af1d-0b74-6a39-1174b1d798be,HAE CHEON,307호,,해천
6be65321a-ad9a-70a3-f4e3-765802b480fc,MYUNG SEONG,,668,명성
6bebbf5d8-80c5-bb20-cfeb-457dcbb37049,GANGNAM,,,강남
6bf338e6c-cffc-a070-b39e-c8d608465bf3,U JIN,2025호,,우진
6c0541dc8-8a2d-3166-b68a-003da5df6698,DAE GWANG @,,,대광
6c0a97b21-1809-69c3-2333-44880ede30d8,DAE JIN,,107,대진
6c1ac0153-3b49-3640-c55b-83550f35646c,HAENG BOG,,,행복
6c23df62a-ac02-d5ad-3b76-0726acf5b14c,YONG SEONG,,,용성 | 영성
6c282a358-8fa8-df87-19c1-ab3cdd9d3ef9,DONGGWANG,,153,동광
6c4803ad6-6243-45b5-97e9-1cdc3b03af9c,HAESHIN,620호,,해신
6c6219664-441b-4551-a00c-0f656435384d,HUI GYEONG,,,희경
6c77c126f-f9f5-472b-b15f-b5602d95a81e,HAE OREUM,,,해오름
6c7b70b09-9319-65ec-20d7-d0910a2fbff6,SE GIL,,19,세길
6c92f787c-caef-a476-c57f-1c6566094fa4,GOLDFISHING,,,
6cba36cfd-dfdf-3b43-7939-3391122fa65a,MODUM,,,
6cbbf70b9-9aea-cc35-dab1-78a1d13939ff,SUBOK,,,수복
6cbed339d-d510-565f-035a-fabda2c1cdda,GEUMCHANG,,,금창
6ccaf2a0f-f769-2b89-be99-ce3ae4714a8c,JEBU YEONG,2019호,,제부영
6ccc649bd-dbc5-89fe-1702-8d6d3d22a56c,DAE YOU,,,대유
6cd4b20ac-cda6-6d23-2154-31fac9d7a6ec,SAM YANG,9호,,삼양
6cd5dbfd8-8038-075e-bef6-618ee16aa94a,SEONGEUN,,356,성은 | 선근
6cd8366dd-dbbe-3578-2ea4-9d87ce89b8d1,JEUNG JIN,,,제웅진
6d032ebbe-efa3-fdde-1b31-e5f666dd1c66,BLACKPEARL,5호,,
6d03c3980-0e79-7901-1335-9fad0a594373,DAE HEUNG H,,3060,
6d0d71c18-899b-358e-ac4d-cbf220fc0c29,HAE DUK HO@,,237,해덕
6d1f598d7-793b-975d-497e-5ef2327668ba,MYUNG DUCK,5호,,명덕
6d2f0f2cd-d8c1-64cb-f593-de6410d6c0b6,DEOK SIN,,,덕신
6d3625778-866e-d01c-9b71-e802d9a551d7,NO. HAE SUNG,,506,해성 | 해승 | 해숭
6d370764d-dae5-8df0-e2d7-1f6ec0969bdf,HAENG BOK,302호,,행복
6d3cff260-06a8-b135-9211-438b9f19b685,HAN IL,,208,한일
6d495e4c1-1b9f-215c-c8a3-b865fee4efeb,SU YUNG,15호,,수영 | 수용
6d6f1532c-c521-573b-ccfe-fa55e66c5308,SEOHAE,,,서해
6d6f33a2e-ed34-8978-ce10-a14c3f1b36ed,EUN GWANG,,2,은광
6d994d0ba-ad79-8494-e72c-a3b5d7bdd532,HAE JIN,,,해진
6d9ed685c-cc05-8012-d0ab-831c22ed4bfa,YU SEON,,,유선
6da6bf377-7a04-27ab-eaf4-ea178e83297c,SEONG HYEON,,,성현
6ddabf245-51eb-710f-8d95-7871bf7ed743,MYUNG.RANG,2002호,,명랑
6dea894a9-9e05-e983-e3b7-431f619cd32d,GAESUNG,,,가에성 | 가에승 | 가에숭
6decbc6f9-9661-ff56-d5f0-3d4134e0c192,SEONG HWA,1호,,성화
6e089823e-eec2-3a8a-399b-2d01e3cc6cd0,HONG EUN,,36,홍은
6e115fece-ef85-a851-63d0-ddadcb776fa7,DEOK JIN,508호,,덕진
6e1a9a939-99e2-b378-a2e1-fa3524fd7974,HWANG JE,,,황제
6e1d42f52-2da5-d198-b2fe-e626857a27b3,YU YANG,2호,,유양 | 유향
6e23ea341-1aea-25ae-37fd-db32129c409b,NEWGREEN,,,
6e29002f7-714e-863c-087a-aa5a4ef30e65,YOUNG DONG,2호,,영동 | 용동
6e3be4fa6-62fb-0ea4-8cb0-e4e6b45cdd2a,JE CHANG YU,6호,,제창유
6e465ed89-903c-eb3d-7d7f-9a5a6e34d020,NO.CHANG YANG,,1,창양 | 창향
6e48481be-e78b-e816-2fc1-2cd7069fef63,HAE CHANG,,,해창
6e4934cc7-7f0b-a8ec-5d0d-be3010004daf,HYUNDAI,,,현대
6e5aad916-6837-e0d0-a140-093dc8078e18,-CHUNG-RYONG,,102,충룡 | 청룡 | 충용
6e5c87d9f-f480-dfbb-b972-0b809c1ea579,JEON JIN,,7,전진
6e5f6e575-5f0f-a30e-ccba-cd04e292fa03,NEWBLUESTAR,,,
6e8b54892-210e-7863-7a01-2599f206d216,SEVEN,,,
6ea969c90-0ca3-e405-d07c-9d37c78bbc88,ONE FISHING,,,
6eb7b01f2-2be2-d86c-7fe4-f5293f6fa339,ANNYEONGHASE,,,안녕하세요
6eca35737-724a-6f7e-8f56-550a0f316cf9,KYUNG YEONG,,,경영
6ed836ed2-2d16-cf97-31c3-fa39d3b26444,TAEPYUNG,,868,태평
6ee17151c-caf0-c9ce-7a6d-0cd687cd6eb3,YOUNG POONG,,,영풍 | 용풍
6ee84a1af-fe97-d15a-d7a3-5bf7dd9f86da,NAGA,,,나가
6ef3d5c05-58b6-6164-0144-4157e6c6f1e1,SE JONG,77호,,세종
6f1c2207f-fbf8-27eb-fd4a-1df2d7c8801d,DAL HAE,,,달해
6f258cf94-4f1e-baf8-9d7d-ddde3545c28e,BA DA,,,바다
6f28d500a-a796-c4fd-28d5-542b0a9d6eef,SEONGNAM,,,성남
6f2b50695-5886-a212-71e6-e32f5ba1fe5b,TAE CHANG,,,태창
6f32f0256-6e70-4ac1-292f-0f8653693098,MYEONGGWANG,,202,명광
6f5d97b55-56e8-f69b-1ab3-80549a8e6025,SEUNG BIN,,136,승빈 | 세웅빈
6f70b8bdc-cc55-7879-645c-76654cc6cad3,NAM YOUNG,,5,남영 | 남용
6f77670de-ea51-8607-9d85-20663897bcd0,KUEM CHUN,,,금춘 | 금천
6f800928a-a4d6-cf5c-ccdb-5ad0860b56eb,FORTUNA,,2,
6f81cbf47-7fa6-5a6b-0105-01470038f4ff,SOO KYUNG,2호,,수경
6faeb8ad1-14a9-e8e0-bdac-01f5967bcc3c,CHANG SUNG,,,창성 | 창승 | 창숭
6fb3b3103-3264-23f3-7320-c755fbb24a52,NO. KWANGSIN,,3,광신
6fb65f62c-c349-3cda-bbc1-7ca028dea88f,BONITA,,,
6fc213732-2dcd-970f-5d28-a468f3fd0e3c,MAN BOK,29호,,만복
6fd3ea648-88e0-3a98-747c-48616fbe8cf4,YUSIN,2026호,,유신
6fe598575-53c3-0c12-9fa3-8024706c9928,CHANG YUNG,,208,창영 | 창용
6fe864cac-c813-090e-d0db-5de44eac3248,GAZUA,,,
6ff5e53f2-2ad8-bee7-65ec-f851eab70136,JE HWA SUNG,,27,제화성 | 제화승 | 제화숭
6ff75bdb6-6636-52fc-1b5c-c01ef065d8bb,YOUNG SHIN,,,영신 | 용신
701b945a6-677a-e815-ba28-6e53d2eb62c4,KUN YOUNG,,,군영 | 군용
702d8348d-d240-44bd-7588-25b238cca6b2,TAEWONWON,,,태원원
70376db20-0dc6-2911-e24d-1d96884acd2c,WOO IL,,,우일
703d39671-1f31-4a51-8177-175744cb91be,DAEYANG,,,대양
704aab60e-e771-a6ea-a1d9-1cd3d6a45bde,HAN BA DA,,,한바다 | 한바대
70589c085-5a21-775c-7384-512dbbb66a71,YOU JUNG,2호,,유정 | 유중
707bfab69-9d32-458a-9eec-93358e957879,KOSEUMOSEU,2호,,고스모스
707e82a60-011e-fd34-c4b6-73370f703aa6,VITAMIN,,2,
7083b4d7d-d792-e09a-f7c7-0649932cc554,NO. SAM KWANG,,55,삼광
7090b38e0-0c08-f83c-599c-42820534a62e,DONGSIN,,,동신
70a42dd4a-ad4a-ccfb-608a-4a4d12bd8774,JETAERIM,,808,제태림 | 제태임
70ab44058-87a7-3626-853b-8d23c81e40ac,KWANGSUNG,303호,,광성 | 광승 | 광숭
70ae3d711-10aa-fc26-2310-13abb272a1e3,HEUNGSEONG,,207,흥성
70b7ac2fe-e2bb-5f68-8fa9-10aaf1df640b,DONGYANG,,206,동양
70bf484a8-8dc9-2c11-35dd-7c49d09976bb,JAE MYEONGYOUNG,202호,,재명영 | 재명용
70ed789e6-6281-a5f8-16f0-56e53bced0b5,NEW KINGDEOM,,,
70f0bc0c3-3568-f38b-7f26-ace4a7aeb2c5,SUN JIN NO.,,901,선진 | 순진
7103f33c8-8a2d-d4da-97a0-f1ce36ffaa3a,DONG BAEK,,,동백
71056ff16-6356-4bf9-b66b-18326f91ce1c,JEMANSEONG,102호,,제만성
710b6bce0-0c4c-b98d-c22e-e869202c5c4c,YOUNG JIN,,,영진 | 용진
7113f9169-9053-1ffe-8aaf-eef2257200e5,SAM CHENPO,,,
7113fc449-953f-b45a-0342-7e1c036d8911,EUN BIT,,,
711b85bfa-a9a2-a38d-3c6f-13ca5a3b1618,BU KYUNG,,67,부경
713df9b92-21a9-40d4-f86d-dacf4d274ca0,GANG JEON,,,강전
713fcccd0-0930-f155-a7a6-13b68e47dcb0,DEOK JIN,801호,,덕진
715878677-7e59-e00d-fb25-57161f401448,NEW BE JJANG,,,
7166bdde1-1413-0f64-da40-236d71b9568c,YOUNGSUNG,,,영성 | 용성 | 영승
71799e819-95c3-d224-124e-b67a6b59e099,HOUNGAN,2호,,호웅안
719b46b00-0984-c6f1-427a-66a7acac2d84,HAE RIM,5호,,해림 | 해임
71a2e4bc7-7562-896e-1e71-3bd9b21a3761,MYONG KWANG,,,명광
71a530d04-4a06-066a-3991-8f9c1b2cbab1,CHEONJI,5호,,천지
71c09eeb8-878a-a10c-1d04-2ce8db8115c7,DAE DONG,,,대동
71c737e52-2213-8bbb-e001-9fdddbc6e7d4,NEW DAE HO FISHING,,,
71e228bc7-77f1-b2a4-a7df-b34015851233,DONG IN,,,동인
71f960d21-1342-253d-9122-76fc12ad2002,GEUM CHANG,,,금창
71faccfcb-b81b-30d7-005a-eec2b17e41ff,YONG JIN,,,용진
71fc3f06d-d0b5-9d63-adb7-0bddd11bd8c2,SIN BANG,,8,신방
720477669-982d-1a57-8a6d-51d5c32d67e6,WONKWANG,,707,원광
72194ae11-1962-e8de-ce27-e13fab8318eb,MANSEONG,105호,,만성
721e97b5f-f313-2d1b-d67d-93e6afc96105,GRAE,,1000,
72285e870-03a7-9ede-b21f-df4c3319b9ac,CHANGYEONG,,305,창영 | 찬경
725405faf-f7c4-b0f4-1554-31e32c19ffa1,MYUNG KWANG,,505,명광
7256e60cb-becd-ff09-cb3f-e69d29249059,DONG,2호,,동
72687f42c-cb41-4c25-80d0-87a46a237fe5,DAE SUNG,,5002,대성 | 대승 | 대숭
726d851db-bc04-9312-2655-d8f5dced0783,MYUNGSEONG,,,명성
72806e1ed-d4f7-86c7-3dd5-db49fba57f78,BECK SEUNG,,,
7288aabd3-3935-0a5a-3f47-33a2ea85afcc,SINYONG,,,신용
728aae48f-f95b-c8f8-f16d-7e4aa0ce3d9f,DEOKSU_,,,덕수
728ca4e93-3d62-d4e1-a1f3-063adb300b5c,DONGMYOUNG,,,동명
728f67ea0-009f-c433-5cb0-5503e4bcca17,HYEONG JAE,,,형재
7298798e7-7c16-3cb9-9324-cdf9edb2f522,HAN SEONG,337호,,한성
72a1e5dc3-3664-20b2-0922-892cbdef13ec,YAMOOJIN,,,야모오진
72b9b80b5-5392-5b9c-55e4-5ceb8224bc35,SEOK HWAN,,,석환
72c7749ef-f9ca-2c49-f2f5-898e7a3679fe,SPEED,,,
72ce11b49-9360-2993-0107-e09f8a1f65a4,MANSEONG,,777,만성
72cee267a-ac11-4735-3fbb-ef90321b33df,YUSEONG,,,유성
72e18a7d6-6262-2f71-9114-50394d0a3f85,YONGSUNG,,,용성 | 용승 | 용숭
72f355b1d-deb0-1704-1a1f-2bf9f92c80cc,NEW VICTORY,,,
72f4d294d-d184-b7b7-8f31-807a92d402cd,YONG SEONG,,,용성 | 영성
72ff5b390-0407-7ce1-d7dd-bd7155b71f36,YUMIN,,,유민
72ffa4c8d-d858-559f-2e8f-eb7be889ebc1,HEUNG MIN HO@,,,흥민
7301b5481-1dbb-3548-8d99-ec651b085461,"INY ONE@@@@@@@@@@@A,",,,
731f3cb9c-cdfa-db61-abff-78e08c7fbb70,HEUNG BU,,,흥부
73215b989-99b1-1843-0d4f-5c363960b6dc,IMMANUEIL,,,임만우에일 | 임마누에일
7328afb50-0f83-a750-951d-218cd6c9f8e0,TAE YONG,,,태용 | 태영
73346c91e-eb2b-a8a5-b058-e9668b9dde58,MIN GYEONG,,,민경
7337bb736-6993-a6b8-e39f-5cbb3783b32a,YEOUNG SUNG,,,여웅성 | 여웅승 | 여웅숭
73436b70e-e7fb-f082-8511-8ef9f361b3f1,NO. CHEONG HAI,,78,
734b65ce3-3d31-cc21-97d2-1dbd0bac3560,GWANGIL,,,광일
7387b1214-4dd9-a03e-5734-102694c0e300,JIN SEONG,,201,진성
73c7b76a9-976f-d2e6-91aa-99288961bd29,NO. CHOUNG HAE,,5,초웅해 | 조웅해
73f40ac6f-fc34-549e-c855-359dfd7882c8,SINHWA,,77,신화
74219aa38-8357-8b1f-4dda-f6bc0f92c196,NEW-HAIYANG,,,
74255c32f-f543-645b-df5b-41042f037b58,SIN SEONG,,,신성
743213a98-8e35-b041-1274-74a20b44a010,HAE SIN,,,해신
743287040-0b89-694d-8f2e-c3a10a28eb5d,HAE YANG,,,해양
7446f4a82-2088-30a5-309c-dd8adf1816cb,DONGMIN,,,동민
745b45e94-4aaf-16ec-a7e6-9d50a1998df8,SUPERMARINE,,,
7461ad93a-a6d8-821a-4262-fc1046ca8a10,JU WON,,,주원
7466ae08b-b05e-0fdb-0ab9-8e14a16b5f86,CHOONG JANG,7호,,충장
746c2f5ef-faf5-1692-966b-29fc399ea186,STELLA,,,
748383473-3ba2-8ed4-e31d-a5f7076b3e71,DOWN SHOT@,,,
749d5963d-d5e6-1351-bbda-a4e6c3095745,DAEGUN,,,대군
74a283ff8-809e-c4bf-f629-79c95ed4e049,YEO MYOUNG,,,여명
74bf37d49-969c-4257-a375-0f8d946889d2,SUNG KIAL HQ,,,
74c260bdc-cb35-a285-e61d-59e76fd4569b,JIN GANG HO S,,1026,
74d35164e-ee9b-3734-6604-9a4b340b0cec,HWA CHANG,,172,화창
74e15b846-6c24-4efb-2940-3f8b944f659d,YOUSUNG,808호,,유성 | 유승 | 유숭
74eabc648-8b15-9b14-31e9-dde4f209309c,JIN JOO,,,진주
74f5e9309-92db-379a-4b89-e9039b43f90b,MAN BOK,,,만복
7506e44e1-18b6-b41b-37b0-e86a0c3dce21,NOK DONG,,,
7515899a6-6c22-5a99-b46b-955af22258b5,DAE SUNG,,,대성 | 대승 | 대숭
7516fb267-7c9d-2bdb-e412-cf066fbbcba9,SU DEOK,2호,,수덕
751c933f0-0b48-ebfe-b198-b9a20d875438,HWANGGEUM MEULGYEOL,,,황금물결
7526e619a-addc-f13d-f583-64e22bcefe3d,SU KIL,,,수길
7531070d3-3bf4-845e-8a14-554c7b63d1b3,TAE DONG,,,태동
75396ccc9-911d-32a7-030e-37ff4e3e92ec,HEE JIN,,,희진
75497181a-a6d7-fb7b-a989-0450513366ad,HA NA,,,하나
755feed97-7438-dc55-67fe-5cf409f63834,JOYANG,,88,조양
75646ac45-5ef7-0561-fc8e-767ac7de73f7,BOGWANG,,8,복왕 | 보광
7573e72f2-2f2b-5cb1-3127-cf72af56582c,NEW CORIA,,,
7585ab046-658e-aa1c-4e5a-6647fdda2e88,YEONCHANG,,302,연창
75a082c70-0eda-ae26-0dea-1ed6d523d382,NYUSEUNGJIN,,,
75ca63e19-9c64-b4f2-6730-41eba7b19b01,CHEONG GYEONG,,,청경
75f170538-87e4-de3e-0616-f14fb289133b,YOUNG SEU TA@,,,영스타 | 용스타
75f45640f-f56f-772b-d717-beb3f0287d76,GUJIN,,21,구진
75f7e5144-4a49-2828-65c5-59ebd14598a9,CHUNG MAN,,,충만 | 청만
75fecd4fb-b410-5137-f01a-6c8165425ff9,NO. HONG HYE,,1,홍혜
7611e69f1-15cd-01d3-d5d2-4d95c00be5a2,DONG A,,,동아
7618a0c29-98dc-423a-f6f1-24c4f986c161,AN SAN,,,안산
76238ae07-7f02-4bc3-3f21-38ea349b6d86,MOONSOON,,,문순
76248b290-087d-8519-607e-cec9e3e9079f,JEONG CHANG,,,정창
762784cef-fbd3-7e36-629f-6b6eff09dd59,SOOYONG,,,수용
762e9bbc0-0c08-c34b-fa68-1f95b284b18d,MI JEONG,,,미정
763b5eeb1-11ff-db92-2c25-2a312caa680d,MIN GUK,,,민국
7642ddf6a-ab5a-9e20-22bf-b110118b07d9,HAN IL,,305,한일
7654580a3-3bc1-d17a-c2fe-948c6bef9551,NEW JEONG WON,,,
76694be4e-ef59-005a-90e4-660e78731e7a,KYUNG DEOK,,,경덕
76797a426-638f-d400-5422-077f1e9d2883,DONG BAEK,,,동백
767a72232-2306-e8e4-c91b-0881d5538fb8,NAM IL,,88,남일
7690a18e6-61db-9192-7563-a6f4000af110,BAEK GU,,,백구
76a10c638-8000-3d6a-a402-addd19ab56c3,GYEONGNAM,,202,경남
76b853286-6515-649d-04a8-6a7df5d82ee6,HYEOP DONG,,,협동
76e2c0a5d-d5df-5a6b-96c8-e9f5247224ed,HAE SEONG,,12,해성
76e5730f5-555d-288b-6e9f-5c8b22847464,HYUN JOO,,,현주
76e69f8dc-c6c5-e895-9cbc-45c74ebef47a,JANG HYUN@,,,장현
76ee16686-6a74-3a59-4cd3-28263ba80942,DAE YANG,,8,대양
76f7fa0f0-037a-ff56-9cbb-d7ecbb3e5fcc,KYUNG JIN,,3,경진
770f97e98-86c5-c9ee-0f5f-6ce26ad3482c,GWANGJIN,24호,,광진
771739f4d-d0f1-b813-0cff-bdd4e20d974d,JAE SUNG,,,재성 | 재승 | 재숭
773631ee3-3cc4-4cba-1d3e-a787954020b7,MARU,,,마루
773df415d-d467-b029-c633-8f8484d975a2,SU JIN,,,수진
7744f7df3-3f16-66b6-f1e6-0adee9b58097,OCEAN ACE,,,
774ca560a-a5f8-757a-f95a-b08790675dce,TAE GWANG,,,태광
774e00112-25e1-3322-6778-b907647884c6,GEUM SEONG,,,금성
774e2d0e9-9b93-a8f1-829b-7dbecd88dedc,GWANGMYENG,,2010,광명
7753e5c9e-ea89-abc9-54be-e1237ba8f864,DOCHEONG,,590,도청
775a63ce0-04de-88e2-ebda-0b5d2d60c6f1,EUN JIN,2호,,은진
775dc8a22-20c3-861f-cb10-4cd8543ce9b8,WOONYEONG,,,운영
775f83c61-1255-d62e-728d-6c0786f84dcb,KWANG IL,,,광일
7760fc2e2-2c95-9301-a901-34bd2506d387,CHENG JIN,,,청진
7773f2011-1237-03b4-5204-d9649fb53d10,BANDO,,,반도
778569e10-0383-f876-695f-8a34beac4a35,SSANG YOUNG,7호,,쌍영 | 쌍용
77891079c-c00e-1065-a749-49c28b62710c,MIN SUNG,,,민성 | 민승 | 민숭
77924abbf-fae1-e4b7-ab7f-806e7b25854b,DEOK MYUNG,,,덕명
77aa63164-4feb-02d1-2ffa-85cb9d87c9bd,SINKWANG,107호,,신광
77b5baf0e-e657-ea5a-7dea-6b08a649b3bd,DAE YOUNG,,17,대영 | 대용
77c410f54-4c49-4e16-7ff4-221fd61ac357,DAERYEONG,,,대령
77cfcdcf9-99f9-f79a-d7de-66bd9d774279,BK,,,
77dbcf201-1448-ee9d-bfc2-74ba985e5bed,DONG KYEONG,77호,,동경
77e44f4cd-d7b4-77da-1397-fdd4b2be3767,SUYEON,,,수연
77ecc1e10-0072-14af-deb2-076ca3cb15a2,MARINESTAR,3호,,
77f2fbd0f-f287-24bd-4a1b-6af4e3e989fc,YONGBOG,,,용복
77fff321e-e5a0-5a62-838f-cd532ca6d8ca,YONGDUK,,702,용덕
7809aed5a-a6fb-99f1-350f-3cae8d09cec4,CHERRY FISH,,,
780f1f37f-f1fd-89ae-1bc1-4c5cd65a6bea,YOUNG JU,1호,,영주 | 용주
7818ccb6b-bd2c-59aa-ee60-626aba05a61f,YEONG YONG,,307,영용 | 영영
781e64094-41d9-4f11-337e-69ecf1c822eb,GO SEONG,,,고성
78222dc83-351e-1319-c147-613f7ababccf,DONG GYEONG,,,동경
7823af27c-c3a8-7436-2ebb-68b1d700626f,EUN JIN,101호,,은진
782dbbcb8-8deb-fd43-6672-a6feb46127d3,EUN GA BI,,,은가비
783ba6293-3eb8-bdb2-b2d9-37dfd1e2272b,SEUNG WON,,,승원 | 세웅원
7855da215-5d1d-269c-01d8-8c99a780a96a,HONG JU,,,홍주
785ba5bcb-b19e-d34d-1b3e-e5b11f24e30c,JEONGSUN,,77,정순 | 정선
7867a84a0-04cd-a6be-a542-6632ef01874e,LUKINA,5호,,
786c2a523-3d66-bfde-8fca-48ea3f5cf506,JE SEA WORLD,11호,,
7873c4a00-0022-cc20-230d-c1840f4aad9a,GEUMYANG,,66,금양
7878458a8-84d0-bf10-8843-c11eb6c8dbdf,DEOG HAE,905호,,덕해
78871d9c0-033d-45e1-eed2-5b847ede0f48,DAYEON,,,다연
788c2ef59-9282-b633-a1a2-af22d007eafe,DONG SIN,,,동신
78e258454-49e7-11b7-2365-ed7c4d2db8fa,HAE GWANG,,,해광
78f2cd9b6-66c8-17c7-bdf1-255fa91bc353,DAE HAN,,,대한
78f40db4e-e454-e69c-cc78-9c0ab884ba2c,SUNPOWER,,,
78f42ed8c-c97c-4ce6-beef-f2fb980c8553,HYUN DAI,,,현다이 | 현대
790a9c994-4cd2-74d8-a2ee-5435a145bf04,KYEONGHAE,,901,경해
790e4f555-5545-d849-5eb0-caa84f69f73d,KWI WON,,,귀원
790ff11c5-50e6-dec2-a8f7-c5857a737689,HE SUNG,,,해성 | 해승 | 해숭
790ff3785-57ce-4539-9d65-366dcb4d837f,TAE YANG,,,태양
792c2f404-41fa-217d-41e9-778aec2ba494,MYEONGSEONG,,,명성
7943c8ddb-b192-46fe-9628-b2a06e5d36ef,O RAEN JI,,,
7947c1b91-1ea4-f886-56a2-f771c62158ab,KWANGSUNG,,201,광성 | 광승 | 광숭
794ccca5d-dd73-3b09-3b09-326f7451d935,YU JEONG,,,유정
7964f7e6d-d11e-4ce3-a89d-46c7b13df056,GEUMCHANG,,,금창
797a34b47-7149-a95b-febc-30b0a8dc49cc,SANGJIN,,,상진
79810f051-1d40-633e-a8c4-30ad5222d963,KAZMI,,,
799558818-862a-064b-bed4-7589b28e4a02,JEHUIYUNG,,99,제희영 | 제희용
79a2de62a-aed0-2dc6-bc0b-c8e97022bcd1,GIL SUNG,,,길성 | 길승 | 길숭
79b965024-401c-8db2-2e64-89c50e01d088,SAM PYO,,102,
79c1206f7-715b-aa65-634b-8e23683ecbf9,SUPER NOVA,,,
79d262643-3781-c04a-3ede-94153cbfd203,BOSS,,,
79e35bcb5-5c42-67ff-381e-d6f2c8813d37,DAI CHENG,,7,다이청 | 다이정 | 대청
79edbefe8-8d7f-a34f-e32a-aa6ae526d29b,CHEON SA,25호,,천사
7a04fff87-73ed-b823-0c45-646dc904fba4,HAE IL,,,해일
7a0d0795f-fc81-9fcb-4715-d2a0a4086b97,SINGANGSUDO,,,신강수도
7a17dea2f-f051-d416-d5bf-7b7b60ad6a77,HAEDONG,,,해동
7a1eed36e-eaaf-8188-308e-fa2d91510d46,JU YEONG,,,주영
7a2b35d1c-c787-ee9d-440f-4bceb547cae4,YOU JEONG,,,유정
7a358ffcb-b606-a47e-5cfb-a039595765aa,TAEHEUNG,3호,,태흥
7a35e1e72-2c75-1864-f660-a33b4ac71133,HWANG YOUNG,,,황영 | 황용
7a4718abd-de7a-6832-1330-897bdb5a79d6,SAM GWANG,,,삼광
7a60d4714-42b9-1f36-6823-df5b981a24ee,BAEGMANBUL,,,백만불
7a665a26f-fcdd-bac4-b08d-d322ba01170a,IN IL,,7,인일
7a80a0e0a-a15e-6af9-d5c7-2ef79fe72a6e,DONG JIN,,,동진
7a90f5dee-e2ae-1193-42c8-d40fe96d30ad,DAEPUNG,7호,,대풍
7a9e4de55-53fe-d783-0a2e-3ef0251e629f,MANSEOK,,309,만석
7ab26e193-37bb-184c-9aaf-52badc14cf4c,YEONG KWANG,,,영광
7ac0b9b51-1b5f-7123-dcbe-29428e9d2c30,HYEONG JE,,,형제
7ae36534c-c0e0-be7e-b526-bebf451afcdf,HAE GUNG,,500,해궁
7b0a5961c-c829-7558-4af0-bb6d84ac7c80,TAE SUNG,888호,,태성 | 태승 | 태숭
7b0e8ea02-2065-19cc-672a-de899b8f8740,SEVEN,,,
7b217e78a-ad30-6a0d-0fb9-5b4eac204647,HWAN SUNG,,,환성 | 환승 | 환숭
7b2ef5c03-3059-d1a2-5421-ca1aa3776e46,SI YEONG,,,시영
7b3452dad-d341-eb7a-3000-c326543843c0,HAENG BOK,,,행복
7b4446a9e-e46b-23b5-3253-15ec2565606e,SPECIAL DREAM,7호,,
7b4902708-8180-e1e9-7785-2fd9fe2f9b2a,DAE HWA,116호,,대화
7b5130946-64af-5759-d860-c4347898c510,MAN BOK,,,만복
7b58c0dd3-37b4-1cdf-9c40-b28b38e1d5e3,MYEONG SEONG,,607,명성
7b61d4de0-0b57-3230-907e-c726bdbfea39,LEERANG,,,리랑 | 이랑
7b743463c-c67e-5e8f-58b9-64d62f026ee9,HAEKYOUNG,,,해경
7b82c7ef8-8ee8-8e8d-23a2-93344dc46a2b,NO SHIN YUNG,,56,신영 | 신용
7b9d46c0d-d9d8-c4d2-f897-4f297c8c1a7a,DAE IL,,,대일
7bb40e5af-faa9-9b51-a77f-46dbac398c2d,HAN IL,,,한일
7c03b328e-ec18-4d16-d7cf-270df97cc7ee,WOOSUNG,,11,우성 | 우승 | 우숭
7c12e9718-8d89-5852-091d-99e11970bb06,DEOK JIN,61호,,덕진
7c219f120-0d64-4f16-bbfd-e1ac2c9824c0,SEOBU,,,서부
7c2b0ef1e-eac2-d7f8-d7f8-cffe68b6bbaf,MAEIL,,,마에일
7c372142a-ad92-66d6-e83f-f0437ce42962,YONG AM,,,용암
7c39bd9f0-07fd-0953-e297-09afe7f0425a,JOYANG,,,조양
7c48a39f0-0841-5e10-56be-f0818d45b250,EUNSEK,,2017,은석
7c6db94cc-cc69-4b25-53d0-944c80d58119,CHEONG-GIL,,,청길
7c737a046-6ded-7e1d-4dc9-45e1600574ff,CHUNG SAN,,,충산 | 청산
7c75ec84e-ef21-f6f5-076e-81b648179cef,EUNSEONG,7호,,은성
7c78a824e-e0b1-88cc-667e-767901074eea,DAE SUNG,,,대성 | 대승 | 대숭
7c9293ba2-2423-8b2f-bd9d-8dab80767567,GEUM JEONG,,72,금정
7c94c4cd4-4813-9341-04cc-f6fd18994617,ALLFOUR OCEAN,,,
7c9c96dea-afca-29c9-6972-542326e6ced1,SEONG GWANG,,,성광
7cbdae366-6607-37cd-150c-fbaed140b13d,ILO SAM,,,
7cc7fbdfb-bb69-3475-04ab-e2890498e829,SUNGGIN,7호,,성진
7ccecbc09-9495-ea44-2227-0846fcddff73,GEUM JUNG,,71,금정 | 금중
7ce8b1a21-1b53-b09f-861d-aab5c4467142,CHUNG YANG,,11,충양 | 충향 | 청양
7cedf8e18-8fa4-6dc8-5769-a9da670feea9,SANGJIN,,315,상진
7cf905ef1-1f13-356c-0718-1ea691c0caaa,GYEONGDONG,,2011000000,경동
7d0a1cdae-e64e-f5c6-697b-f9451f93ca6d,HYEK SIN,2023호,,
7d187fda5-581b-0a60-fb2d-2c990e54cfad,MANSUNG,,,만성 | 만승 | 만숭
7d1b3b090-0940-4bce-b6bd-e3cf85e6f377,SINHEUNG,,,신흥
7d1e8f860-04e2-dcad-56c6-60953891756c,CHEONGPUNG,,626,청풍
7d304e31a-a867-d382-406b-eeee74ead938,NO. YEONGHWA,,307,영화
7d33c1a1a-a110-a65f-c4d1-bdc98f656e4f,JIN YUNG,907호,,진영 | 진용
7d371e84a-ae65-a204-9c2d-088f06db2b2e,YANG SEUNG,303호,,양승 | 향승 | 양세웅
7d5a2c517-78ba-014b-cb80-3e5212eca339,KKOTCHEONGCHUN,,1,꽃청춘
7d62d7347-7ce8-35b3-c56e-0a501f6dfd9c,GUKHWA DOSEON,,,국화도선
7d6c2b5a4-4658-93d6-a498-af811553455c,YONG DEUG,,32,용득
7d70113ac-c09c-d33a-1e34-9371966323e0,WOO SIN,,,우신
7d73e1113-3519-58a8-9b97-31fc56bf2a4b,DALIN,,,달인 | 다린
7d7e7c145-5e1d-57b5-9ae8-703502970266,TAE SEONG,,,태성
7d8293243-35f3-52ab-b584-6f3706ad591e,MYUNGJIN,,,명진
7d8dcedd4-4902-b657-3379-5c19595ae432,JIN GWANG,307호,,진광
7da00bacf-fba7-4c4e-2756-286c36452788,BANG JU,,153,방주
7dad5fe83-3a69-deec-d27f-1e5202d4d6a9,SUNJIN,,,선진 | 순진
7db113257-787d-2019-1076-e53e7bc7622c,MYOUNG SUNG,3호,,명성 | 명승 | 명숭
7db95510a-a272-9614-3c7d-d5d5699b85a3,HYUN DAE,,99,현대
7dbe7e7b4-44ed-512b-1658-9d80c03515d4,GU BONG,,,구봉
7dcc1338b-b9d5-8ba6-41ea-590f1ceb99c7,CHUN GWANG,,,천광 | 춘광
7dcd919a7-7ad7-11b8-39b0-c80971c4412f,GYEONGAE,,,경애 | 경에
7dce61d76-661c-e5eb-e44f-05cbbfdd223f,JE YU JIN,2호,,제유진
7dd0e87bc-c4c7-cca8-8b33-e2d11a244c35,HAJIN,,,하진
7dec66c26-6e06-56ad-61e6-a367f0920c7b,HEA UN,,,해운 | 해은
7e00f91da-aceb-2cb8-cb7a-146a1001ee72,V I P,,,
7e08f4782-2518-6064-b338-160fe675f1a4,ACE FISHING,,,
7e25a315f-f644-ecdd-c8f9-60deece112c4,HAE SIN,,,해신
7e3ca167d-d8d4-ef96-24e3-075df8c0aac9,IP SEONG,,3,
7e480a84d-d47e-db3c-45dd-b2c31f2d62c1,DONG MYUNG,,7,동명
7e5de0685-5edb-8ae1-38f9-ccf032951028,YEOUN AN,,,여운안 | 여은안
7e647c5b5-55ab-5542-9659-6418048e89f8,I REH,,,
7e69b0664-4b81-7b9e-f03d-1e9c095d55a0,HEUNGSEON,,,흥선
7e6e48253-36bf-8f88-a2d1-92cffafd60ec,YUGYEONG,,701,유경
7e74a07ca-a644-cc63-19dc-945f0b724684,GAMAUJI,,,감아우지 | 가마우지
7e7758632-2b5d-f860-938c-c09deb353166,HWANGGUM,,,황금
7e7db2160-031b-8810-a20a-a51e7aa0e163,KUEMSUENG,801호,,금승 | 금성
7e80e28bc-cda6-d2ed-8831-3d393f65baf7,YOUNG SIN HO@,,,영신 | 용신
7e880dd9b-b9be-5714-3256-1d9664dd83b3,NOBEL STAR,,,
7e8dccd6a-a8b3-5c33-59ad-29fd97e70f07,DAE JI,,,대지
7e9bd1054-4a38-0a7a-e647-b0f1743e3829,CHEONG CHOON HO@,,,청초온 | 청조온
7ed225e4e-ea78-0225-778c-3c20e3042ad5,CHEONG EO RAM,,,청어람
7ed30c421-172b-8f2b-6c24-e156e20be1c1,SAM WON,2호,,삼원
7eea24f40-04eb-0588-fe37-eadfb194855b,NAM YANG NO,,209,남양
7f03132c7-7c86-29f1-b260-06db90facfcc,EUN YANG,,,은양 | 은향
7f2c77231-1a90-5474-f013-2ba86d692afe,HAE KYUNG,,2016,해경
7f44fa6ef-fd7b-8f21-0b4d-eceac0d4b748,MYUNG GA @,,,명가
7f54cef28-8175-0c00-e17e-2a43f9412ca0,JEONG YEON,,,정연
7f81f6bf0-0e3c-4a0c-e151-4e9ef6dbd518,NAM DO,,,남도
7f8514688-84d9-651f-bf78-87c7112559f9,YOU SUNG,2009호,,유성 | 유승 | 유숭
7f91e9bf1-175c-7d9b-a6bc-c56ea53183a7,DAE DEOK,,,대덕
7facb618c-c749-0642-6768-dc6151a2ca20,HAEUN,,,해운 | 해은 | 하은
7fb3e2975-5f57-4744-37f5-208df17fb0bf,GEO BUK,,,거북
7fb61d21f-f586-c05a-193d-76413aeb6fc3,DAE SEONG,,,대성
7fda7fb38-8867-2a7a-dd73-784f55dd9d0f,AN HEUNG,,2,안흥
7fdb86bcf-f9d5-7f5c-01aa-daa9ab193c45,BU KWANG,,301,부광
7fe05d19a-acb7-82fc-fd53-492f22637099,JE SIN HEVNG,2호,,
7fe61fedd-de0d-fcdc-1970-76cf71957ec4,BUSUNG,,,부성 | 부승 | 부숭
7ff19bb88-86ff-263c-1b82-5afb41730162,BYUNG PO,,2,병포
800ca7e92-2de5-3278-105f-1f4d4c6aabcf,HYEONJIN,,,현진
8011169d9-9877-b7aa-2de2-af304deed859,MYEONGJIN,,202,명진
801387164-4994-fd46-69f9-df12baa5cfb9,DAEYEONG,227호,,대영
803786827-71e1-91d4-d511-ce917475a23e,NOH EUL,,,
803e82d5c-cafc-a7f6-0cdb-e830a754a7aa,DAEIL,2017호,,대일
8043ca31b-bdae-b80f-c674-6a9f7d34a119,MAE IL,103호,,
80624040e-ea43-5d49-23a7-7bacc8db585a,UNHWA,,303,운화 | 은화
8063e183b-bec2-d8f4-007e-487cff793929,CHEON SA,1호,,천사
80647b485-5bf0-2a2f-9c2b-eee465334791,GWANGYANG,,,광양
8077bf275-525f-3ad4-c05e-a67fcc91e88a,SEONG IL,,,성일
8078d04b1-1448-a1a1-80b7-19791536e3c7,EMPEROR,,,
807ba8181-1640-35c9-bc6f-9f1bd7c98f8c,MYEONG SEONG,,,명성
80a5aa52f-ff0e-1f2b-feb6-be1723b678d5,YOUNG IL,,,영일 | 용일
80a8cecf5-5599-b3b6-5add-97d85dba364e,GYUNG IL,,,경일
80aa06fb2-28bf-a952-88a3-6c499d1b725b,KYUNG HAE,,105,경해
80b5b9167-75d2-98ce-7596-1b4b68445aab,OH YOUNG,,102,오영 | 오용
80b5efe36-699d-aa59-11c0-961a9866a1b8,NAM YOUN,,1014,남연 | 남영
80be05021-1956-f685-304e-277605ec01dd,ABDULLAH,,,
80c19d455-538b-fde8-625e-9d720807f17b,VICTORIA,,,
80f919e7c-c1c1-5086-d1ac-f32b4daf1670,SAEGAE,,,사에가에
81170ac3a-ad4c-6db2-bd19-f9454823931d,POO REUM,102호,,
8119a840a-a500-77e8-fd32-8ffd92d7b26a,KING KONG @@@@@@@AD,,6,
812aee837-7e65-f3aa-34dd-3f7c2089db19,NO. SAM KWANG,,53,삼광
812cf8c82-2ac6-44de-954c-97dcbc052e8d,IM CHANG,,,임창
813170405-5528-7c00-3e54-261b10fd808b,NAM YANG,202호,,남양
8143f4f33-31e8-1732-1ab1-c3809b23174f,DAESIN,,,대신
815a7e919-9cbb-a77d-3fc8-4fc07e455d67,ILSUNG,808호,,일성 | 일승 | 일숭
8162684be-e551-e04f-b265-98fd072c9a5d,CHANGSIN,,,창신
81769ddb2-21de-d941-5572-5e573eb21e14,GIL JEONG,602호,,길정
8179b4997-7e5f-a6ca-9a4b-eff7a26d4660,HAE BA RA GI,,,해바라기 | 해바라지
818a1447c-c492-268d-26eb-bb2a459283f6,HWA CHANG,,17,화창
818a8ba6a-aff2-ce6c-e8d9-d6cbaf770c47,NAM YOUNG,,17,남영 | 남용
8194f12aa-abe6-a2c8-aa9e-70dca0d24578,DEOK JIN,507호,,덕진
819d2955e-ea3c-07d9-5955-89eaaea29c2e,HAE UN,88호,,해운 | 해은
81a00fe65-5dc6-46f1-6178-b826fa118905,HYO CHANG,,3,효창
81ae69035-5229-c22b-e699-460f9e492d0d,N. HYUNJIN,,02017,
81afcc39f-f5ad-a1b0-111c-ecbc22b559c2,KWANGDUK,,,광덕
81bab0feb-bc17-ebb6-b8fd-9db11c711bd8,SAM SEONG,,,삼성
81bd1c2d0-01a0-5f2e-d06b-e3c9cfda6e0b,WOL MYEONG,,,월명
81cb8c655-56a5-edfd-d485-01a88fb1fff6,BOYOUNG,708호,,보영 | 보용
81d638f37-7aa3-7253-e91e-71ac3ff4fa4c,GEUM YOUNG,,,금영 | 금용
81e6b08a2-229b-9e62-1e63-a0544674684f,EUN SUNG,207호,,은성 | 은승 | 은숭
81ef54929-962e-9f41-5833-e12dc82b859c,SUNG JIN,,7,성진 | 승진 | 숭진
820b16791-100d-9b96-b43d-42896e6a1208,DEOK YANG,802호,,덕양 | 덕향
8216c794f-fb9f-1a05-6d1a-08bbdd8549ab,NAM SEONG,,2018,남성
821d1359d-d5c9-51df-f39d-81f54b2cdd89,TAE HYEON,,,태현
8220b9692-2569-99ad-7473-1aab94e2af20,BONG YONG,,,봉용 | 봉영
8222807d4-4195-e29d-a00c-154d6f0283a6,HYESEUNG,,53,혜세웅
823561d7d-dfed-648f-317f-26f6fab507a7,CHEONG GWANG,,56,청광
823dacdd5-5488-6af9-ba33-b248dd60fc80,SUN CHUN,,609,선천 | 순천 | 선춘
8240296b9-9064-24ab-daf8-f501456c536d,HONG YOUNG,,,홍영 | 홍용
825d6cdc7-761f-b108-712d-23da76099c47,DAE DONG,,,대동
826a9da2a-ae77-a4c8-7852-0ded477108f6,IL O SAM,,,일오삼
826ff334c-c823-83da-b24a-9b69d6ba90e5,EUNJIN,,,은진
8270d82cb-baf0-f6c9-2601-f86939b82424,DA GEON,,836,다건 | 대건
82792fd3b-be9f-04a0-ba99-f6871a33a7b7,DAE JEONG,,,대정
827f15aa5-5cb3-5139-b13c-eeae417ba2cd,CRUISE,,,
829ab8c10-05bf-9388-92ad-b42f620494cd,BOK SUNG,,7,복성 | 복승 | 복숭
82ad5f17d-d787-499c-fa1a-22d7fbac4b8e,MYEONGGWANGH,,,명광
82ad9f87c-c829-7308-1c29-669977f4ec2e,TAE YANG,,,태양
82b516f4d-d63c-c407-6eb4-e025d0777b38,NEW SUNNY,,,
82c6d3413-3322-0e2d-0731-9c9ae772e92e,HARAM,,,하람
82db84b32-2355-e381-d0de-945720f26234,GWANGSHIN,,,광신
82e039734-4dce-c2c8-1c5b-a47689a9d28c,JEHYENDEOK,1호,,제현덕
82e5992f8-816e-a49f-1f1f-946708e86a71,DAE YOUNG,,17,대영 | 대용
8301d703c-cbf0-3543-0c52-c34e9acf8b51,GO RAE,,,고래
831085ab2-2ae5-58c8-e7cf-c8d91caada25,JEJOYANGHO -,,1,제조양
831491cc2-2b95-d16a-be16-6b34af92ee5d,GWANGMYUNG,,306,광명
831d29681-17f6-9476-ec1d-9148b77df026,SINIL,,,신일
8337c5752-2f8a-7792-a965-49d46df85e27,KUM-SUNG,,,금성 | 금승 | 금숭
83476ebc3-3592-368a-dde1-dd4f4c939a86,PYEONGSAN@@,,,평산
834e091df-f783-7f7f-183c-846b70879532,GEUM JEONG_,,,금정
8350492cb-babf-e9de-5b4e-7ba1826509b9,CHANG WUN,,2,창운
837dcd36a-a610-db9f-f5af-f18f3008dde3,BU SEUNG,,,부승 | 부세웅
83826c69b-ba2d-222f-40a4-7e18f5ca3072,SEONG GWANG,,2,성광
83920095d-db0c-6699-a4dc-3763d6adeacf,HAESANG,,1,해상
839aa556c-c24e-3e5b-664b-3065c51c3a4d,PUNGSUNG,,606,풍성 | 풍승 | 풍숭
839d4c3b1-14eb-3643-efdb-747606f6b52e,DAE MYENG,,,대명
83b408e3c-cb8a-35ca-0ec2-63a38f68f491,KEI ONE HO @,,,
83b4ac656-6789-6c0a-0678-ffd01daddb5f,JE MYEONG ROON,7호,,제명로온
83b5c0282-246c-9c5e-c255-12d82046e316,YEO MYEONG,,,여명
83be4ae9f-f044-b2ad-ebe8-d26d62aea944,TAE YEONG HO_,,1,태영
83c0ae4a2-2c9f-41e7-dd9a-1063124aaf48,DAE YEONG,1호,,대영
83c614894-4f4f-d08e-2b4c-cd9d35002b7b,JO SEONG,,,조성
83e783157-7992-5c8f-c0be-e7b4c81f7348,ILJIN,,,일진
83ee53079-9aa5-4f42-7b80-c4dfd267a044,DONG WON @,,,동원
83f37bea2-256e-2acf-1ce5-cabc9d3016f2,PUNG SUNG,88호,,풍성 | 풍승 | 풍숭
83fd73575-55dc-2c61-40f3-ec3338bfc90f,DAX_,,,
84269b4a2-219d-1d18-11c2-46bbb57ef365,DAMSU,,,담수
843e6d80f-f0f9-59bf-4884-d6aa59f03777,HANJINTU,,,한진두 | 한진투
84537ad8b-bca6-bcdf-e26e-2f5eabf89b0e,HANSEONG,2022호,,한성
846b01267-7075-d942-41b6-39074e6df57c,SAM SEONG,,105,삼성
84741cd56-6645-2944-1025-b5390c8ddf99,BUSUNG,,3,부성 | 부승 | 부숭
8479f1039-9d71-33cf-2321-51bd6b908805,SUNGWON,3호,,성원 | 승원 | 숭원
848d7275b-b03d-7b23-a708-1e9ccdd1de66,GWANGYUNG,,,광영 | 광용
8490a9ef9-93f9-3be5-c2ff-d75c1d9d3ebc,DAE DONG,3호,,대동
84a059edb-b8c0-ee48-addb-65a29c4022f7,SIM KWANG,,,심광
84a1953ed-d6c6-600f-cbe0-643aca7a5513,BAEK UN,,,백운 | 백은
84ae48149-9ab3-d3ea-9b9b-77ed160d86bb,CHEON MAN,237호,,천만
84b3ed208-8e4b-0375-ea58-46d46f3ba164,SI YEON,,,시연
84c6cf17c-c3b3-34d9-b76b-58511f8fb38a,SAM SUNG,,,삼성 | 삼승 | 삼숭
84d106663-371c-090e-3ff7-cf878af5a83f,WOOSIN,,,우신
84dde4c09-9cc6-0fd4-ef73-ffc17282f916,GILJEONG,601호,,길정
84ec0c620-00a3-48bc-dbcf-7f3952cfa084,BONG SEONG,,,봉성
84efb5c9e-ea84-c409-ba1d-6d93af4720f5,SAM_YANG,,303,삼양
84f4caf60-01f6-9fdc-e4ea-e35e350a42c1,BEOM JIN,,101,범진
850f0e159-9a56-5579-cce6-0cc655dc4223,CHEONG SIN,,,청신
85104126b-b8a9-c610-fff1-a27bb696f41f,INCHEON NO.,,226,인천
8523b172b-b3b0-bc4b-b8be-bb636f3dd567,MAN SUN,688호,,만선 | 만순
856eef80b-b573-6fad-43e3-3d42a6fdae06,BYEOK YANG,,,벽양
8573e9c50-0634-578e-6025-058fc0e77a6d,PYEONG JIN,,102,평진
8574b2afc-c3b5-2092-8b12-dc5d4d29ea85,SUDEUK-,,,수득
8577552b6-6288-4ec9-7517-dc0c057325c7,MYUNG YOUNG,,,명영 | 명용
85a31425f-f083-6495-adce-15a415ed271d,BIKHITEU,,,
85b1a6d0a-ad08-a99a-f0b6-5b7fa82c8ae1,DONG CHANG,,,동창
85c245904-4808-4817-c879-20279ab02ab1,TAECHANG,,,태창
85c5e303a-a976-49a4-9852-c63388b918b9,SN SERENITY,,,
85e5f5ec5-5f5e-f9d8-1e5f-39c07cfc91d8,SU SEONG,,,수성
85ffcc915-5dc2-7ee5-9a86-fb31d109ab38,HANSUNG,,,한성 | 한승 | 한숭
8628a8dce-e99d-c399-58c0-d2824ba2ab48,SOO BO,,,수보
863a6a2df-ff64-502c-3504-57ec51a75c87,JA YEON,,,자연
863d10398-8b54-462e-bd2f-ea463cbf02d1,"NO, DAEIL",,17,대일
8641789a2-2ee3-5258-a9e8-8b87f476ab93,GWANG MYUNG,,,광명
864b8ba34-4361-3729-4225-b9b3a94465b2,YOUNG NAM,3호,,영남 | 용남
865043f82-201b-829d-cef3-8bde89208319,CHEON SA(),1004호,,천사
8668a6312-24b7-a5e7-8ddc-865b4758fbfd,YUNSEONG,,853,윤성
866944e14-4d93-9686-9d04-c4abcf345b01,BA DA,,,바다
866c4771d-d00e-9020-03a0-fc5c8fbd0da3,DONGWON,,707,동원
86851dc1c-c4db-f79c-aa35-b10a9d624248,DONG HAE,,,동해
868afe124-42ba-e265-dbc3-842defb8ec68,OCHUN SEO HAE,,,오춘서해 | 오천서해
86a42a691-1b79-c32f-a78f-029104b96937,HAENGBOK,,506,행복
86b15811a-aac9-eab1-c323-fdad96eaeeda,HO JIN,,,호진
86ee0093c-c5c2-203a-015b-ee63c32bc539,STEALTH,,,
86f5a316a-a35e-0bc0-0230-b1aad8149bb0,IL KWANG,,,일광
870e79c53-3eb1-eb14-dde0-3dbd976282ce,DONGWOON,,,동운
8710dd94c-c8c5-c90d-24b4-a1b12d84f83d,TAE SUNG,,,태성 | 태승 | 태숭
871180c74-4da9-2296-7707-92c0b40b6fcb,SEVEN FISHING,,,
87132b306-6fb2-824e-009f-95de936ba843,DAE MYUNG,1호,,대명
8726c851d-dbab-f33e-dba9-609c0430cd9d,TAE YANG,,2015,태양
8738f7888-849b-fd39-8592-7b753c558b50,WOON HWA,,309,운화
8744a9b01-1c0c-2309-cefe-2947598c561b,HANGIL,,,항일 | 한길
875a7f5a3-3b88-0577-a929-aea23d351239,BENZ,,,
8785ae994-495d-716f-1195-3751925c7231,DAE KWANG,,369,대광
87869a9c4-479d-24bf-5aee-f838fe5b4fc3,NO.DAEKYENG,,13,
87942374c-c588-afa8-094f-570718dc5484,BANGJE,,15,방제
879a89cdc-ccd0-a135-c64f-7347f0732d08,HAEGEUM,,2020,해금
879c08427-7094-5569-2402-f8d21a08fff3,CHEONG JIN,,,청진
87a561395-5f0f-3ea0-8f6b-f8eeaa640e00,HANG JIN,,1,항진 | 행진
87aaf70a0-070e-f44a-fe33-03c10eea6bfd,NAM YEONG,,,남영
87af173ff-f268-a8e4-35ea-524b40e6c3c6,GYEONG HAE,,903,경해
87b8fcc98-8553-b760-4bce-25e342d51d6c,YONG SEONG,,,용성 | 영성
87f53dc6d-d5b8-8447-4fed-db78bda443be,HAE YANG,23호,,해양
880f55042-230c-6d44-757d-a79a19f9e25f,MAN SEUNG,,7,만승 | 만세웅
881c17e0a-a7f5-b162-10df-7550987de076,DA ON,,,다온 | 대온
8848fcdd7-73af-f2f8-d045-a22da7ce0be8,NARA,,,나라
884acc5ea-aac7-677f-b8e7-f4159f486207,JA SAN EO BO,,,자산어보
885b3f892-2a7e-4223-5a69-6ca7f08789b4,YUNGHWA,,,영화 | 용화
8860afd3e-e29a-7d38-a7e6-ba41268727c6,DAE BOK,,,대복
886f7d5a7-7c2c-b30e-1337-9e59f08c9c18,IMMANUEL,,,
887eedcb3-3045-0386-d945-7a05b863dd25,DONGIL,,,동일
8882f3f6f-f344-e65c-c156-73fa0c750521,SE JIN,2호,,세진
8894941f3-3cf1-c629-64b9-4cbe707b4366,DONG CHOON,,107,동초온 | 동조온
88a3ec246-6db4-e93b-d29a-289dc7fa4410,DAEMYUNG,,73,대명
88adfd12d-d6a2-f1bd-dea9-8f7c933da186,BURABO,,,부라보
88c5a4b26-6a48-c7ac-6dbc-7bebafc11185,TAE PYEONG,,887,태평
88d1eeb10-0b8e-2519-e72b-cec8c0386015,YONG SEONG HO@,,,용성 | 영성
88d7c8cce-eb71-9767-d8bd-bc63b68b2a91,SUNG KAWANG,,,성카왕 | 승카왕 | 숭카왕
88e35fba4-4d9d-204d-0716-46d449b33527,SEON YANG,,,선양 | 선향
891119393-3b06-f44b-c33d-54ca75bbe427,BAN SEOK,,,반석
892f32f56-61be-95de-7243-00e92a36422d,DAE YOUNG,,,대영 | 대용
893a60bd9-9edf-6651-419d-10bd6c7f2a00,DAE WHA,106호,,대화
895e456db-b7ba-9820-70ec-ccab478eb33b,U DAM,,,우담
89b9cb402-2b15-89bc-76b1-d380eb6e8f8d,KING STAR,,,
89c0ca21e-e9c3-bbdf-2ead-35199f88acb9,YOUNG JIN,,607,영진 | 용진
89c2f2fc8-8a1d-b3a8-55ed-b938c53b84b8,EAGLES,,,
89ce1af18-8fc6-03fc-3367-698259a83a71,MOON CHANG,,,문창
89fe5a62e-eca4-446e-1e49-cbdfa3bceb77,SAMGE,1호,,
8a08cf5e3-31b8-b11b-b579-60c97209a5b4,HANSUNG,,,한성 | 한승 | 한숭
8a1133e5d-d0d1-4987-ab5f-45cf41ba4de0,PIL SEUNG,,,
8a16dbdba-a4c8-6f3e-1b7b-c1e9ea9073d2,JEIL,2005호,,제일
8a49be7d2-2beb-b75d-b89e-8bd592d90251,JE HANG JIN,,2013,제항진 | 제행진
8a637c0f4-42be-f7f2-531e-65aa36481411,TAE YEONG,2호,,태영
8a6e76a8d-d74d-8b6f-611f-df5fc0706237,SAM GWANG,,,삼광
8a908ca33-3b45-ad10-6013-e2de7d8607f3,UNBONG,,,운봉 | 은봉
8a92c0f5c-cb51-f980-3d64-9cb92ba31310,JE CHEON SEUNG,3호,,제천승 | 제천세웅
8acebe96b-b219-3980-4434-491ded0def03,YONGJUFISHING,,,
8adbb8dff-fe24-f3c0-48b6-e94e28bfe328,MAN KYUNG,2022호,,만경
8ae136c32-21e5-15e8-35b6-70a71f28c8d6,KUM SUNG,,,금성 | 금승 | 금숭
8aef7dbf0-0a06-e37c-f3c4-de5583d80a14,CHIN SEON,,,친선 | 진선
8b0de590f-f710-97e7-b40a-185103705805,DAE YANG,,,대양
8b140c249-9275-87b7-75fb-6e861c3f826a,JE SEONG,,,제성
8b172f85c-c224-7c29-82ca-5de017d698f2,CHANGDAE,,,창대
8b352cb4b-b66b-4fdf-2c2d-e79a44569c89,YOO HYUN,,,유현
8b3ade420-0152-caa7-2f73-479395d4422a,GIL JEONG,608호,,길정
8b48f0c6b-b624-36cf-8d69-a0978e3120c0,YEONG GWANG,,,영광
8b53d0398-8082-c239-e5f6-67f45199d11d,NO. SEJIN,,6,세진
8b5975286-6da5-e318-5205-2dd29078acd5,NAM YEONG,705호,,남영
8b62dc1b9-9a1b-7af3-1224-55ab6bfc3f54,KWANG MYUNG,,,광명
8b695907d-daba-8ce9-06b5-5d09010f0607,HITMASI,,,
8b823f15c-cceb-ec99-5405-420c77a1ddd6,DONGIL,,12,동일
8b968e4c4-46c5-83f7-1919-41df0b2bd1af,BOK UN,,,복운 | 복은
8ba43c3c1-158e-26a9-2939-dc336842cc3f,JE IL,,,제일
8bae43f7a-a2a8-4095-a15b-859dfc846490,GEUMGANG,,,금강
8bd84c682-2dc3-5100-56d4-8686a2a0302b,GOLDEN SEA NO,,1,
8be172ae4-4ebd-0158-ca1f-5ade2c4ad516,NA LA,,,나라
8c02c3a05-5c57-9e72-fbfc-2f18789560d1,ARCADIA,,,
8c2b8b4e9-9270-f624-247b-4c247ace42d5,KCG@,,120,
8c3014062-2eca-9821-0572-79e8578de4d9,SEON YANG,,,선양 | 선향
8c31a09e7-7350-627e-8240-d2e94f619bb4,SEONIN,,,선인
8c3a919d8-808c-87e0-4cfd-40c938e036eb,CHEON SA HO@,,52,천사
8c433c596-6172-6549-4389-7bfdcfb25e14,MJ STAR,,,
8c4754f6a-abe3-cd36-2f20-bce4d35c87cf,DAE BAK,,,대박
8c53ad865-5af6-72a4-8731-86b6bfa2136a,SEONG GWANG,,,성광
8c5d0b69f-f047-a2d8-e957-c0578103b0ae,DEA YANG,1호,,대양 | 대향
8c61be440-01ef-389f-e0c4-1c74b7057c47,CHANG SUNG,,,창성 | 창승 | 창숭
8c79bed78-8b97-5e0d-7645-d0f293d6626c,DAEMYUNG,708호,,대명
8c81cefb0-0caf-a3d4-7624-44fcc8883739,JAICO,,55,
8c9fd8e8f-f595-2f1d-209f-773a553044c8,NEW MYEONG RANG,,,
8cb1cb716-670d-03a7-b0f9-f8dd249fae26,HAE SIN,,,해신
8cbc9aa06-68f4-520b-9eba-a070ebbb8542,SIN YUNG,,,신영 | 신용
8cc8e1134-4c2c-2ce1-d9e0-c78eefb86f22,SIN YANG,,,신양 | 신향
8d1dd0b18-8571-d5f7-922b-2553f82af21c,BAEKSEUNG,,,백세웅
8d2064fee-e651-e0b3-ad9e-0afdff990a2d,JUNGIL,,0,중일 | 정일 | 준길
8d36fcfeb-bd8a-a2fa-5f43-8a4345369dda,JUYOUNG,,,주영 | 주용
8d37174d9-9eab-c7f7-fe8f-3a3015797bc4,SSANG YONG,,,쌍용
8d3c9e6bb-bca9-1def-96d0-d7cb618eba01,YEONG NAM,,,영남
8d4b3d9e9-9c1c-ed1d-760b-4a00d2ab2b3b,ROO MI,,,
8d882c1ac-cd64-ceaf-3f1f-14c12a6ec4cd,DAE JIN,,,대진
8d9f11f28-8970-0a93-49fc-3857341085cb,CHANG HEUNG,,1,창흥
8da8e6fd6-637a-50d5-0f42-15c55e0092fd,DAE GWANG,,,대광
8dab62f1e-ed0d-5663-f525-8dda6a5fe036,GWANGYANG,,,광양
8dbbc1c78-8890-2b07-b047-657e2990ed33,SU YUNG,25호,,수영 | 수용
8dc7849a1-1e20-708c-5664-f0de5813b61d,JAE JIN HEUNG,301호,,재진흥
8de5c6d78-8047-af60-2ce6-61d5e2c20bc5,DO SUNG,,,도성 | 도승 | 도숭
8e0267460-04db-124d-59bc-3304b63f5b15,KCG,,218,
8e182438b-b4cc-fc09-3ae8-6c8e5882782b,JIN HEUNG,5호,,진흥
8e30958b5-5c51-990f-d59a-d4bd38acc079,DEA WON,,,대원
8e4338b86-6921-7682-beae-d3e17c7f7a6b,HANSUNG,,,한성 | 한승 | 한숭
8e4c329bf-f200-afd1-facf-fb100fe79063,HYUNJIN,,,현진
8e57c3737-7550-3c9a-5b03-7b6967a3de7b,HYUNG UK,,,형욱
8e87b26cc-c865-b4f7-b888-949fcde18905,MOIRI,,,모이리
8e89ed682-276a-2063-63b6-8a39e6c33f24,DAEHEUNG,,,대흥
8e9117b57-7c63-f1a9-6956-0026fabef060,BU GWANG,,,부광
8e97539ed-d4f5-3464-cc72-23fd99e26b99,HANIL,,101,한일
8e983b726-653f-dc46-95a0-ac74028138bd,GEOSEONG,,,거성
8ea39fd38-8efa-9fce-b1b5-7cb4f581f110,JEONGSUN,,55,정순 | 정선
8ea76a40a-abf7-c9f5-93c0-0a2db1739894,DEA SUNG,,3,대성 | 대승 | 대숭
8eaa6cfb8-8f1b-b50f-906b-61a2eba987b2,YU SUNG,,,유성 | 유승 | 유숭
8eafa0e46-6067-f7a2-f83b-d730ea1baf49,BANGJE,,17,방제
8ef939222-286d-f1d9-8192-85cdfd874b43,YOUJO,,,유조
8f309fc55-524a-9d62-788e-6ebfa42877f9,SIN SEONG,,,신성
8f361f80d-d04a-0fc4-047c-9ed74967391b,MYUNG JIN,,,명진
8f3b98d76-6123-44fe-ecd1-7000e7333c59,GYEONG MIN,,,경민
8f464ba56-6d34-db0e-bfe3-79c84e3cdeb3,CHANGDAI,,,창대
8f4de03ad-dbc2-18ef-5582-0aa32c7276ad,NEWKOREAFISHING,,,
8f766a0a4-4fd9-2779-6af7-c3e1c15db049,SUJIN,,,수진
8f90f53c1-1008-b14c-aa75-9c8538a56bdc,SEUNGJIN,,103,승진 | 세웅진
8fa61048b-b8bf-4b49-ca97-31641cd4ed91,BO KANG,,,보강
8fbb66520-08db-92e6-a8ac-2690e7626a10,KORYEO,,15,고려
8fcfefadb-b4c2-bd8f-c0f8-34edd6f60215,JE NAM SEONG,2호,,제남성
8fd532834-4e37-e53a-3b78-0094b039f05a,SUUN BOK,1호,,수운복 | 수은복
9001f6b2b-ba82-9eb3-4e3f-036a685d66e5,DEOKYONG.,,,덕용
900685f3d-dc64-5835-f553-32c012812941,DEOK JIN,18호,,덕진
900e212c3-3b7a-de07-0451-fc4d7d7752e5,BEUMJIN,,99,범진
901255aaa-ac67-c5ec-442a-4996cc76b167,GEUM GANG,2호,,금강
9016df529-9c26-8fc5-a980-8f403454b590,GIL SUNG,,,길성 | 길승 | 길숭
901d9ac21-1c11-13e4-d130-4490d5254768,SOON CHANG,,,순창 | 소온창
90346c51f-ff97-8e56-9649-1a1f8de83ffe,FISHING LAND,,,
903f091b3-3df9-8eff-3f65-b7241c2e6dcf,TAEGWANG,,,태광
90672f575-50a1-29bd-78b2-0d497d57dbb3,HAN SAEM,,,한샘
9093896f5-5b57-ccc5-87b3-ecb111cae693,NALA,,,나라
909512e5c-cc9b-4e44-ad61-7f8c7e88f8f3,HEALING MASTER HO@,,,
90b180775-5aa9-1efd-5e28-bfec2202261f,PUNGSEONG,,33,풍성
90b455ae0-05ed-80ef-c270-868a420b4809,KEUMYEONG,202호,,금영 | 크명
90be65ce2-2027-79f1-4511-6ade1932f8bc,KEUM LL,,,
910730987-7fe1-a548-7a74-dea3920d3b8b,MILEU,,,
911b7bc4d-d900-7c5e-e638-5c86dcf46ae0,NEWGWANGMYEONG,,,
911ef2b7b-bcdc-7377-8e16-b301a85bf6f5,KWANG SEONG,,,광성
9127aea02-21d9-dd2d-e1a3-35b154a7fe19,MIN JAE,,,민재
913c28efa-a70b-9d31-d630-e12b9b32baf1,MO BI DIC@,,,
914eb3d86-64ba-9cec-48e3-0ddef30004de,SIN JIN,,,신진
915b825ea-a737-a089-6b7c-aa73d94c94bc,GILYANG,,,길양
915beb05c-c9ee-8c09-67f1-5e2cd0b47e04,SEOUNG BOK,,,서웅복
9175b0a34-4591-a6b1-1cfa-817337490231,KAYNGYEANG,,,
919ef707a-acfc-7238-5c9a-c8dd24b60947,KANGNAM,,,강남
91b54ba0d-dbb2-5107-8a15-233b6f8ace65,YOUNGJIN,,,영진
92225a48d-ddb5-a316-cc81-be3996c5035b,WON JIN,,,원진
924d54326-6f27-a7e3-0002-5a9f8559ea0a,SONG EUN,,,송은 | 성은
925da1d60-0869-22b4-93d2-357402c35740,HONGKEUM,,,홍금
9260b30b6-6eef-107e-7189-8093de5a982c,JANG HYUN,,,장현
926754564-4dbf-0176-3e6f-8d82b622e561,BU SEONG,,,부성
926b408f7-7991-7e75-160c-9590b78ece0d,NAM SUNG,,,남성 | 남승 | 남숭
926f5745b-bd5c-ab26-22c7-5731ef17ab9e,NAMJIN,,,남진
927acf5fa-a351-bb16-427c-5263f3855dd0,YUN CHANG,,,윤창
92892c2bb-b8f1-74d2-5152-17eb78b4571c,SU YUNG,,,수영 | 수용
9293a4acc-cc19-1c29-8914-0f9230ac7329,WA TTA,,,
929afd63d-d785-cd45-d68f-fcadcf55442d,SOOYANG,,2,수양
929d6ee6e-e6f3-9998-7570-5e4fc8683337,NO. TAE HWA,,1,태화
92a4b8a77-7cc4-d4b7-6bfc-372b24f64f35,KUN YEONG,,,군영
92a526d86-6407-f01f-194d-f785def9c807,DEOG YANG,,,덕양 | 덕향
92a92e283-37ce-8091-21dc-c598336cd0cd,DAE KWANG,6호,,대광
92b7cecb7-74e0-81e8-70bd-e83f309937da,WOONG EI,,,
92c656f10-0079-56ef-11eb-9f8cb8e22af4,KYUNGSUNG,,1,경성 | 경승 | 경숭
92c6ceae6-6025-3783-6aa2-5808291064b3,DU MO,,,두모
92cc23b81-10c8-4364-7f70-a26404da1787,BEST NO.,,3,
92ec7e828-81cf-a7c4-ec6c-bdadfd935869,YONG JIN,2021호,,용진
930b6de48-8964-4b9a-ab92-9dbe9140cf7f,HAE SIN,,,해신
9311da18a-ac72-352b-9220-3f65657810d6,DAE BOK,,107,대복
932f6ebac-c6f8-36a1-b07e-3c7d436e647b,HYEON JIN,,,현진
933ac285b-b828-d4ce-f844-8611586b5866,SUNYANG,,,
9347e9e07-734d-a441-1633-4ac3faf7f3e4,DURI,,,두리
935dfdd35-5f3f-6943-d77b-2104a8f954d7,WOONGJIN,,,웅진
9368099bd-da37-89b8-cbc6-ddda34f46951,JIN SEONG,,102,진성
93723ea66-6ee3-ef46-b074-0dc1f73b2d9c,NEW GEUM GANG,,,
9374dd166-6bcf-bab8-7e15-65ae920a6ae1,GLORY,,,
937fb2170-0705-4997-f714-776291461be1,BOKSUNG,,,복성 | 복승 | 복숭
93863110c-ca00-8c33-672a-2ea321bf4986,GEUMHWA,,1,금화
939e9ebd8-81e0-a4c9-291b-3e10733b1011,BANGJE,,7,방제
93a5b2078-8feb-ca13-595d-057d30f9bd9e,GEOSU,,,거수
93aa4f3b4-4d44-61ba-6b6d-1b64be9ef931,DAE UN,,,대운 | 대은
93ac12a0d-d3de-d6ca-a42b-5e484485959a,BAEKHO,,,백
93bbe98d6-6240-4d68-9c7a-b2e74cacad70,EUNSEONG,,,은성
93bf20e55-5280-f9fd-12da-dcb45e378164,SEONG UN,,2018,성운 | 성은
93dc6a6d5-5706-5b36-6fdd-be8088c9ab26,CHEONG SIN,,21,청신
93e23e626-66e2-6bdc-cecf-ecdb9642e7c1,DAE JIN,,,대진
946df1389-9e20-e52f-e96e-1c4d064bba29,YONG SUNG,,,용성 | 영성 | 용승
9474c6c91-1d5f-dd04-4637-eaacf7932687,CHANGJINHO.,,,창진
947d7094a-ad1f-377e-09d8-e14892f9c109,HEE SEONG,,107,희성
947dc818a-ade3-8529-4ed3-9cff18a77159,BU CHANG,102호,,부창
9486e9334-482d-a47d-0d3a-c5122f3212c1,YOUNGKWANG,97호,,영광 | 용광
94aa77ad8-8548-7a57-dfae-1c834daf95a0,MAN SU,,,만수
94b54440a-a4e5-dcec-d578-d487b6090564,HUIMANG,,,희망
94bb012f2-20be-02cf-a63b-14296390443b,MANGU,,88,만구 | 망우
94c208f73-3dbc-6d5f-14de-64c9a92f3b93,GIL YOUNG,,,길영 | 길용
94e39cfd2-283d-baac-7643-01e4c0fd21b2,JANG GYEONG,,,장경
94e5e463f-fafd-7b25-c386-aca79e580bb9,KUM JANG,,,금장
94eb93e40-09f2-97d8-d05f-d6d91a2b2438,TAE YANG,,,태양
9506462c7-7a08-aa22-808a-488d468c068c,GANG HYEON,,,강현
950d3dee3-3a7e-d37f-17f1-781797712e97,MY WAY,,,
952006dd1-146b-cd55-be6a-2e84b6236071,JINHEUNG,3호,,진흥
953923b1b-ba8f-3e61-dcac-55d0216e277f,JAEYUNG,708호,,재영 | 재용
9547fc366-6998-1d3a-79fb-3bbc824e4774,TEA YANG,3호,,태양
95592333f-f4fe-428b-e4fb-5e3e0c0d5f96,NO. KUM YOUNG,,303,금영 | 금용
955ad0a23-35ad-db8b-24eb-4f714f4640b1,,,588,
957b4320f-f294-ea2c-a73a-12c082b033ec,NO. RAINBOW,,2,
95821431d-dadd-e076-f6b9-91f0f0df8e7a,HWA CHANG,,67,화창
95aca9bc1-1b3b-ad26-5f84-d7d7f1058125,GYEONGMIN,,88,경민
95c5b9aaa-a2ba-48fc-0c47-3b101c3d8f0c,DAEMYEONG,,73,대명
95cb40d62-2734-a402-e7e7-1b978a901ad0,DONGBAEK,,,동백
95d18fa7d-dd3d-e862-f66f-b3c99b78c3a8,SUGYEONG,,,수경
95d2fd1d3-3758-b010-d4af-3edf39543c3b,DAE YEONG,,,대영
95f9f04e1-1d76-03e5-9796-8b7e4be9576d,JONGSEONG,,,종성
95fa21025-5dd4-c463-eee3-231aed96fe97,DONG NAM,,,동남
95fdfd283-315c-38b4-cfdb-be1ef9f1947f,K,,1,
961d90c62-2263-92d7-4def-a8c863d67003,GILJEONG,,605,길정
963cc34e3-390a-382d-5f9c-4c43991952b3,SAMYUNG,,3,삼영 | 삼용 | 사명
96407ad2e-e2d7-832a-fa74-c49241236bb3,HAESEONG,,13,해성
964e70813-3b32-52b3-d635-e9d68d9db040,MYEONG IN,,,명인
965606f2f-fe92-a680-66a0-d500901a6ac8,JAE SUNG,,2,재성 | 재승 | 재숭
966878811-1878-5d34-9980-519fda43da75,CHANGNAM,,7,창남
966d206d9-9270-df80-1323-c1622c5383d0,EC,1004호,,
967de42b2-2f83-61a0-d7ff-bedc5b7e9cde,WANNABE@,,,
968275c2e-e0e9-16b4-636f-abe146f1da7e,SHIN GWANG,,107,신광
9685a3fb6-6ede-b458-3eea-6f7021dc1249,JEONG MIN,,,정민
968b0985d-d7a2-432d-5911-6fa83a4e3929,JOYANG,,,조양
969ac60d0-0c39-21de-9b12-81ec7b46d736,GO RAE,,,고래
969f2258b-bb1f-007f-3647-669f369b2e84,KYUNG HAE,,700,경해
96aad1637-71d3-3bd5-709a-b5f7eac4d2f8,SONG KANG,2호,,송강 | 성강
96b909ee4-4849-a4e7-95da-d15c4e709ba9,DAE UNG,,583,대웅
96ce373f8-8100-4966-eb27-ed4ee9824b93,MYEONG SEONG,2009호,,명성
96d4b8a45-5726-e49e-78eb-9c47798f8732,MYUNG JUNG,,102,명정 | 명중
96e0da7c1-1607-442e-8206-f9ebff187e32,CHEON LL,338호,,
96e164399-9d40-3621-fcef-205b57513236,KANG YEONG,,,강영
96e70506c-c669-811d-a106-427036372390,CHUNGK WANG,,,
96e8da0c5-5a0a-8e04-12a1-5cb693517941,HEA DONG,,,해동
9708ef765-522b-4046-2be1-8ae018e6cef7,GWANG IL,,,광일
970ee2b85-534e-ae15-c8b2-a2841ccf457e,KEUN BADA,,,큰바다 | 근바다
970f7e08c-c5fc-5490-2987-35f34521f37c,GANG WON,,,강원
971b673d0-00c1-7554-6c91-02d332e79282,JEONJA,,,전자
97230460f-fe29-c2cd-39b8-032d4d364692,WOOJIN,2018호,,우진
97356097b-b5aa-2b2f-0a0d-dd44361008ce,SUNGGIL,,,성길 | 승길 | 숭길
973fc8b2b-baf7-3b21-eb94-d53d9f195a68,EUN HWA,,,은화
9750b4005-570f-f59a-d104-5bcfb0dbaeec,DONG JIN,,305,동진
975f23d95-542d-56fe-632d-676b31acab7d,CHEON SEUNG,,,천승 | 천세웅
977d6fd42-236b-fffd-8290-399f15933c74,NA REU SHA,,,
977ed2dfe-eb65-1d05-4955-2587e8253a5f,YEONGSEONG,,,영성
9791841b8-8348-0aae-3053-f04e5a812042,GONGJIN,,107,공진
9792bfc61-1535-a276-71a3-0449f77c4f43,EO MIN,,,어민
97bbffc16-6151-9429-8944-20f4aacf673c,FOXPUINGSOXULO,,,
97bf7ba3e-ecd4-edb1-efde-d167fea2bc42,MYEONG CHEON,,77,명천
97c682b3e-e17c-1f21-349f-9c6178db5490,DAE CHUNG,,,대충 | 대청
97c693a58-8956-9229-d9cb-a1dfc6195d12,DONG NAM,,,동남
97c7e9ce7-773d-6201-926d-23dcfb7ff2bd,NAMYANG,,90700,남양
97dd0cbf8-8ce3-e735-45f3-e4e546cac5cb,DQNG IL,,,
97e2e26f2-2705-9c45-453a-1d4c13831b67,HYEONG JE,,,형제
97f0532cb-ba9c-b6f2-df59-06fb69ce8ace,HEUNGSUNG,,206,흥성 | 흥승 | 흥숭
9812726b2-2660-9d42-de13-e88e18ccea2b,NO. GEUM HWA,,3,금화
9826951d1-1edc-8795-a3a8-b2937636d602,JE MIN SUNG,7호,,제민성 | 제민승 | 제민숭
9830d52f5-5502-495d-9afe-c7ae451fd2aa,JAEWON,,,재원
9838fdc8f-f57a-bcf5-73bf-5b2969cf712f,YU YOUNG,,,유영 | 유용
9854e95d5-5bfc-b1d9-bde5-8459c9f0e8c5,YOON SUNG,,,윤성
985e24fab-bcd5-68d7-0588-1b7b78c76495,MANSUNG,,,만성 | 만승 | 만숭
986a5c05b-b604-81d0-54ae-a6fef10e7f11,MYUNG CHEON,,88,명천
986cb4f25-5d2d-8502-a492-780e490e321b,SHIN CHANG,,107,신창
989a6d4e6-6591-386c-3d8a-c484f80c908b,YOL RO@,,,
98aa50482-220e-fe4c-aa90-4615a1ed0c05,YONG WOO,,,용우 | 영우
98b3887b7-7277-6291-eac0-3ac8c2d0344b,NO.GEUMBOK,,22,금복
98d3712c9-9006-a9b6-87dd-61fadf4e0364,JAE SUNG,,2021,재성 | 재승 | 재숭
98d7627f6-6812-26cf-13c9-c0ed101ef222,MI SEONG,202호,,미성
98ebb5beb-b872-32c3-5bda-85a950fe8c43,MAN SEON,,,만선
990fef0d5-50c5-3c70-992f-a8a3548d719a,GEO SEONG,,,거성
9916a8027-7036-ffc6-57bd-41470b0484eb,SE YEON,,,세연
991f7a7b8-8cc4-4d98-bb3f-92fcd84a31c0,YOUNG KWANG,,,영광 | 용광
992310e80-0936-4f8d-4537-f2dfbccb1551,DEA YUNG,0호,,대영 | 대용
9932b1b78-8e63-f17c-70ad-b83e151d1adf,MANSU,,,만수
99399a7fc-c521-b9f4-15b8-76973e3fc207,SHIN SUNG HO@,,,신성 | 신승 | 신숭
994d82f5d-d180-bdef-84ea-e45bf0afbf91,MOON SUNG,,21,문성 | 문승 | 문숭
996cf27d0-08c7-5a6d-eb82-96093593f746,SUNG HAE,,,성해 | 승해 | 숭해
997b36acf-fea3-38ac-e49c-67bb7512384e,YUNGJIN,,,영진 | 용진
998694455-5070-8016-eca7-f32a9fc05ca6,SIN YOUNG,,,신영 | 신용
9991f6304-4b7c-9660-400e-80e64ef38384,SUKWANG,2호,,석왕 | 숙왕 | 수광
99943ff4a-a246-f7cb-ed3d-84f1fc6b1c08,NAMSUNG,,2012,남성 | 남승 | 남숭
9994dd75d-d696-ee05-c491-9268747c8489,HAE DUK,,,해덕
99b4043fe-e7e6-250b-8d9a-8dad3949479a,JE IL,,,제일
99c34e0f8-80c1-2df4-079d-7a0c5e05e15c,SAM HWA,,,삼화
99c552e84-47d7-893f-482d-5dd20f20f566,SIN MYEONG,117호,,신명
99d255858-85fb-899a-4501-8f88409d00b4,TAE SUNG,,,태성 | 태승 | 태숭
9a1779283-3944-b63b-d98f-f9b6e1b555c1,KUM YUNG,,,금영 | 금용
9a24769c6-6376-f6a1-f863-8a14fc6cdad6,NA RA,,2,나라
9a26f35b4-4216-d827-e37d-0c4bb852c837,SUSEONG,,,수성
9a2b68465-5102-4b95-e2c5-ae22f5df81de,JIN SEONG,,,진성
9a3179780-0cd8-065b-589a-a5caf6be1808,TERRY,,,
9a4b05c2f-f308-e94b-64fe-98d762479342,SEO JIN,,,서진
9a4b897b8-86bc-a1c9-47dd-e5b72236aab0,SU WON,,,수원
9a5d1d6f6-6091-058b-5d4e-ad5e9a50babe,SEUNGMYEONG,,,세웅명
9a6a377ea-ab65-120f-e998-a4565d75ef98,CHIL SEONG,,,칠성
9a7f56108-81cf-e468-6a01-dfb9edeb9526,SAMBO,303호,,삼보
9aacd9522-2468-9841-1591-e707c525d951,E GYOUN,,,
9ab05e3e2-253d-4f11-7403-1853b67f0a6f,YUSUNG,,225,유성 | 유승 | 유숭
9ab1f5e61-12e0-b6c1-d657-1be91f1f25f2,YOUNG NAM,701호,,영남 | 용남
9abea90bf-facc-c216-add6-3770c2001ca5,GIL SEONG,2017호,,길성
9ad75fdc1-1651-7437-646e-88feff428b57,JUYEONG,,309,주영
9adb05d8d-d59b-e90a-ead7-8a4766e34432,HAE SUNG,,2001,해성 | 해승 | 해숭
9afd17f26-62b3-b46b-6881-0a7b862db972,MAN GANG,,,만강
9b02706e5-5574-b2f1-e60b-d9499962d1f7,NO. YEONGHWA,,301,영화
9b2ce1531-10d8-910d-9883-fb071eb27050,JO SUNG,,,조성 | 조승 | 조숭
9b353d8b2-2fb1-b9c2-20b4-d773756aea82,GEUM SUNG,3호,,금성 | 금승 | 금숭
9b387081e-ee36-b0d9-3b9b-036f1e99d04e,CHEONG RYONG,,829,청룡 | 청용
9b3e219c2-2aa8-ca2d-ee92-92dc9e959893,YEONG JIN,,,영진
9b3f7a371-1bec-682e-94b1-925a9100fd6c,JAESEONG,,2026,재성
9b5cb1da2-2135-57ed-eca1-56b4ecba4e98,MAN.SUNG,,,만성 | 만승 | 만숭
9b73fc146-68b8-d6f0-962a-81e6c02a07e1,A DAM,3호,,아담 | 에이담
9b86e7219-9196-3b8b-de70-cfc1bc11868b,YEO MYUNG@,,,여명
9b87fbfaf-f36e-d7ba-6d8f-7c012c6443c0,SUNG JIN,,,성진 | 승진 | 숭진
9b8832a3c-c407-03f5-e730-6d620e97d371,GANG YANG,,,강양 | 강향
9b8dcbf15-5952-9479-0f71-4a6ecad01882,BIKTORIA,,,
9b8f5a3a7-7384-9736-4f66-e0d5959d2da1,MAN JO,,2021,만조
9b91019fe-e594-f8ac-525d-ec169d139b9d,DAEBOK,,668,대복
9b93830fb-b0df-5ff6-d04a-4dae423cd94a,YU MEYNG,,,유명
9ba788819-997e-4dc9-6c1d-79fbe56b25ce,BAEK SANG EO,,2,백상어
9bc2b7081-1203-85fc-2fec-3ee93f3d1701,DONG HAE,,,동해
9be42478f-ffdb-3de3-bcc5-8d9943e0f957,HEUNGSIN,,21,흥신
9be7faa28-8629-bb2f-70cd-f350d57dad81,HAE RYONG,,,해룡 | 해용
9bef1ed16-6698-3e36-a3e6-9a8162ac12c5,PUNG KYUNG,,,풍경
9bf1921d5-5587-d3dd-18ac-f7138c13f01f,JINYANG,308호,,진양
9bf56c123-38df-c4c4-4658-a07799c01668,LUNA@,,,
9bfdfbd57-76d1-6e78-590e-ce32bd1b3711,GORYEO,,568,고려
9c10d73c0-0fb0-2c93-50ce-a88d4dda58db,CHEONBOK,,887,천복
9c13c29f7-7218-5abf-52e7-2a09e954f149,SHIN SU,,,신수
9c26e3254-45f0-a3f9-4d0e-aafd493da8ad,FISHING MANIA,,,
9c3b6da81-12a0-dffe-f23e-2bb44635fac4,PIL SEONG,,,
9c5200702-2e65-ac80-af3e-e717c0008fda,JINYOUNG,,5,진영 | 진용
9c565d44b-b3e8-2365-df75-b55be44f9447,SUYANG,,,수양
9c5867687-7ed0-0490-8687-5f9ddd16a8cd,DAEHAN,,,대한
9c6c05929-9f5d-7382-8343-b8a8dde6d29a,MYUNG RANG,,105,명랑
9c7519866-6227-38a8-855d-22e52a59be84,KING DUM,,,
9c763a2a7-75b2-6cc8-d83d-feecdff6c1c0,HO SAN NA,,1,호산나
9c8859519-9036-9aa3-5911-c4b4be265e97,WOONG BI,1호,,웅비
9c8a39c0a-a1d3-18e6-2d44-9af13fb1db3d,YUNGDEOK,,,영덕 | 용덕
9c91a0d3f-f97b-2539-b372-a6fb82a02fec,HWA YOUNG,,38,화영 | 화용
9cbdee25d-d7d2-2b0e-4c8e-26d31ae2e240,EUNSEONG,,,은성
9ccd59f69-93a6-7505-8d7a-e71f9401726e,VICTORY,,,
9cce60c78-8058-4459-c5b1-21887ee6f6e6,DAE GWANG,,,대광
9cd31e369-9019-1ec9-55b8-8bb1679a3999,STELLON,,,
9ce804645-56be-4a9b-df57-4897684d86c7,DAE WON,,,대원
9ce9523b8-88e3-b10f-a1f0-b91691daa589,JINHEUNG,,,진흥
9cfcf0ef0-0eb2-aa13-90ca-822f4a37aebb,DAE JIN,,105,대진
9d1b09755-5868-81ef-1858-a81c5dc5f02f,SUNGSIN,,,성신 | 승신 | 숭신
9d286602f-f461-02fc-7fa1-1acd598ee211,CHEOL YONG,,2001,철용
9d4ad2a26-66af-6164-d47d-f03a44ac0d07,KALIBEU,,,카리브
9d4b46851-1e16-bf5d-259b-e24b7b14be13,JAICO,75호,,
9d4fc962d-df43-d29a-68eb-fe148b2f6fae,DONG HA,708호,,동하
9d52d6bde-e545-f028-e3a2-79500e6e8c0c,DEOK SEONG,,2,덕성
9d53f21ae-efd5-f68a-9ab3-2a3961be0402,NO MYUNG SUNG,3호,,명성 | 명승 | 명숭
9d6a9c126-6018-97c1-f1d9-9b32940b899a,ROYAL,,2015,
9d6d33da6-653a-f83a-0317-acacd1a60141,GANG IL HO@,,,강일
9d765e534-4fbe-afd1-de74-2fac55472275,DONG.HOOUNG.,,,동호오웅
9d87d8e29-9f6d-431f-5294-7ec1649f0658,DONG MYEONG,,66,동명
9d897cf76-6134-c949-96db-7497004a2976,PUNG NYEON,,2,풍년
9d8fc9f71-102f-8827-58a7-a19f45d4cc8a,HAE SIN,,,해신
9d9e108ec-c024-94a8-16c5-f0c1697d2f6b,EO SEONG,2호,,어성
9dcf5196f-f603-d9c2-6eaa-76b21e1106ff,TAEYANG,,,태양
9dcfe6b48-8fe5-dbd6-7fa8-85c350e3e1b6,CARISMA @,,,
9dde69457-7053-a242-6097-77197f4faab6,MAN SEON,,,만선
9e048fa08-8560-6524-dc9c-bddc80b177eb,NAM YOUNG,,102,남영 | 남용
9e070d3a6-616e-8f5a-1b60-7d0b79d98f48,HWA SEONG,,,화성
9e1e1803e-eaf7-adf6-aa21-69b6575fa887,SKY,,,
9e2012027-7834-80be-f14d-4af98386898e,EUN SUNG,,303,은성 | 은승 | 은숭
9e31b5d55-504a-415c-d50a-48092d99cde9,YOORIM,,1,유림
9e5eb77d7-720e-e5ee-c4c5-868722bddc40,SUNG BO,,103,성보 | 승보 | 숭보
9e77dfba8-8464-4cca-f6a3-0aa97dcb3a1c,SU BOK,,,수복
9e97e3259-9e81-6291-43c9-3cac4f49e46f,GEUM MYEONG,,2,금명
9e9a6dc93-3765-008b-0b95-64440804a886,GREEN,1호,,
9e9b3420f-f6a6-09d3-71e5-79e443f33cf2,HA@JIN@HO.,,1,하진
9ea1197c8-8b53-8ac0-01d7-df313f519a49,YU JIN,,201,유진
9eaa31801-17ae-21a9-25aa-40d498cc4ede,SOO SUNG,,,수성 | 수승 | 수숭
9ecfbd6a2-2044-3345-d56e-d8cd8d59cb49,GEUM YOUNG,209호,,금영 | 금용
9ecffa4e6-6074-a575-09d9-1caefdea0dde,SUNGYOUNG,,,성영 | 승영 | 숭영
9ed7dd2ea-a37e-41d9-9b82-6f46c1be2dc6,GISUNG,202호,,기성 | 지성
9ed81028c-ca19-59b2-d6b3-dd92d4aec468,DAE YOUNG,202호,,대영 | 대용
9eef1916d-d194-b9fb-bcc9-f038d0546021,HAN YANG,,,한양
9ef02aeb2-2b4f-5b5b-f5aa-c4713daa7f59,ONGJIN,602호,,
9ef6ef144-4cfc-a721-adc0-14ab4717e30f,CHEONGUN,2020호,,청운 | 청은 | 천군
9efbe0b23-35d7-75b9-43d0-92e918caf665,DAE GUN,,1,대군
9eff275e5-547f-7f4c-266a-9cbdff03d1bf,NAMJIN,,,남진
9f1fc7330-0f95-3c76-72fc-e2e15492229f,NO.KEUMYOUNG,,52,금영
9f223fa02-291f-22f7-d9ed-6423adeb174f,MYEONG SHIN,,608,명신
9f385a04d-dfc5-c17e-af73-9c24689318b2,DAE GYEONG,,2020,대경
9f456c8a2-2edb-7a9a-d269-bf004caeeb51,KANGBADA,,,강바다
9f6bc11dc-c7c3-63e0-50d1-fbe6d106da6d,HYUN BOK,,,현복
9f84930e0-01a5-003a-bfb2-b157424d3334,DAESUNG,101호,,대성 | 대승 | 대숭
9fbf18add-dc7f-c59b-974b-4f04650fe26a,CHAM BA DA,,,참바다
9fd09b419-9409-cf7d-0c29-c942b9e53431,YOUNGVI,,,
9ff9bac66-6d6f-0002-4996-afa92f7e2807,HAE UN,710호,,해운 | 해은
9ffc03a1a-add5-ace2-7aaa-c96f0f07b566,HYUN DEOK,,,현덕
a00544ef7-7a71-56d5-cebe-1226e3c042ee,HAN RA,,,한라
a00b891a3-311d-c111-cef0-3b0b3283bca0,CHOKWANG,,201,초광 | 조광
a010424d7-73d3-393d-a2bd-15a4c4bb4784,BEOM SEONG,,999,범성
a01e54506-6182-b7b1-66ce-62b8ab1b3e3e,NEW ARA,,,
a0219e2f2-2a0e-0bf7-4193-f6ca125ad231,JEUIL,102호,,제우일
a03238baf-fa15-0ae9-2cf6-3d5ae5af4d15,PYEONG HWA,,2,평화
a05143789-9ecf-c563-8380-301c70bcdd91,EBISU,,,에비수
a05be9dac-c12c-30ca-acf5-0a4d6779ea9c,HAE RYONG,,,해룡 | 해용
a07caf1ff-fc38-ca74-922d-3f0ff0d92b7a,U SEONG,,,우성
a0b0d72a7-78fb-84a5-6960-878bb010374d,NO. KEUM SUNG,,111,금성 | 금승 | 금숭
a0b187c30-06d0-1ba9-f150-916a9b6d0ad8,MANSEON,,301,만선
a0d35879a-a9b2-12c4-bc01-cea0d0ca3eef,GEUMJEONG,,69,금정
a0de941e0-0b65-0f38-2f3c-5746cea674ca,HAPPY,,,
a0e53dd89-951a-5d47-0050-fe53d5c4b612,NEW GEO JE,,,
a0e79076d-da94-5fbe-bcd2-d704d1478a00,POSEIDON,,,
a106b9c6f-f965-90ba-cb77-80ec531f98cb,BOO HEUNG,5호,,부흥 | 보흥
a13307b91-1d32-6bea-b83a-5a6efb26486d,JONGSEONG,,,종성
a13701a80-0547-e36b-fdc7-1c635317b6b1,MAN MUL,,,만물
a13c7b0a9-9a22-0358-0ab0-a7212b519732,PYEONG TAEKHANG FISH,,,
a142c5677-7ed3-51a0-b238-e5d77ff27ead,DONGWON,505호,,동원
a14ca4ce1-120b-e82b-816a-571219c160b2,HYO JIN,,,효진
a14db705f-f224-310f-87e4-4564a27a8cf8,DA SOR,,,
a151b684b-b673-fe31-d53d-be4541055523,CHENG HAE,,,청해
a152b3678-88e2-637a-67c1-4a8e59142eb8,DEAWANG,,306,대왕
a17cbd6e9-93e0-0a4a-cb05-8de2bb6ac32c,HYESEON,,2025,혜선
a17f0b0e8-88a5-b054-1509-66f7c9358fd6,MYEONG IN,,,명인
a184e0299-97f0-6db0-fe0a-1e950ec563ce,YU LIM,2호,,유림 | 유임
a18c490b3-3e34-581c-5bdc-4cfd6bc88ba5,HYESEUNG,,151,혜세웅
a1bbfc127-7b9d-d8eb-5a1c-608a972d0476,HE DAM,,,해담
a1c032f17-7a77-f70b-3558-bce31f0eac77,HYUN DEA,,,현대
a1e3fab6c-c77f-367f-036f-95eb97bb0465,GI SEONG,,,기성 | 지성
a207748d8-80ae-7655-705e-b7ea462bf762,TAEKWANG,,,태광
a20aad573-34d9-5c32-cabb-91b55923013e,DONG IL,,6,동일
a21f1be96-6007-376b-9153-6f2677ce6047,DONG_BU,,,동부
a22118c91-1704-1073-23a7-3a97ec233c68,RING KER SEU@,,,
a223150ed-d1c7-38ff-7868-7f4f6eabe014,MOON GIL,,301,문길
a2232acfc-ceab-95b4-cce1-90beb32204bd,DAE GWANG,,,대광
a22332fa7-7704-7aa8-a118-feaa69a2e0af,DAESUNG,,,대성 | 대승 | 대숭
a224a5727-7b4a-d39a-5559-8cf5d2473253,BYEONGPO,,,
a22badbc3-3fae-af33-fa4e-85a65e013c9d,OH BOK,,7,오복
a24b8bc0e-ee70-34e6-5175-4c90d0750099,JONG SEONG,,,종성
a24fc32cb-b5c4-4dd6-6390-905786d607a4,YEON IL@,,,연일
a2539f6a0-022d-a272-1cab-82154253438a,DONG HAE,,,동해
a266dc3f1-13db-d489-42c2-db706a4b88a2,YURI,,,유리
a2700176a-a0f1-a98b-bb12-7db2ff1f0c39,KOREA@,,,
a270e6a4a-a3b2-9550-247b-3e42893bac73,CHANGYANG,,,창양
a291c55c9-9616-6b15-bb8e-21bd6c5b466e,KUM SUNG,,,금성 | 금승 | 금숭
a29779f2e-e4b3-5d9e-ef69-b71b8c1d29d6,BIG GAME,,,
a2a2108bf-f968-a607-c8fb-2c3b29ec29bd,SU SEONG,,2000,수성
a2aa0d3f6-69d7-2435-3b28-6b33860181a9,SIN YOUNG,,,신영 | 신용
a2b25eec2-2f05-9592-7c1a-180890434f6a,NO. SAN JEONG,,3,산정
a2b484e7b-bf4b-e9cc-52e8-a4dda6c819f1,KYUNG GUK,109호,,경국
a2bd1bbe9-9a0e-5473-7fe7-cd0f2b1fd19c,HAENG UN,2008호,,행운 | 행은
a2ca3a886-6c59-bb0f-74b3-59a4fad2b4a9,EUN JOO,,,은주
a2ccd2f3d-dc0e-cf32-06df-f222d8597538,LIFE@,,,
a2d3bf2eb-bcf1-20f9-4903-84e6e914d56d,SUNG EUN,,,성은 | 승은 | 숭은
a2e689260-06ca-134c-7bc8-c237ea09a7e4,DAE SEUNG,105호,,대승 | 대세웅
a2ffe17c7-722f-2870-0a55-68c950bf9f1e,SHINYOUNG,,,신영 | 신용
a31a5653b-b9a7-7a3b-fd88-8060684cb5c2,DAISUNG,,,대성 | 대승 | 대숭
a31fd7f59-92a5-b9f4-fd34-393d6ac5bab2,MASTER,,,
a32246881-107f-4a54-30aa-88179922b019,CHAN YU,,132,찬유
a32e1c345-5a67-2313-d98e-5ce2de721bcb,EOJIN,,,어진
a331ced4b-ba88-1b9e-55f8-50c091dae292,JAE EUN,,717,재은
a332a8576-6223-5fbc-78ac-4a8203c73ee8,DONGJIN,,,동진
a3334707b-b9af-689a-d5db-c8ed4fd096ca,HAE WON,,,해원
a33da78aa-a80c-8d97-4e97-3d68bdcabdeb,YONG SEON,,303,용선
a34fc3771-14d5-dbe9-b238-bc94219e1c49,HAENG BOG,1호,,행복
a365a371a-a150-9636-937c-0040e853543a,HAN STAR,,,
a36fa5081-1170-4831-f436-d4b2c156abe8,SE YUN,,1,세윤
a3743029e-e858-86fe-6542-61e1e597df3f,SUNGJIN,,,성진 | 승진 | 숭진
a375c0b54-41ff-a0a9-da31-55d918fc943c,DAE GWANG,,,대광
a379b493b-bf9b-5d76-7793-c93fbb687ec2,EO SUN,,,어선 | 어순
a388647c7-70e1-2e0a-c049-f7947ff0d882,DAE IL,,,대일
a3ae8c230-08e0-58e0-cb4b-cd8661625a6c,DAE IL,202호,,대일
a3ca739a2-2e24-971d-f0c9-fd9cf0fa1d8f,JE HE YANG,7호,,제해양
a3d9829db-b11c-c970-3738-03d56409774c,GO RAE,,,고래
a3dd49fb4-4660-2c29-cf02-a991ef01ce18,MI RI AM,,,미리암
a3df843fb-b13c-2499-0a9e-73377ceec103,DRAGON,,,
a3f8dc5b7-7d21-8f66-f2fa-2d3bd14081ee,HAE OREUM,2호,,해오름
a3fd28298-808a-22a8-2132-9424bb94251c,YU SEONG,,,유성
a404928bd-d5ba-57b6-cd85-6c8340048330,HUIYUNG,,155,희영 | 희용
a40e411d3-3754-bcf4-8202-7e555ec30e96,BLUE SHARK,,,
a4221ecaf-fca4-a1fb-2534-0f0120f4a42e,DONG WON,,,동원
a43247563-3e82-7123-4280-a8d017c592af,JEONNAM,,209,전남
a43863420-0af2-49d6-def0-b6e5007320da,NAM GYEONG,,2018,남경
a444a567f-f7ae-cd7e-d026-67f337bdfc8c,DAE YANG,,207,대양
a45fff730-0440-ee46-373c-4bbeca8d1fbf,GIL JEONG,3호,,길정
a46166d82-2ccc-12a9-8abb-22a29431808f,MIN GEUN,,,민근
a4654b611-1cf1-0e1c-010a-80fa12f0ef71,HANGROPYOJI,202호,,
a46da9c68-89a4-5b94-b7c0-84e58466cd49,CHAMPION,,2,
a47b6db9a-ab31-8846-ab69-2db435a1539f,TAE KYUNG,,,태경
a4895b398-8ee1-b8ce-9526-8425b8caa568,SUDUCK,,,수덕
a495fcda1-1895-0b10-bbc6-5ebdaf9f07da,NEWSIA,,,
a4abebf1e-e2fd-30f1-c26c-b44c3bb1540d,DAE SEUNG,,,대승 | 대세웅
a4bdf820e-e48e-5306-b29e-c780101b85dc,SAM HYEONG JE,,,삼형제
a4c5a3f4f-fbf0-44f3-eff9-e2edf8b5808d,EQGA,,,
a4c833022-2049-9d68-4a13-6adb94dd72ab,YU SEONG,600호,,유성
a4cdacfcb-b211-582c-33cb-07a5a0c53ef5,HAN YANG,,,한양
a4d800ff0-0232-71b2-dfba-a328bf80ecb0,HAE GEUM,,501,해금
a50b24d87-7fea-44e5-685e-f5a01c59616c,CHAMPION,,,
a50e7c683-3e3f-eaac-4c4d-cffd57adf715,CHEONG UN,,,청운 | 청은
a51313bc8-85c6-2f67-2500-1f1996bfb876,A DAM,1호,,아담 | 에이담
a513533de-ee02-b629-5142-3bafb62496b2,SUNGBO,,502,성보 | 승보 | 숭보
a5296f7fd-d9aa-4f19-b161-d18a48dbfbaf,MYUNG SUNG,,,명성 | 명승 | 명숭
a5352abad-d082-2899-946d-b1bb8831150d,JIN SAN,,,진산
a53e34c93-3074-cc77-e9aa-b089a7b61a50,HEUNG SEONG,,,흥성
a5588fe28-854b-0c13-5f2f-cd7b6fec1dab,KA RI S,,,
a56bdf843-3131-061d-f35b-60900d413960,JE TAE KWANG@,,9,제태광
a572cfba2-21c1-b129-b351-5c82511449f5,HAN JOO,,,한주
a573d6a8a-a748-e3ba-8227-ffb8d6b50af0,CHEONGLYONG,,903,청룡
a57f4edc4-4bf1-0e4b-17ee-677c5df45f7c,YU RIM,,,유림 | 유임
a591e5699-9303-2dc8-fec3-e705b4e66509,NA POL RI,,7,
a59d0e6d6-6d19-762f-6207-13cdfc8e52cc,SAM JUNG FISHING,,,
a59fe0edc-c2f2-f56f-76c2-2d49dea7e3ef,HAEYANGGONGGAN,1호,,해양공간
a5c8d5d99-99b5-78b3-2bea-f6614f210fe3,GYEONGJIN,,,경진
a5db279b1-148f-41d0-6ccc-9cc5f976bc7b,JIN JU,,,진주
a5dd32911-1607-a19d-55d8-8c20b280cad5,HYUN DAE,6호,,현대
a5e8b9af1-1974-ef90-b281-7b42e9b552f6,GEUM MYUNG,,1,금명
a5eb12e88-8b3d-5766-1391-cc3d8e627305,RISE,,,리세
a5f977826-6988-94c7-ea79-4ce4bb0e57d0,SU PYEONG SEON,,,수평선
a5fdaff85-555b-b3ef-54a0-7240ae3b7c8a,NO.WOOYANG,,11,우양
a5fde015b-b01b-ce32-c6bb-3b2f8ef15c33,K TU,,,
a6088ff5b-b096-631d-38e2-523b6a55326e,DEOG SEONG,2호,,덕성
a61695c59-96d8-82eb-c2e0-0fc5da9049de,SEONG GWANG,,,성광
a61e613b2-25d9-6e17-1624-62173baded9f,JE DONGJU,101호,,제동주
a63e1c640-0da5-9247-d5dd-2a987c60c4ea,JANGSUNG,,,장성 | 장승 | 장숭
a649cfcc6-6666-eb6f-56d2-d1276bc4665b,DO CHEONG,591호,,도청
a655084cb-b5c4-ed3d-d7c8-2ea8c9489d7f,HAE SEUNG,,,해승 | 해세웅
a6576369b-beac-dfe9-20be-73883696c809,DONG SUNG,,,동성 | 동승 | 동숭
a662bbf1f-f0f5-ece3-a4ae-4e7a2b36f629,GIL SEONG,,,길성
a667b3481-17fd-dad4-695d-4ec653d97620,SOO GWANG,,,수광
a66b939da-a0c1-5f7e-6480-b33ab6ffcdb4,TAECHEONG,,,태청
a6743f92f-f8a9-ef31-4930-0ddc64b090f7,SIN SEONG,,,신성
a67d3e6ee-e09c-1592-c25a-71dd2be87fc1,NEW BADARO@,,,
a6829aeed-d3ff-62f1-c069-cdd0cf47bdb5,HANYANG,,7,한양
a688dc2fb-bd4a-64a2-8916-86ca0fd7073f,JEMAN SEONG,53호,,제만성
a695b35c1-1ae7-701d-014c-cf3a0910bdf9,SE JIN_,2호,,세진
a6a7ec71b-bd01-9e28-aa6b-51bbf58437e9,SEO JIN,,,서진
a6b0ca461-1ba3-d293-b19d-7849f7280a05,SEOHAIFISHING,,,
a6f647d2c-c248-103b-b99a-e2e9e1e48908,JIN YANG,,,진양
a7151dd1a-a46a-8922-f7ae-f585a297a725,NEW CHEONG YONG,,,
a728e1d7e-e13f-4c65-d6eb-73b2d8a51f46,TEU RI TON,,1,
a736c3c50-01c5-d6fc-cd05-bc45562ad136,O SUNG,2호,,오성 | 오승 | 오숭
a74ac0ebd-db50-d0b1-4e9f-43ed9cd0f3db,SUNJIN,,,선진 | 순진
a767c92dc-ca15-455a-4541-bdd3e754efd8,BAEKYANG,,306,백양
a76d0a20e-e214-9518-5b46-38e8d7312ccc,SINYANG,,638,신양
a770c9c3f-fb43-98d1-2e60-01819909213b,TAE YANG,2호,,태양
a7788a2a2-2a61-29cc-b5b9-33cfd1eb16a0,MIN SUNG,,,민성 | 민승 | 민숭
a78b2d3b9-913a-dce0-8782-794db1551503,NO. CHANGLIM,,501,창림 | 창임
a793627fc-c6be-8949-7637-724a4c9d12b5,SEONG JIN,,,성진
a79398f96-64f6-b30d-f6e0-4b6a76cc5373,EUN SEONG,,,은성
a7a87b9e7-727d-87d4-b523-c5f35de877ed,HAN SOL @,,,한솔
a7aeb4d84-4c1b-159a-c5ed-dd34bc5e14bb,GWANG YANG,77호,,광양 | 광향
a7bcd5194-4e6b-0979-2a2d-dda03b2c17b8,SUN YANG,,,선양 | 선향 | 순양
a7c1d6c8b-b803-00e8-0c58-cd65022fdf45,POWER FIHSING,1호,,
a7e1c1f3d-d013-1f0e-d4f8-c10af3698c2a,YU SEONG,0호,,유성
a7eb8e686-6117-efad-33e7-f29fcb8a809e,NEW GEO JE,,,
a7ec15bc4-4b7c-5f43-8051-b3436ce02598,KEUN HYEONG,,,큰형 | 근형
a7f69c354-4757-a33d-3b42-568644311094,SINNARA,,,신나라
a822a3f54-40d1-873c-a277-b59bbba52e71,DAE YANG,,,대양
a83944b82-2675-8af0-6783-6d03775d6355,HYUN DAE,106호,,현대
a83be4050-0866-5053-f7d4-56092aefcfb9,JE DEOK HO@,,,제덕
a85fd80e9-9274-7c2f-9215-c78a40132be0,YUNGKWANG,,98,영광 | 용광
a87e357a7-77ff-8e50-7b48-11787eb5dd1c,GEOGEUM,3호,,거금
a8ad229d1-1b1b-326e-1e3f-7d4ade3d4332,DONGHAE,,5,동해
a8b51ed60-0194-88fb-b55a-07e87509a2bc,SIN SOUNG,,3,신소웅
a8c25f7d0-09ba-15fd-a75b-80964e310eb4,NUM BER ONE,2호,,
a8cfc35c0-0e0f-f989-2c9a-09f9378d2a27,BUGIL,,,부길
a8d228e98-8348-eae9-90b3-fb72b8f71171,HAW CHANG,,87,화창
a8f975006-6bab-b220-f858-3cb8bc4befd1,BOSUNG,,1,보성 | 보승 | 보숭
a9008a3bc-cf81-953e-458c-5dd662465a8c,TAHITI,,,
a92aba245-59e6-1a5e-e985-30d0eb1aff9c,CHUNG NAM,,,충남 | 청남
a92d03c6b-be4e-9961-0488-2664b95c35a9,HAE JIN,,702,해진
a93b233d0-0d3c-f38d-9355-9f3afa2805f7,MOBYDICK,,,
a93f2293f-f66f-e18f-e353-049cf841c81a,HWANG GEUM,,,황금
a940e17fb-b663-9bf4-3b81-ea761fc7d3e4,MYEONG GWANG,1호,,명광
a953079b7-760a-2081-a5db-92ed11fbcf02,SINYOUNG,616호,,신영 | 신용
a9549946d-d2bf-7674-80a3-6710d0f0df70,SEON IL,3호,,선일
a968de30a-a6d6-11f1-623d-367a3653a65d,YOU JIN,,2024,유진
a96c1cc91-1056-6f89-f6a2-ac025d1ea39d,SEONG IL,,,성일
a98d0d184-470f-2fb1-83e2-1334be9e5d05,WIWORID,213호,,
a98ec6487-77eb-f33f-f2bb-0814ea44227c,JIN KWANG,,38,진광
a9a10650f-fb02-ccfd-4d65-a00be612cca0,GYEONG JUN,,,경준
a9ae6ce2a-a07f-5882-f3b4-af2243834511,SIN IL,,2022,신일
a9b015c9b-be2b-4e48-b99e-94b165058bf9,CHEON SA,53호,,천사
a9b10c211-1ed1-588d-53ea-35d8e7dc4ecf,SHIN A,21호,,신아 | 신에이
a9b61e704-4bf5-a59c-74c8-71269f2e11bd,BU KWANG,,,부광
a9bdea754-41a8-b66d-3d99-639131b66c78,SANGJIN,,,상진
a9c5812c8-8d18-b6ad-b8b4-bc106e549e21,TAECHANG,,,태창
a9c625065-558d-9324-bb30-7b1534520e9e,JANG DEOK@@@@@@@@@B\,,,
a9d61f29c-c142-fdb1-174c-1442717402bd,MYEONG SUNG,,,명성 | 명승 | 명숭
a9e01ce20-0f1e-7117-c5dc-ddaa9fe0a9ab,JE MI LAE,505호,,
aa12e499f-f2ab-2563-c95f-96f28fe357fa,GWANG SEONG,,,광성
aa16cc28b-bd3f-0ece-ece7-e11b0fd365cb,CHEONKANG,,2,천강
aa209d6fe-e716-b7b2-807a-c37557321fe7,POONGWOON,,339,풍운
aa24e7c7a-a099-2e9f-fa5e-13aca44eed65,GEUM BI,,,금비
aa4214d5f-fb6e-947c-0fdd-5851579e101f,O GO FISHING,,,
aa440f032-2326-be95-640c-56cefca8e365,DONG SUNG,,,동성 | 동승 | 동숭
aa48200e0-05ac-4153-6c98-80b7f993e6ad,YONG GUNG,,,용궁
aa4ffd23f-ff43-600c-726c-69480dd98a66,HAN GYEONG,,,한경
aa5350d48-8ed5-2b07-071b-b408c094a57a,MARINEO,,,
aa5e78e1b-bd83-fd5b-faa3-aa36841924de,YOOSIN,,2026,유신
aa5fbc823-3fe4-2642-3ba7-d3b246d2b639,WON GWANG,,,원광
aa74ccbb8-8062-f458-bfb3-d3015e5daf18,GOOD TIME,,,
aa7ea942f-feff-0c31-9aa8-c9372008b5f3,DAE LIM,,,대림 | 대임
aa991bb7d-ded1-1101-5cf7-038a61330efd,SIN YUNG,,,신영 | 신용
aaa5e1b6d-d705-10d9-8f23-a0eea8325200,SUN KYEONG,,33,선경 | 순경
aabdc9a88-834c-ce99-8386-12a0cb9e78bb,YEOMYUNG,,,여명
aad845294-46dc-98ae-4dc3-34a378a59538,LOGOS,,,
aae02a40d-d5ef-8f38-7f65-f2438bb21ec7,SEONGDUK,,,성덕
aaf01a470-06d9-eee4-9957-9c9c686e4591,BEDRO,2호,,
aaf91dd78-8c8d-f152-0f16-9f40b47cf2b7,LUCKY,,,
aaf9d2692-2a46-3fe0-bf7b-c2348aa277aa,SAMJIN,,,삼진
ab2ad5d8a-a169-5755-efbb-aad6fa1980e6,YEON HWA,,,연화
ab3bb0bfe-e505-bbb2-3314-78539883c300,GWANGDEOG,,,광덕
ab46a79f4-4c19-7472-af20-3717daabf6e8,KANG YEONG,,,강영
ab5d56681-16a5-3173-2c52-9ccfe6b02a5f,BOK SENG,368호,,복생 | 복성
ab6c3d9a5-5525-cdf7-ce38-3224161e0379,KING KONG,,2,
ab729594e-efe8-8620-4bf2-dff4c4a9b988,CHENG YONG,,,청용 | 청영 | 정용
ab7fcd507-7194-d71e-fe0f-41aa17f1b00f,YEONG SIN,,,영신
abdab9b43-3159-5d87-3911-e10b2654ed8c,JIN SUNG,,,진성 | 진승 | 진숭
abde1b48a-aeb6-eab8-0a95-1c80d918e59f,MANJIN,369호,,만진
abe30ad7e-ebba-7a2f-1c3d-fa2eab44187a,SUNGJIN,,,성진 | 승진 | 숭진
abe6b0656-66a0-5880-aca4-45fab1588f44,SUNGDUK,,,성덕 | 승덕 | 숭덕
abed620cd-d68b-e863-5590-bc1b4683f96b,CHOI KWANG,2022호,,최광
abeeb644c-cec8-b465-c371-41645ad28bb7,WOOJIN,,11,우진
ac0816173-3919-14da-f6d3-2312eb841756,HAN AREUM,,,한아름
ac1fe3b77-75b4-db7c-b525-c8b475353010,NO. YONG YI,,1,용이 | 영이
ac21a75d8-8685-8bb2-417f-679c576ae910,HUI GYEONG,,88,희경
ac3ff73e2-2b2b-f3bf-8db5-59de39b8595c,KYEONG NAM,,,경남
ac4019b4b-b2dd-887c-925b-b0a3a23ac8dd,JAUN,,,자운 | 자은
ac4cacf7b-b392-264e-58d3-cb43d9bcbff5,A RA,3호,,아라 | 에이라
ac5d2b488-84df-8c4a-34a5-ec63bfb21b3c,BIG STAR,,,
ac6849c1f-fd97-abbd-5f30-6c43486ed291,SINJU,,,신주
ac715e78e-e53e-cc5e-4a3b-ccd44799fa45,GEUMGANG,,267,금강
ac8251664-4118-0b26-164f-0b1e7764c057,TAE CHANG,,,태창
ac8b50949-9a56-b2df-c9b7-76db338acdcc,BARO,,,바로
ac9650573-3680-7b44-ba0e-0493ec661656,YONGDUK,,703,용덕
acae43da3-38df-1d15-a102-f3f38c55e661,TAE GEUN,,707,태근
acbdbe3f0-09cd-2f43-1105-61f9c65cc1d7,BLACK PINK,,,
acc7d28b8-8aff-a632-bdc0-a1e3de168f55,PREMIUM,,,
acdad2d2a-ae21-5b59-0176-9fd23710242b,CHEON MAN,7호,,천만
acdbc828f-fb03-d97c-a2fb-494b10c2fbf8,ARA,,,아라
acdfdfd46-6332-ea85-848f-a6f1583156ee,HAN EUL,22호,,한을
acf299a67-7d3f-357a-f756-71fa94a69be2,CHAMBADA,,,참바다
acf6a3dda-a169-dbdc-1a9a-b2d31abac6c1,NO. TAE SAN,,1,태산
ad0b74814-4f8e-a703-17be-1015207a1626,PYEONG HWA,,61,평화
ad1d62bc5-5305-47c4-2428-de30c3ece899,DRIMSTAR,,,
ad46430f4-47c8-f142-d5af-dd349d713f32,GYUNG DEOG,,707,경덕
ad4709023-330a-6768-5f01-46f87224a43c,GANGWON,,203,강원
ad4f1f6ca-aab4-1d64-c784-83c0f189fe13,JIN YOUNG,,,진영 | 진용
ad7ab6cfb-b10e-4dc0-9086-8808a6a09cfa,SUNG SHIN,6001호,,성신 | 승신 | 숭신
ad8c976d1-1e35-bd1d-5791-eeba0b392b80,TAE GAWANG,2호,,태가왕
ad91f3b1b-b5fd-aa8b-da1f-a989143edf6c,SAMSEUNQ,,2018,
ad9f7565c-cf56-0a43-5337-cae7b24e7f45,GI SEONG,,,기성 | 지성
adaae1c64-4774-efd3-3d86-7e38cfda8750,DAEDONG,,62,대동
adb1966a5-56e5-6529-80ad-9d4918d2942e,SUNGWON,3호,,성원 | 승원 | 숭원
add2db0bb-be34-a6e8-eff4-ff7274caba51,GUMI,,,금이 | 구미
adda07363-3153-9224-aa99-471c9a52ae63,DEOK JIN,58호,,덕진
adde9c960-0eaa-3dc4-78cf-6d9699afae06,DONG MYEONG,,75,동명
ade904950-0c0f-d08c-7f69-12f8fa52e309,DAE YOUNG,,,대영 | 대용
adeedca85-54be-9b10-f0bc-fabae16dc078,JEDAEJIN,1호,,제대진
adfb07692-2d1c-a11f-2d52-b96f9a3a0858,DEOKSEONG,301호,,덕성
ae25387a8-8664-ee99-fcbb-1767abaf1aea,WA RYONG,,,와룡 | 와용
ae91556fb-b040-121f-e1a6-375c812023a6,SOO CHANG,,909,수창
ae96e8b51-12db-4d76-d719-397783816f99,EOSA,207호,,어사
ae9dcfa63-384b-2555-ef0c-010459dd56dd,NO. MYEONG SIN,,101,명신
ae9e458ba-a18e-fa50-1b15-8eef8db9be46,DAE YANG,,,대양
aeadce2a4-4445-4e48-8e19-5b9d7f4d1b12,SU YEON,,,수연
aeaf6e9a5-5225-386c-440a-28916b38909e,SUNG IL,,,성일 | 승일 | 숭일
aed7d6b22-2bdc-71a7-8770-c89caa5e440b,KWANG JIN,,,광진
aeeb648ac-c668-d460-2711-6b0c276225e8,SUNGJIN,,5,성진 | 승진 | 숭진
af0ced2a6-6e7a-ed82-f340-1adae12262b6,HAM SUNG,,2020,
af167b62d-d5cc-def1-fb3d-9e5bf3709689,NEW SSUN DER,,,
af1effb8d-d593-ff0b-fcf5-ddd2512d9325,TESLAN,,,
af2107fa7-7641-a346-1409-ea3f1b5af7ff,GEURIDA,,,
af650af86-636a-ebcf-1f00-e1bf62422f59,SEOJIN,,308,서진
af6a89500-00fc-4db6-9e2d-b8727966c509,YEONGIL,,,영일 | 연길
af7559ebe-e5a2-e1e5-e91c-c92051271875,YONG GILL,,,용길
af7b3989a-a887-24af-52a9-75fde7f0a1b3,SUNG IL,,,성일 | 승일 | 숭일
af8bd9e5c-c073-b2a7-1883-0d994b50ac6c,KI SEONG,,,기성
afac932d3-3065-39e7-7262-c2969220cb0a,NO.SINYOUNG,7호,,신영 | 신용
afb3ad655-5d38-c755-1678-c9f8b22d8540,JANG SOUNG,,,장소웅
afba2c349-9926-2ed1-dce3-9cbc919918bb,YOUNG KIL NO.,,1,영길 | 용길
afc66f382-21ad-0714-df0e-e7dba192a240,PUNG SUNG,,,풍성 | 풍승 | 풍숭
afccd426b-b304-71aa-a98b-7bbaa06a0fdf,NU RI,,2,누리
aff06d68f-faa5-f2c4-cada-85d244dc4063,HAN SEONG,,,한성
affa8755a-ac32-d25b-9624-32d850af8fe3,DAESUNG,,,대성 | 대승 | 대숭
affeb4548-8428-0590-69b6-deb37f4bd71d,DAEWANG,,,대왕
b0143afab-b3a4-c77c-27ef-8a801df1fc39,YONG JIN,,,용진
b025abfc6-6191-12cb-7488-ab7bcb013bc5,SINMYUNG,,,신명
b0316ecac-c7ce-258b-db34-905d16350cab,CHANG SHIN,,,창신
b06d613bb-b1ff-98d8-1b0c-c3cf9d21178a,EUN HA,,,은하
b07262554-41bd-cd50-6f7f-d507922802f7,YONG JIN,107호,,용진
b074912bd-d96f-abf2-7ad4-024636dd8520,MYUNG SEONG,,,명성
b07adc8bb-b776-4dd6-3586-74f061121b6f,CHALLENGER,,,
b09d2c167-7d81-325c-b0dd-a8bec3018f8d,MYUNG JIN,,,명진
b0b588472-2a9e-0fc1-b375-b90f19a18a5d,ST,,21,
b0c496ef0-064b-2528-ddd7-35637694fc88,PU REUM,,107,
b0cbad917-7c50-c08a-58f3-1cfb77177ed8,YUJIN,,6,유진
b0d431f04-49dd-f594-e373-e1a0c9004f65,TEAM O DI SE YI,,,
b0e0a5559-9828-d73d-0595-0f43514556c6,DAE YANG,2호,,대양
b0e227a11-161a-4a44-8cf0-8d5c71800056,HAENG BOK,,,행복
b0e6aa57d-d955-b1c4-5330-8182f29ba21c,HAISUNG,,,해성 | 하이성 | 하이승
b0ebdc9ac-c280-a475-d511-27ede363c818,NEWSUSEONG,,,
b0f8245c8-84bb-090a-1b4b-05591aba10c4,TAE YONG,36호,,태용 | 태영
b0fae3890-0e06-91d4-1aaf-2e076895fa00,GALAXY,,,
b101f8c21-1a0a-5bbe-c984-a7e3f2a5ca8c,BOO KING,,,
b1074c41e-e081-d064-aeb9-c6f7846122b1,NANA,,2,나나
b10a180f8-89d8-e996-9aba-7d1b29db879f,JAE DEOG,,,재덕
b124b258f-f1bb-ed9f-c46b-619d32ccc823,JU YOUNG,,2005,주영 | 주용
b130f0a56-67dd-440d-440a-4abc40d38a0b,GWANGSUNG,,,광성 | 광승 | 광숭
b13aa8717-71cd-ed11-3d67-e0fd497fc740,ALICE,,,
b142efa6b-baa5-4b6d-2d27-002435991c27,HYEJEONG,,,혜정
b157b59a2-2bad-27e6-6572-4b2c00b77a68,HANA,,,하나
b157d2234-41a0-b35a-b393-458388420e16,LUREFISHING,,,
b164a4c28-8836-81ae-7ef5-1d8aeb53ee59,DEU RIM,,,드림 | 드임
b16be3980-0736-4f5c-eaa7-735e9b0e6ea9,GYENGSEON,,,
b18cb1f3b-b48d-cc51-319c-a392a2a37431,YONGCHEON,,2008,용천
b19e299db-bc08-0c17-7a22-82268b412a24,DEOK JIN,108호,,덕진
b1a90f3eb-bada-2491-ce05-e76734343399,HAN IL,2016호,,한일
b1b9281e8-8690-c5bb-0be6-be8ac84bbe4f,NEW GONI,,,
b1c68824a-ab5d-4054-f67c-ab53ac618c9e,NEW DONG BAEK,,,
b1d015818-8a3e-e077-b274-35ae3077f193,DUCK SUNG,,,덕성 | 덕승 | 덕숭
b1f3cdbcd-d44d-69ba-ca06-95853bbcd349,HAE SEONG,,,해성
b1fb7e559-904c-de41-5e37-d41a3f38d4cd,SUNGBO,501호,,성보 | 승보 | 숭보
b1fe17b6e-ebc0-1157-db39-cccbbdfed079,DONGSON,,2016,
b2015c88c-c65e-5b97-ed68-d92f288325ef,SEO JIN,,306,서진
b2018a251-129b-dacc-fe77-59f4c159262f,ORION,1호,,오리온
b204fd4ff-f64c-b369-05c8-894043aa48f0,CHEONG YONG,,1288,청용 | 청영
b204fd767-7d54-c4f3-4bf6-e40840597735,WOO LI,,,우리 | 우이
b20570b65-5ce9-87e9-bad1-def5451be382,SHIN YOUNG,,2021,신영 | 신용
b209ba131-1042-fc44-d5fd-dbaa666b41ae,GEUM SEONG,,,금성
b23199e71-1e8f-d5a8-f8f6-599fe2e8b4bb,KYUNGSUNG,,,경성 | 경승 | 경숭
b236f707f-f41d-2aa7-4827-21e85e1e106f,CHEONG YANG,,2,청양
b24efc18d-d0ba-ffe2-d030-536aca636151,MYOUNGJIN,,105,명진
b25d44d8c-c26e-f40a-f910-033cbf30a859,SU SEONG,,101,수성
b263b8d9e-e0cd-137c-21d2-30578d308f06,DAE JU,108호,,대주
b26f84954-4a37-d185-1c3d-76950f572b07,HAEJUNG,,,해중 | 해정
b27069db2-252c-1303-2861-f4c9fe0aa584,YOORIM,,2,유림
b270f7eaa-ac58-3d0a-9998-ecdccbe1cdaf,HAE SUNG,,,해성 | 해승 | 해숭
b27a147e2-2680-5e63-0750-618a95d986e0,GEUMSUNG,,,금성 | 금승 | 금숭
b288f1c5e-e842-afa0-023b-a85dd4eacc3e,SUNG SIN,,,성신 | 승신 | 숭신
b2a0e93bc-c49f-f965-6829-49b5cb17a24b,KYUNGDONG,,,경동
b2a56a5f0-0bfd-6892-e36a-1e1b21cdbe16,WANG MANDU,,,왕만두
b2b98f7bd-d999-2366-0934-3509f144ca44,KEUM SUNG,,,금성 | 금승 | 금숭
b2c850c75-5a94-483a-d5c6-15b576715d95,SENG GYUNG,102호,,생경 | 성경
b2e3fb8bd-d26b-8485-2393-ee971def917b,NO. IM SU,,98,임수
b2e5d7e10-06b7-0be0-527c-e51107fce45a,JANG BO,,,장보
b2e9bb9d8-8d14-90ed-ce0f-71b92c2bb426,DONG NAM,,,동남
b2f32ff8e-e28e-0e35-3fc6-ec9690601872,GEUM GANG,,,금강
b30147b62-2ff0-572e-01b1-62af33c60169,NAM SEONG,,808,남성
b327dfd4b-b668-1ac3-90fd-834ecb050d77,NAM YOUNG,,105,남영 | 남용
b32885385-5fdd-6ec0-1954-662e241b0076,JEHYEMIN,7호,,제혜민
b32b7895a-afa3-c4d2-79cf-0d836ebab159,STAR,,,
b335036b4-418b-547b-326c-abec3eec7f45,EO PUNG,,,어풍
b33c3fe32-2d60-1104-f821-1fba5f1bf8fe,HAN RA,,,한라
b34e7e0c8-8d6b-fc73-0f6e-2a7b6f80f83e,GUM KWANG,,,금광
b34f0211d-d550-96b4-3ec9-332b9d6f268d,GWANG SEONG,,,광성
b3533f781-1a3f-1168-e38b-f213504d2782,YEONG UN HO@,,,영운 | 영은
b37054557-770e-a437-5f47-1055857394cb,SU SUNG,,,수성 | 수승 | 수숭
b389ad2ef-f5eb-8002-5c74-fcbf87ec0fa8,NAMPO,106호,,남포
b389b10bf-fbf6-d18d-5dad-1bef568af0d3,HYEON DAE,,,현대
b39c9ba90-027b-64c6-7635-778b7f0bc1c3,MA RU,,,마루
b3b27c3fb-b0eb-1506-b913-d75ec760d5a5,DONG GWANG,,,동광
b3b84e9bc-cdb5-480d-0912-303f6eb3888e,HUNG MI,,,흥미
b3ba40444-4911-4daa-a76c-b2605d8ae849,GO GO,,,고고
b3c07c1b2-2cf8-4d69-2dea-6a434f4d0309,AGNES,90호,,
b3e36f303-3437-587b-b9ab-ad4e8fb96304,JO YANG,,,조양 | 조향
b3e745a23-3b40-4bc7-1586-c438b22b8894,CHOEGANGLIDEU,,2014,초에강리드 | 조에강리드
b40397778-8fbe-6b5a-be88-84c2d86e44b9,NAM SEONG,,707,남성
b431dd3f4-47b2-e303-27a9-7c49c174fa9d,SEVEN SHINHWA,,,
b44da64bb-b32f-7613-2db8-c25e97cfafb0,SAM WOO,,707,삼우
b466d5bae-e3c8-d292-9348-9876fc476191,DAE DONG,,,대동
b467d489f-f966-c85a-b631-4f3ba8c5fc23,CHUNGMU,,202,충무 | 청무
b471e4081-1613-9031-acb0-ff1e612fe72a,TAE SUNG,601호,,태성 | 태승 | 태숭
b48c1c4d0-010e-02bb-78fe-2a29e38ef1fb,SAM KWANG,,505,삼광
b4a8a60b5-57ac-0341-4088-ca9dc41f066e,HYEOB DONG,2호,,협동
b4c5d7df9-93ee-f8c6-eff1-c5cfd85cb63f,YA,,,야
b4c7fb435-5827-ec99-d919-6727196f3aac,YUNPISING,,,
b4d2d804e-efe1-7384-ffdf-25d861dda155,CHO WON,,,초원 | 조원
b4e1e65d8-8c4d-3975-877d-c632f31b21a9,CHANG WON,,197,창원
b4f64c09b-b9a6-fbd3-e2c4-da0d295478d2,NAM GANG,24호,,남강
b50012693-3c44-3727-ca7e-2647fb22a3aa,JIN YANG,,,진양
b51e68f8b-b29e-3ada-6ca6-b010abd083f5,HAE SEONG,,,해성
b52fc237d-d516-67c0-346c-3826b320e642,BOASEU,,,보아스
b5377be8c-c469-4de2-05f8-3973431ff4ee,ORIENT,,,
b53c5b410-0fa1-a1e6-f75f-42ef26419f84,VIENNA,,,
b53d0542c-cfda-6fac-0f0e-57eb1e7cd684,NOBLELESS,,,
b543539bb-be62-e857-af76-db0bc0283497,MINSEONG,,,민성
b54b36a2d-ded5-b921-aff1-de260828c058,ARA,,,아라
b559a8450-0553-3efd-17de-676c6033f1da,HEPUNG NO.,,6,해풍
b55c94f06-66b5-31c8-29ec-f99bf2ec1ddf,JE MAN YEONG,2호,,제만영
b5804e575-5a6a-27e9-4f87-ceee3fa154b5,JINCHEON,,,진천
b5945da43-3690-a17b-55cf-8f6a6005df47,TAITAN,,,
b5c061e66-6e92-16ec-2540-553aee900efa,BORYUNG,,12,보령
b5cd20c7f-f253-944b-26a1-56c437cb88f7,MINSEONG,23호,,민성
b5ce1d2dd-d7fd-f3b7-3233-6e5641c5bb14,FLOWER,,,
b5d91b06f-f567-98a0-f0f7-f2ccc09a4a96,CHO WOL HO @,,2,초월 | 조월
b5df7529f-faaa-bc01-215c-b7b2a01972b4,HAE SANG,,,해상
b5e14b9e0-00bb-b344-9aab-c0d21e464b57,DUK SUNG,,,덕성 | 덕승 | 덕숭
b5f834004-403c-1b0b-5fd4-d0bf0b2bdbd3,DAEBOK,,668,대복
b6110fc45-55f3-8247-10a8-c31eff45582f,NAM IL,,,남일
b622a793b-ba34-3625-4a9e-6328184f8133,HANRA,,,한라
b639a8df3-3624-2cda-4240-cccd0905258d,IL SEONG,,,일성
b659dab71-1d3d-6adf-2695-87d092bd419f,DEOK SEONG,,,덕성
b659e5bb5-5088-410a-87e2-b744f993cc6f,MANGEUM,,3,망음 | 만금
b6aabc698-897b-282d-0969-dd3eded91d79,SHINMYUNG SKY,,,
b6d72fab3-3b88-2c0f-c8f9-9ed839ca0ae7,APOLLO,,,
b6d7f8817-7179-09a9-956f-158cb78c8093,HAN SAEM,,,한샘
b6e3eee52-26fb-0a3e-85f6-cf15d4760e94,NEW DAESHIN,,,
b6edc9bae-e0e0-8b69-04a9-e57853026603,PYEONG KANG,,,평강
b6f6d0fb6-6687-14ab-dcb1-a1a3cbc0f809,HAEAN,101호,,해안
b70286c09-95fa-f0c5-2ea0-b888e4686cab,IN DEOK,301호,,인덕
b70a980f8-896d-d1dc-5b21-9c5b18d4db42,HAE SEONG,,,해성
b70bf17c5-5d62-7df2-ae40-f4d9a4809fa2,GILJEOUNG,,,길제오웅
b71d33cef-f9cd-5892-c376-8679a9d29d15,MAN SUN,508호,,만선 | 만순
b7212b382-250b-3859-b2fb-58127b71490f,JE JANG WON,203호,,제장원
b7386ecd8-8b7c-bbd1-fd76-0539f8af29a6,DAE HAN,,702,대한
b73f36b50-035a-5401-a5ef-270b98a3a77a,GEUM YANG,2016호,,금양 | 금향
b74def57c-c477-3dfa-4424-12d5eb170422,SEONGBO,,109,성보
b75e93395-5146-77ec-e797-71fa991d7191,DAE SEONG,,,대성
b78af45f4-485b-d952-11d2-5aa82db59493,DONG KYUNG,,,동경
b791db4d8-8b75-012c-0c7e-bd7e95086504,HAESIN,,,해신
b7992fc64-4d3e-ea00-53de-959f6f291826,IL SEONG,3호,,일성
b7f2bc957-77f8-faa1-94b6-6a5046496e04,SAM DA,,,삼다 | 삼대
b7f4c12ea-a4a0-2748-c930-98a1c0b2dd82,SEJONG,,2020,세종
b8040f73a-a771-8d08-61ac-2d150266ac5e,DEOKSEONG,11호,,덕성
b80771aad-d266-cce3-100b-a7bdf20efa91,GEON YEONG,,,건영
b80a91a41-1c61-0f9e-661e-5d09c4e59e78,JAE MI,,,재미
b8142aa9f-f65b-4c83-a40c-664bfe23e8cb,KYUNG IL HO@,,,경일
b8167a747-7e7d-547a-4914-45c7e2e08205,DEAGIL,708호,,대길
b81748896-6015-c8f6-46e1-afb326de7feb,GEUMSUNG,,507,금성 | 금승 | 금숭
b81b32e37-70ad-d351-e7e4-b1bbda160364,MINYEONG@,,,민영
b823b14f3-3df9-2ed8-e4d0-a1f9cc879951,BAEK DUSAN,,,백두산
b828faea1-1c45-2f7c-4795-cc91262e5450,DONG MYEONG,,3,동명
b833f4250-07ed-7918-2c63-cbd48a872bf0,JOYEONG,,,조영
b8354952d-d4aa-7ae3-d57e-9a4d42078b77,RA PA YEL,33호,,라파열
b8402c581-199b-8195-0588-f61c07dc3ae4,MYUNGIN,,,명인
b854a109f-fc89-e51a-c488-c29eb75f4f8c,DONGBACK,,,
b872d1de9-9340-33fe-c6a3-ff94c354295f,MYUNGJIN,20001호,,명진
b875e7733-389e-866f-a54d-4cc20976aad3,HAE IN,102호,,해인
b8820dfac-cbff-4eca-3d6e-70b9351d851c,BONG SUNG,,108,봉성 | 봉승 | 봉숭
b8821e8f8-89c4-7f65-3256-a5e3e5109ac4,KOOKGANG,,,고옥강
b88ad3649-9cad-3686-4173-e93ac2fe36aa,GYEONG SEON,616호,,경선
b89989cc1-1da6-bba9-aea4-b6db398ea086,HAENG UN,,,행운 | 행은
b8b295bb7-73bb-ed18-edb5-726e3faffcbe,HAECHANG,,,해창
b8b7879e1-1bb0-bf07-4511-da55b1dde378,SUSUNG,,,수성 | 수승 | 수숭
b8c6b90b3-3e35-a1f7-e4eb-4e77035b9cf7,DAE PUNG,5호,,대풍
b8cb9abef-fafb-03c5-de4d-9c1f4d06cd30,MUKKAE,,,
b8dd9c8b9-9807-d825-c703-8c48896b6631,DAE IN NO,,8,대인
b8f25c74a-a1ef-4a4d-67fc-2fda3f9bf526,GEUMGANG,,,금강
b92d41896-6d20-889c-2a3e-def9d077761b,JIN SUNG,,,진성 | 진승 | 진숭
b92fbb4c7-7477-da61-8cbe-2635d9d550fa,YU SUNG,,,유성 | 유승 | 유숭
b947a3812-2813-2460-667d-e9036c18c128,SE GIL,,31,세길
b9553f234-416d-5969-4529-06c942a40930,SUN YANG,,,선양 | 선향 | 순양
b963917b5-54a6-1bb4-1867-b422326e4e43,LEADER,,,
b9683b1fc-c3f0-6dcd-f5e9-76edc83f0229,EOSA,,201,어사
b96f2f2e6-6a1a-2bbb-f834-8249b9852f60,DONG KWANG,707호,,동광
b976ace9a-ac9d-6fd0-01da-95b865e64b92,JEJU,1호,,제주
b97de2bd7-7489-3690-4a1c-0a90d62dbe39,SANG MYEONG,,,상명
b9af9ac12-2bea-41d7-5762-ede20dcfd1fa,MYUNG SEONG,,,명성
b9c8e9658-8a09-5443-3ec2-75852e0d7e85,HEE YEONG,,53,희영
b9cee86ef-f1f4-c3ac-0896-2ecc379871b5,SEONG UNG,,7,성웅
b9e588ab9-9a21-7a97-54a6-394096478944,HAE GWANG,,,해광
b9e8f5fca-a85f-4f8b-a268-795b71a0b5e2,SEUNGSEUNGJANGGU,,307,세웅세웅장구
b9eb6eb03-340e-6c91-2788-4bbdcd38b3d8,DAE PUNG,505호,,대풍
b9eee8859-99e0-1c12-4cb1-0cfccaea2e77,RED QUEEN,,,
b9ef3e6fd-de92-c697-1161-2af37295a9d3,GYEONG YEONG,,,경영
b9f5d94f0-0320-6c8e-32b2-7f18b9a08d6e,MAN SEON,,,만선
ba03dcc10-0620-7084-1d0a-1b650bceebfe,GAP DONG,,,갑동
ba0a282ec-c6e0-dd35-8f90-119dbba4b6ef,GEUM SUNG,,,금성 | 금승 | 금숭
ba1c53f01-1265-e163-6086-ff8cb3180e71,JE HAE YOUNG@,,153,제해영 | 제해용
ba1dc3280-0d0b-5eff-68aa-8384dd298ebf,MI RAE,388호,,미래 | 미레
ba542950f-fa28-e0bc-774e-d6f5e9f649e4,YONG MA NO.,,17,용마 | 영마
ba559f55b-b45c-2168-44ac-c82fdbf4345b,IL YEONG,,,일영
ba5736688-89e3-0f2f-01fc-e3ec7d0950e7,ILSUNG HO@,,,일성 | 일승 | 일숭
ba620b615-5949-919b-075a-499f1ef8e71d,KOREA,,401,
ba8b109b6-61cd-10f7-d15c-f9e553ccb176,SU DEOK,,,수덕
ba913e724-43d2-b21c-aab3-f3e6590c8af2,TAE GWANG,,,태광
baa70400d-d195-c250-5a44-acb279fd5cb1,HAE DOTI,,,
baa968fbf-f570-3810-cf40-e8fe1226a205,BESEUTEU,,,
babe237bb-b81c-71d3-b421-21e34d982a6c,CHEONGSIN,,2021,청신
bac09fcdf-f4dc-99f0-7a13-d18c262729ad,MYEONGJAE,,612,명재
baca3837a-aab1-6a70-7d50-eb48d6b70767,SEONGBOK,,,성복
bacf6f2d5-5d22-859d-2895-7bc1747181fe,SKY,,,
bad57bc9a-a592-8a8a-3659-041a576d8d18,BU CHANG,,108,부창
bad6c79c8-895c-1f79-4182-4bacdbc33380,GEO JEONG,,,거정
badf77e7e-e2db-2dbf-ab74-ff06acc28d64,NO.DONGJIN,,103,동진
bae7935a5-529c-418f-df82-0195382e14dd,HEUNGSUNG,,201,흥성 | 흥승 | 흥숭
baeccd2b8-8a68-9e5b-fdfa-69005f7f507d,BODYGUARD,,,
bafdda79a-ab46-91c9-5064-9eedebf26eea,YEO MYUNG,,,여명
bb07a2338-8c09-6407-e4db-d872a2ab764f,CHEON SA,7호,,천사
bb178e0e1-18a4-f301-cf7a-7002647c7449,CHANG YANG,,,창양 | 창향
bb2526be2-2d3d-ffd1-c4a6-72df9a5ef700,DAESIN,,,대신
bb255d217-7089-2c3b-f201-416ac786fe15,NO. DAEIL,7호,,대일
bb41873de-e797-886b-36ee-1fb647cb92c1,DEOK JIN,,2023,덕진
bb54bc36d-da81-94ee-1213-bfd012277772,SU HO HO@,,,수
bb5599c4c-c611-1317-3020-2a41c0ebbd1f,U SUNG,3호,,우성 | 우승 | 우숭
bb59143af-f5b8-e2db-62cd-d25aeb1a8db5,HYEN DAE,,,
bb5a288d8-8c9c-7f70-3efd-13e54024f808,DAE KYEONG,,2023,대경
bb611a520-09ab-2524-f6db-376c309246ce,SUNG BOK,,3,성복 | 승복 | 숭복
bb80a703f-f52d-6ef2-6f3a-77e4346f5550,SUNG BOK,,,성복 | 승복 | 숭복
bb81ab06f-f06d-683d-c47b-14cc4a773da6,GANG SEONG _,,,강성
bb8951b6d-d5a7-999f-dce9-d7943fb79560,TAEKUNHO.,,,태군
bbad28af4-4d33-7fcb-64ad-21cf4646177a,HYUNDAI,,,현대
bbad8a3ad-df45-7193-9da1-43fe253d69c4,SEUNG JIN,,,승진 | 세웅진
bbae96f9e-ef8c-2f37-8170-8fc73a3e0da8,SUN JIN @@@@@@@@BK,,3,선진 | 순진
bbb2cdc76-63ec-7ad2-0760-d93deb4950b4,GUMYOUNG,,,금영 | 금용 | 구명
bbb758828-85e8-63f9-b821-4fbb1b90844d,DAE UN,,,대운 | 대은
bbc14682e-ed0b-0ae7-e1c1-ed24c0c4373a,JIA,,,
bbcde365e-e713-b590-2b89-996593d15120,BU YEON,,,부연
bbce12572-245a-b1a7-99b4-4bd3011870f3,DAEYANG,,,대양
bbec0b661-108d-b26c-17f1-d90fe2fb3240,DA ON,,,다온 | 대온
bbeeecccd-d114-40b7-50e2-3987b44f1b3a,NEW CHEONGUN,,,
bc00b5d3f-fe42-b6bf-06fb-24419929bb24,HONG EUN,,32,홍은
bc05a6ebb-bda9-4efa-6236-74569c44d60e,MARU,,,마루
bc0daf2e7-7b56-5fd7-a987-1da752e70834,HONGPUNG,,,홍풍
bc13cb595-5998-c423-2029-8faf6387ab96,HAEYANG,,,해양
bc1a5bf60-09b1-a1df-6cda-c18f41b6b13f,DAE YANG,501호,,대양
bc1d46739-912f-497b-b700-4d038a17234b,SOON YANG,,508,순양 | 순향 | 소온양
bc2aaddcf-fd1d-b450-2ab7-785d24b27e6f,YU SEONG,,,유성
bc3d96a48-8961-5305-144e-d4b3e350a6c8,HUI YEONG,,,희영
bc5032307-7b96-da7e-4b68-040ff93560d5,O SUNG,2호,,오성 | 오승 | 오숭
bc5b07744-44b0-1117-0dc1-b71f328ccc5e,KEUM SUNG,,,금성 | 금승 | 금숭
bc6194594-4a1a-5525-bd6a-10857fee15ea,MAN GANG,2013호,,만강
bc71c9011-1cae-8822-eccd-6ce4a3015cca,UNICON,,,
bc722e019-97f2-37b6-9ac9-d15fef3709e6,HYEON JEONG,,,현정
bc857489b-b71c-02f0-9a38-15267b85dd6c,NAM JIN,,,남진
bc8b112f5-5961-6234-c405-2af28d7c3305,YEONG SEOG,,,
bc94f81f4-4629-b45b-2bff-b0268eee7a74,HAE SEONG,,,해성
bc9c8cbbe-e063-f251-b008-92a2fe5c0bbe,WOO RIM,6호,,우림 | 우임
bca278a6f-f90e-7322-a86d-b4acb3053218,YEONGGWANG,153호,,영광
bcb8ef38b-bb06-bd96-e512-72ef4cc1f78c,KUMYONG,,,금용
bcd17b134-4cc3-cedd-3513-68f1bc315afa,PO HANG PILOT,1호,,
bcd572f09-9cb9-ea8b-f06a-2aaa1ce2feea,HYEON DAE MARINE,,,
bcd71922a-a375-cf9a-6329-e73301c54ce9,DONG WOON,333호,,동운
bd0cfd4ce-ee12-4edb-055e-9cdf845f177c,LITTLE GIANT,,,
bd16045b4-48ee-8869-71fb-b2222953de65,SAMJIN,,,삼진
bd1954241-1fad-b41b-0909-b42fee9bfaf4,INCHON,,365,
bd2ca77df-f3ab-fd34-65d3-9f4f5b941320,SOMANG,,,소망
bd58d7e0b-b8ea-f6cc-c4c9-9e5c0de5cf73,YOOIL,3001호,,유일
bd5901f8b-bbdb-2c70-6dc3-f483871c7a2e,CHANG DEOK,,,창덕
bd7727a24-4f4c-e5b5-cf81-de8aebeb645d,TAE SUNG,,,태성 | 태승 | 태숭
bd7b0f9d6-61e4-0e88-83e8-26dcdfeaac4d,NO. KEUM SUNG,,205,금성 | 금승 | 금숭
bd86c09a2-2a02-e90c-7c4b-001c2fb640c0,CHUNG KWANG,,25,충광 | 청광
bd874efa2-2453-1e15-75c6-6db735ee01bd,JEONGIL,,,정일 | 전길
bd88f9ae6-6eab-732b-292b-e7aec585c6af,MINYOUNG,,7,민영 | 민용
bd8f4bf5d-df7b-a491-d248-4479f219e154,SIN IL,,,신일
bd9d9728d-d2c7-a655-6882-b33bf74fbf3f,WIFI HO @,,,
bda6cf61b-b7a2-965b-d352-55c6c20bac8d,NEW TAE JIN,,,
bdc2cd7be-e4d1-629a-a3c5-7e35b667c611,DONG BAEK,,,동백
bdccc4603-3061-2f77-f159-823733563d44,BEOMJIN,,102,범진
bdd527928-811e-e298-1f00-d22c326db3c7,NOHEULBADA,,,
bdf6c0f16-6eae-e3f3-ae55-f46b651dcc30,DEOGSEONG,,2,덕성
bdf8d3230-019f-d953-9e1e-c282ebbdfabb,YONGSUNG,,,용성 | 용승 | 용숭
be1c2781f-f975-b147-b703-5e81577c2208,WOORAM,,,우람
be39c8b41-1b70-092e-994c-5363b78ca050,SEUNGJIN,,72,승진 | 세웅진
be41a4f6c-c3ff-02b4-811f-549c67caae13,KCG P,,93,
be4e011a5-54ef-5318-bb64-24de55c7674e,SOO BOG,101호,,수복
be56a4e76-6105-f17e-1a9d-724e2e53c7b4,GANG SEONG,,505,강성
be59ed2d5-543a-85f8-5032-03cd61409ddd,HAEMARU,,,해마루
be6a178fe-e536-2fed-4bb7-4266e7bced44,YU IL,509호,,유일
be848169e-ec40-243d-7bb9-202ca12fbc7b,NEW SEO JIN,,,
be84d3b24-44cc-5cbc-ec3e-6686d026458e,CHAMPION,,,
be8ed976f-f7ec-3e5e-5151-00c10252cdcf,SEO JIN,,,서진
bea494b29-9ca7-c4a8-7d00-2d7a218dad7e,CARIBBEAN,,,
beb545b1a-a804-d1cf-5b8e-e54ba439ee9e,MOON SOENG,3호,,문성
becc46ada-afe2-db84-5b09-46f22d5bf387,HONG SUN,,,홍선 | 홍순
bed44df82-286c-bfde-1ed0-1734dbe82e5b,KWANG MYUNG@,,,광명
beda75b17-78ff-a7e8-9580-fb281142de6f,HAENG BOG DEU LIM,,2,행복드림 | 행복드임
bee90cfb5-57f2-6c39-0b1d-815d3982af62,NEW HAE MA,,,
beec1d66e-e770-6c5a-97d8-94bb6ca2a198,HAESIN,,,해신
bef247636-6cde-eef2-078c-520301f11e6d,MYEONGJIN,,103,명진
befa4630a-a456-1031-336a-f221f6ea609f,DAEWON,,,대원
bf00a0836-625d-d5c6-008a-7cbefbb3fc7b,NO. HAE RYONG,,501,해룡 | 해용
bf0157469-91ac-3040-28f6-fd9d856cad8a,HANJIN,,505,한진
bf17a0f7d-d2e5-d9b5-2032-b4de96edf855,SAWASDEE SPICA,,,
bf4022227-77fc-f0ab-62ec-9cad18a7bd82,CHEONG HAE,,,청해
bf458259e-ee0a-a955-d86a-28802f22c121,SUNG,1호,,성 | 승 | 숭
bf528466d-d972-6703-1791-e759f58f5396,SEONG DEOK,,,성덕
bf54f893a-a5f5-9040-ab12-cde7a105d201,HEUG LYONG,,,흑룡
bf572ab72-250d-61ea-d447-f16c0266f15d,BONG MYEONG,,,봉명
bf65cb700-0662-c821-8861-21a227af9d30,DAE MUL,,,대물
bf776596d-d847-c313-3968-00fc5bd1f0ab,TAE WANG,,,태왕
bf83450bc-c832-0b17-d198-c9061056aa3c,SIN SEONG,,,신성
bf9257553-3c68-2dd6-7d3a-56dcc1dbdcc8,KYUNGEUN,,,경은
bf9e95454-47ff-4fad-75f1-c0e4e035548b,MIN KYUNG,,207,민경
bfbf20fd9-9e61-0828-e3ef-fe2917897973,JEON JIN FISHING,,,
bfc14d1c4-4474-c3ed-9dd9-7cf0390c7f90,MYEONGSUNG,,,명성 | 명승 | 명숭
bfcfd46ff-f177-cc6b-8691-922fe9679542,SEONG JIN,,,성진
bfd9e8388-8392-cb4e-eda2-dd4ba51f3b87,JINYEONG,,,진영
bfddba18e-ebcc-4cb3-3fd6-397440e6c6c1,NO.MARINE,,1,
bfe9267f6-687c-a1de-ac81-4c4d252f1c1d,HANNARU,,,한나루
bfed8d171-1288-fd29-3afd-cf3a6db55ddc,CHANG HEUNG,,,창흥
bff16c100-030b-9857-8ded-d351096d0d18,HONG SEON,,,홍선
bfff82b7a-a7b7-0ad9-49a4-33725e0fb689,SHIN CHANG,,108,신창
c013f0a31-18c6-9073-24f5-26139021a11e,HAE DONG,,,해동
c032ed843-3715-05d4-daf4-085340b72acf,SEONG JIN,,,성진
c0331945a-a243-d8b9-0413-5fed4c07516a,HEE YEONG,,51,희영
c034fba4e-e25b-681d-e05e-f4b172010eb2,POSEIDON,,,
c035ff12d-d83d-b948-eae8-9d4214464d1c,TSV,2호,,
c0368788a-af65-00a5-1183-3936e8427adc,MALIN,,,마린
c039d6d03-3249-114e-3907-0491b2db5350,DAEJI,,,대지
c04391053-3120-1b45-4939-3c2325877945,SEUNGJIN,,101,승진 | 세웅진
c049040a3-325e-b818-52be-4fb6fdae8507,KI JUN,,,기준
c07f975b8-8dc8-315c-f7d3-ccb0f778f94e,KWANG SEONG,,,광성
c080bf24d-d0a6-d8b8-513c-874bd39d9126,CHEONG IL,,903,청일
c08bf1ed9-9a5c-5f1d-402a-765960bdb00e,YUNG JIN,,,영진 | 용진
c09b0196b-b8a0-c40c-a805-a9dd31f0f512,SU AN,,,수안
c09fe0225-5226-f7ef-ff64-237c777d24be,NO. YONG SUN,,508,용선 | 용순 | 영선
c0cce5fa1-1d4c-2ade-dc1c-3f0808e92580,JUNGWOOLEISURE,,,
c0d2500cc-c738-4a9b-7dc8-0132d4de8bd1,YONGJEONG,,421,용정
c0d550adf-f3e3-d22d-f640-31c8503d609f,SIN SUNG,,,신성 | 신승 | 신숭
c0d74c9fb-b93a-c725-ac0d-d91cb19b844d,JE IL@,,,제일
c0e70ff7a-a535-8c62-e41e-78225c4d673b,YUNG JIN,,109,영진 | 용진
c0eeb16e2-299f-2452-54ee-e6398cd05caa,KEUMYOUNG,,71,금영
c0f13a6c5-5320-6688-fe6e-b26f2b498ba6,MURYONG,,,무룡
c10bc60db-bea4-fb7e-d62e-ec8c8c08b1cd,YOUNGJIN,,,영진
c1370c057-7740-15a4-696f-0a350f50ba2f,JEONSUNG,,793,전성 | 전승 | 전숭
c140f53f6-6407-2d4d-6ca5-d46f5803b754,HAEWOON,,,해운
c1410c7a5-5d36-a0fd-e01f-f8fe3f463778,GU BONG,16호,,구봉
c14b56ad5-5013-ad10-d525-ed93bf75edfb,DAEJIN,,128,대진
c15e4aca3-311c-4046-62e8-3196d8997397,NAKK SEE KWANG,,,낚시광
c169c0eda-a43e-2db1-23ab-b92a8626a1b7,HAENG BOK,,,행복
c16ff834b-b3eb-c969-7bc0-26206cb0142f,DAE KYOUNG,,2022,대경
c1904f823-386c-52da-854b-e14ca9ee9143,GWANGYANG,,,광양
c194da097-77aa-7218-50e0-2d7ebe36ec1c,BOGSEONG,,,복성
c1a6e462b-b115-6204-d847-b7d30d52dd46,YI KANG,,,이강
c1a750b65-5c23-6e03-e4f5-6fb30627d3a6,SIN JIN,,,신진
c1c14e870-0791-e15a-903f-a61cc84c62c4,GEUMYANG,,,금양
c1c46df6f-fe92-0e01-3e23-f360c5c33d87,JINYANG,,,진양
c1ce8a495-5ca0-7217-7da3-d500070bbc73,DAE YEONG,,2,대영
c1d60c2d3-371f-b9d3-887f-8710ce20cb95,DEASEN,,,
c2341de74-45ad-12bd-938c-d58a377a0cf5,SUBOK,85호,,수복
c23efa385-598d-77e2-d330-8cd25c361928,SUN GYEONG,,26,선경 | 순경
c255fbc32-27ef-9e69-71f6-ce66442dfc6b,BU YUNG,,88,부영 | 부용
c2714e40b-b120-3958-18cf-badf1dead09f,YONG SUNG,,,용성 | 영성 | 용승
c27829e49-9645-2c7e-5172-90f785e6a3cb,SEONGMIN,,2,성민
c28b9bac2-2d3e-624d-8413-cd5f4f8573ce,MIN SOO,,,민수
c29564f2b-b480-b425-0756-6b759cbb9937,GAYA,1호,,가야
c2ab9f098-864a-fd4b-3618-82bf5f22167b,WOOJIN,,303,우진
c2af2939a-a703-1053-3bf4-794c5b227e7c,EO SUN,,,어선 | 어순
c2df02586-633a-b816-d580-acd62babaea4,HWANG GEUM,,,황금
c2f4ba56d-d401-9e76-16a0-fd4552db7160,NEW CHANCE,,,
c2fb3cd95-5419-a9b8-753e-bd4de7687d9b,BO SUNG,,,보성 | 보승 | 보숭
c3003112e-eeb3-c855-8ed3-86a9bb0ab66f,JINBO,,,진보
c3306e0d2-2b90-b4db-df59-7b0c3fffeccc,SUAN,,,수안
c33a13a20-0401-c736-e100-99434e0de129,CHEON SUNG,,,천성 | 천승 | 천숭
c33f31b1d-d22a-9841-d4f2-412b503d15ae,HWA PYEONG,,,화평
c35a15d51-116b-33af-6a8d-8edd92d4ac05,HANSEONG,,,한성
c364ccab4-46b4-9adc-c70e-24faa3b39981,CHANG YOUNG,,,창영 | 창용
c3bb09224-4039-8f55-87a8-78752b5d96ba,WOONGCHEON,,113,웅천
c3bd2b3ae-ea8b-d5cc-2dac-a4482e573913,CHANYEONG,,,찬영
c3bd484a0-065d-eacb-5fb6-4444e8e95a21,SUNRISE,,,
c3bf1c395-52b5-5fd9-50f6-9f560a60167c,O SEONG,,,오성
c3c0a33d5-521f-bfd8-2252-1aba86b580db,MI RA KEUL@,,,미라클
c3c3fdf8a-ac59-4856-af8b-ca761fc24248,GOO DY,,,
c3d767bef-fadf-9406-bee4-64192147aa65,GWANGSUNG,,202,광성 | 광승 | 광숭
c3d98a9ca-af29-7a1b-03e3-d816c971766f,SEONGHYUN,,7,성현
c3e39bf85-57b3-4fb4-d7fb-6b6374e4ff91,TAE HEUNG,,,태흥
c3f15b541-1cc8-6d89-c6f0-1456cd2c113e,KUM YANG,,,금양 | 금향
c3f8c4ab2-24bb-6ded-1273-44069037fd98,BK BOSEU,1호,,
c42271572-26b2-1e76-f7a7-5efb49cc97a8,JEDAEIL,3호,,제대일
c429b74c6-6820-2d91-9167-cb3259a1be22,DAEYANG,,,대양
c45487c8a-a784-1507-463b-24c577e265a2,K ONE TOUR,,,
c47b35d26-6623-685d-b489-cade24d45137,DAE SIN,,,대신
c47b42c49-9c6f-268e-e24c-1a6579fe94f1,YOUNG GWANG,,,영광 | 용광
c48004d0f-f437-3550-8724-bd335d4a416a,MYEONG CHANG,9호,,명창
c48ffce0c-cd59-d591-b65e-fe2ef47adbc2,YEONGNAM,,,영남
c4e278165-5400-6eb3-5072-d1901d574cc5,DEY LEE JI,,,
c4fb9832a-ab5b-556b-ff44-b9f306780dbd,KEUMYOUNG,,88,금영
c4fcdf0ac-c93f-07a1-a29e-e598749d2426,GU GWANG,,,구광
c509bb95d-d4bc-e131-9e0e-2bb7d3e67f4e,HAE DEUK,,,해득
c521ab12c-cc35-949a-30b9-9e26a519a16e,DONG GANG,,7,동강
c52640aff-fa78-6586-2ab9-dce6c194d094,DREAMFISHING,,,
c52b02b36-619d-e115-0db1-780f0f36efac,KUEM SUNG,,,금성 | 금승 | 금숭
c53a1a867-7f90-2e39-9e3a-a49c9e460dd9,JAE SEONG,808호,,재성
c53bc6866-68fc-9d24-d2e2-7c8bac8202e2,VIP,,,
c547f85bf-fb1d-a755-bf47-e4fda3f52637,BADA,2호,,바다
c5a2144f5-52de-eadd-c8cc-b5c91c7d40a6,BAN GA WER,,,
c5a566c22-2474-22bf-9900-c849f9df87e6,BIGMAMA,3호,,
c5e8a6b70-0a52-8a58-3664-2a5ec89382c0,GWANG DEOK,,,광덕
c5f90548a-aa08-a7b5-0520-e4e5032cb326,RED FORCE,,,
c5fa596fa-a468-8f9a-9db6-0ff1ef90506a,HWANG GEUM,,,황금
c6008b9c8-8de0-860a-e4dd-9d77888c8b4d,BI GEUM,,,비금
c6105b31b-b7d8-7265-587e-90dc903f0227,JIN SEONG,,,진성
c62426994-43bd-179f-a608-2ffe37afec58,MYUNG JUNG,,101,명정 | 명중
c625a1a75-511c-62d4-471a-43fefbe3679b,DONGSIN,,,동신
c648c3d18-876b-cf7e-7036-967b7f8fd3e1,SINAESAN,2022호,,신애산 | 신에산
c64c9c0ab-bcaf-be7b-8502-72fb529bd835,RAINBOW HO@,,,
c66bc6642-24b8-5f58-3878-d29ca21d05ee,BONG UN,,,봉운 | 봉은
c68fa8585-5e8a-5038-6eb0-35f78aa1bd16,YEONG DONG,,,영동
c69124f9a-affc-0c6d-4467-9609c6031c12,SEO JIN,,301,서진
c6971a4b9-9e10-6eea-106d-afd823af152d,SAJO THETISIA,,,
c698344b4-4722-4817-4aee-866d13b1c107,HAE SEONG,,,해성
c6db52ad7-7beb-6d96-4495-53e5de2fb640,SEJONG,,,세종
c6e35e4bd-dcd5-2424-0298-e18e291b6a6a,TAE YEONG,2호,,태영
c6e6f88a6-64c0-a60e-1f6f-794312065b9a,GEO SEONG,2호,,거성
c6e819350-094a-356a-4cb9-e0357494aaac,HEEMANG,,,희망
c701d35b3-3e9d-3d2e-b842-d8f39f008985,WOONG EI,,,
c707ebe38-8827-a87c-881f-34a93b7968d6,DAEII,200호,,대이이
c709c3d50-0830-2869-de80-0f705b060d77,JINHEUNG,,,진흥
c70d6a8c4-407b-1a57-43f1-bb211cbb9501,DONGWOO,,,동우
c7139172b-bc94-90e3-1ec0-a207a4aafce2,LE IN JEO HO@,,,
c714652a2-2685-c237-d7ff-fa26c2470e9f,GYEONG SUNG,,2,경성 | 경승 | 경숭
c722f899c-ca2c-9ee5-c597-063f36eecc3b,SEONKYEONG,2호,,선경
c72b4da9a-a638-f950-47f8-69c189d2357e,SO SEO,,,소서
c72fbb276-6b6c-e772-3668-dd07c83866bf,TAE SEONG,107호,,태성
c7311df83-394c-09a2-1a2d-4757a308326a,GWANGYANG,,66,광양
c769a952b-b170-53d8-28b0-b05c994773fc,MANBOG,7호,,만복
c78f5d069-98a5-041e-05cf-23e01e806cbc,JEDONGWON,108호,,제동원
c7964cf1c-c53f-8a6d-f59e-0dfdaa1b374c,TAE PYEONG,,,태평
c7a8ac9cb-bd88-d0c8-a488-a27eae902caf,HEA KYUNG,,,해경
c7bdb583b-bf29-a3a9-100f-689d9e871ddc,JONG SEONG,,,종성
c7c8f8258-8073-676c-7b1c-cf3b65eab9c1,JE SIN BANG JU,,2022,제신방주
c80319ad8-876e-9aa6-a418-04392fabc77e,TONGYEONG CHANGHYEON,,,통영 창현
c80553580-0688-a6bf-4b95-8badaf0fada3,SUNGBO,106호,,성보 | 승보 | 숭보
c8255549f-ff84-8517-27d6-4bffaa16e771,DAE SEONG,,,대성
c8281371c-cfc9-b735-3ed3-7afa13c21d82,SINHEUNG,,,신흥
c85d84b46-6bcc-9254-7bb5-ad264939e62b,RI DEU,,,리드
c85f17289-9c49-2889-b5fc-23f11832e84c,S,,1,
c86b552e1-1702-b537-24ca-c9e399524bf9,GWANG MYEONG,,,광명
c87dbf523-3373-1874-6efb-204b5dda989d,HAE GWANG,,,해광
c87ed1b45-5692-1283-25fc-f82c888f9123,IN GWANG,,,인광
c88bb0b45-5dfa-0518-cde9-25c3d2181765,HAE LIM HO@,,7,해림 | 해임
c88c6e86c-cc53-2dc1-33a7-6c9f026689a5,DAN BI,,,단비
c88c7c540-0555-28e4-b1d3-32436e3bd6af,CHANG SIN,,,창신
c89402ac3-3db9-55b1-48d5-44f1d23f95e8,HWA CHANG,,152,화창
c89d56949-92aa-a3ef-b0ac-d81d51629449,YOOIL,3007호,,유일
c8a05f4bf-ff35-51c6-66eb-bffe890c141e,HAE CHANG,,,해창
c8b3c6b1c-c1b2-eb07-c9fd-22d5e2067d0e,YONG JIN,,2016,용진
c8b539310-0400-c868-ed2b-89769f80a8fb,PUNGJIN,,,풍진
c8be6455e-e831-f0d3-d312-4f5ebdfac625,NO. KEUM SUNG,,125,금성 | 금승 | 금숭
c8c40ac81-1ec3-695c-51c4-0a257cb20b72,CHEONG YANG,,,청양
c8ce2ee80-0958-ebb3-51ac-e8ca663d92f2,SEONYANG,,36,선양
c8db674be-e413-cea5-0412-fc06b3aba324,WOO JIN,7호,,우진
c8e9ac863-3fb9-62a2-e68d-eef4266dc250,SE LIN,,,세린
c8f2ec1ee-e524-9914-0689-b00f25951611,JE DAE DONG,207호,,제대동
c90f276ed-dffe-285f-6f43-449516778c31,IRIS,,,
c92b2bc89-9028-299b-e671-b50b0b84dac2,EUN KWANG,,,은광
c961d1524-4681-91f7-bacc-7979b537df0b,DEOG YANG,,,덕양 | 덕향
c96beffce-e085-c902-b445-7fa364908d12,HAN BA DA,,,한바다 | 한바대
c975c9292-269c-5e1d-6605-f810efa51305,SEO KWANG,,,서광
c9780ed51-125c-16e7-007b-4bd6656dbb69,RUCHE,,,
c97b106af-fefe-f624-dc44-7c9f14857e64,JEDEOKSUNG,103호,,제덕성 | 제덕승 | 제덕숭
c97d66fb5-55c4-f35b-7cbb-498819866fc5,YOUNG SOO,,,영수 | 용수
c985f43db-bcab-b8b3-6bb0-b147ffb2e61d,HEEYOUNG,,156,희영 | 희용
c98b49d54-4d65-7ecd-7102-1e1adc63c761,GREEN,1호,,
c99392303-3d5e-f658-a2ad-9af92572b3a0,YUNG KWANG,,3,영광 | 용광
c9a3a3e92-2ca4-bf7c-b90b-54d1e95ab700,SEONG KWANG,2호,,성광
c9aacd549-90e1-5638-85d3-7a37ce57b840,GYEONGSEONG,,,경성
c9af84c04-42e4-2611-221c-f68e5a3e4a58,CHEONSA,17호,,천사
c9da8653b-bfd3-86dc-4348-c4fcc5e96421,ORYONG,,311,오룡
c9e0c2673-3cd1-63ad-a380-4c1c5c30cfef,NEWSEVEN,,,
c9e7a866d-dbfe-3c68-2411-ba651386d735,BU YEON,,,부연
c9efea2d1-1798-7085-d10e-71d7485b65bd,SMART,,,
c9feecbfe-e9c8-9b14-eb5c-c2e7042b49fa,HAE SUNG,,,해성 | 해승 | 해숭
ca18d2d0e-e725-47f7-67a2-f67e42ca9a9c,HAW CHANG,,67,화창
ca1c611e8-8eb4-459d-3ca7-acbbc452b9f3,NU RI,,,누리
ca3e06622-21ee-fe7f-b2a8-4403e6da9317,SOUNGJIN,5호,,소웅진
ca3fa662b-b3b3-3e80-7c45-ba2da0c7b5cf,DONG SAM,,,동삼
ca43257c3-3479-5c04-a331-e0b98445fac4,DONG HYEON,820호,,동현
ca45ea941-1b6d-9319-abc1-d5871c1912a2,HWA GEONG,,,
ca82f78a6-6997-e8a0-11f9-38d2fa245921,NO. IL SIN,21호,,일신
ca88a0acf-fd79-bc2a-ff06-9ff6a6fd0653,BUYEONG,,309,부영
ca9996221-12d9-b71f-430e-27e5df8458b7,JEONG IL,1호,,정일
caa15e24f-fb2a-191f-b64f-0046cb95bb35,WOO JEONG,,,우정
cac731a28-8731-3400-d4ce-b845654038c2,DAE SEONG,,37,대성
caccf739c-cd4a-8fa1-478d-9dea41c92aa0,KEUM NAM,,,금남
cb0929e61-18d7-6ea8-441d-6109f567702d,DONG HYEON,,,동현
cb23d9d7b-bbd3-9dfe-5618-7065f7f26c04,CHUN ILL HO@,,,춘일 | 천일
cb2483d28-8638-da1d-ed11-5bb0483c42e2,JEUIL,101호,,제우일
cb2a8051c-c04e-92a9-e006-bd6a6a05e4f0,KO RYO,,16,고려 | 고료
cb41a7986-610c-b768-5b95-0e372e7124bf,CHEONSA,6호,,천사
cb4427951-1d0f-b4a4-d79f-e63805b8879a,MADOROS,,,
cb4a355d1-1c9b-160f-395e-56433909af0d,SONGKANG,,,송강 | 성강
cb56b5a9f-f354-9056-13f1-6bd4c6ce3a0a,NEW BLUEMARIN,,,
cb7d9efe4-4344-baa4-c76d-6b126f7f9071,WOO MI,,,우미
cb822cc70-032f-9afe-89ab-c006cf468e09,DAE JEONG,,,대정
cb82bad63-30ae-bc55-431e-e7f1db82e251,HYUNG JIN,,108,형진
cbb4ca0fe-ef53-27df-e843-5f8b83d51bd9,MYEONGGYENG,,133,명경
cbb4d8f87-7250-910f-b80d-8fbd08b5daff,MAE IL,,107,
cbbb9bac3-3b64-d689-0b77-42efc54176a4,NEW KYUNG WON,,,
cbbf52b2b-b347-4b7b-c9e5-3c6f5a5bbb5d,HANNA,,,한나
cbd3dae52-2bf9-155c-5aba-f1d4f7253e29,DAEHYUN,,207,대현
cbde375dc-c242-8d80-a256-11ef65a1060e,TAE BAEK,,201,태백
cbfd834b5-51ef-a7a2-7a7d-fcd03ae0cf19,BU SUNG,,,부성 | 부승 | 부숭
cc015b148-845f-df66-881e-c5e6f285adfe,YONG JIN NO.,,1,용진
cc1d4576a-a655-b237-42c1-c571040fc80a,YA SU,,,야수
cc1ee2de6-6ebb-ade3-926c-10e6ae5d4958,HYUN DAE HO@,,2,현대
cc20821ab-b7b7-460f-ed1b-3cd4523da8e1,MYEONGJIN,,,명진
cc2633841-1089-e703-dc10-e4a3b7611068,SI NE SAN,1호,,시네산
cc2a037eb-b253-e4fd-d5ae-148de8e017d7,HAISUNG,,211,해성 | 하이성 | 하이승
cc2a17827-7836-603a-7ff7-048db3be24b1,YEWJIN,,5,여진
cc2bc2b0c-c3c0-2c0f-b230-9d9e77848116,CHANG SEONG,,,창성
cc42472f6-6613-3385-5e80-f4b6888cf3c2,SEONG IL,,101,성일
cc43981c6-6528-d53d-218e-011af98e2cc3,SU YANG *-*,,,수양 | 수향
cc571e281-1bd2-831f-c29d-2dbc0ec14385,GYEONG IN,,,경인
cc5a13b81-1133-b9f6-cd6f-23757b08563e,NEW YOUNG GWANG,,,
cc642476d-d1d1-bd11-0ac9-785cd9fbd07a,SEOCHANG,808호,,서창
cc65c1588-8e54-8bda-0d92-5ae288d34309,MAN IL,,,만일
cc712e737-72ba-195b-824c-9685839dc130,MYEONGJEONG,,303,명정
cc7b636ec-c326-9dbf-c409-6f87028aa5ee,WON JEONG,,,원정
cc7c64899-9115-08e5-c87e-1a70300a38ef,SUNBOG,7호,,
cc84ddc36-6d59-720c-99f0-9b46a50dcf45,HAE SIN,153호,,해신
cc878183f-f26b-e2d2-f107-1baaeeefa017,DONG JIN,,,동진
cc8de07d8-8155-395f-3e14-efe71d6e278c,HAECHANG,,,해창
cc8e8fdbf-f3e9-fd85-e686-5f1616c72c92,DAE YU H,,0,
cc94bf179-9207-c888-5ea3-2a6e0b83b892,EO BOK,,,어복
ccaebd683-3172-7116-553e-6ce3217b6e43,NEWSTAR,,02,
ccb1ed766-67de-b48a-151d-713ee18b1f57,WOONG CHEON,,111,웅천
ccbc2132e-ee33-5053-1e2a-b74710572c6b,GREEN BLUE,,,
ccbd5a365-502f-6cc0-77c6-08e7012bf644,CHEONGHAEJIN,,,청해진
ccbff7254-4d97-f37c-0857-6490336004c5,GIL JEONG,600호,,길정
ccc5abb75-5154-0779-2fae-5c33df914f99,SE JONG,99호,,세종
cccb072f8-8816-7fa2-cea2-61ddf42a9d87,JONGJIN,,,종진
ccd0341c5-559d-6124-fafc-8db60ba7aa78,BU KWANG,,,부광
ccd2ea2a9-9f71-fc32-74a5-9dfe8ffe86d5,HAIYANG,,,하이양
cceed1096-628f-c627-7422-8941359de49e,PHOENIX,,,
cd093b38a-af2e-7dff-b2c2-df7f6a6e5891,ASIA,,,아시아
cd09e4274-4317-0244-57a1-036113ad991f,TAE HWA,,,태화
cd158aea9-9841-87f5-3613-7e036a563c24,MANSOUR,,,
cd1b66b4f-f749-91e1-f762-c08ef638cd0b,HAE BOK,,,해복
cd207ca54-4b87-e482-328b-885eb0e8827d,DAEWON,611호,,대원
cd4656b36-6aba-3621-6e5a-3d76b880b0b6,NAM IL,,108,남일
cd4f20b55-5cab-f598-3d26-a8a957929abc,NO. TAEKYUNG,,88,태경
cd5797a9d-dbb6-c621-e884-b6ed6a11e62b,DOK HAN NOM,,,
cd6da6bac-c120-ea23-fec4-4a16d1065aa8,KEOMBOK,,63,검복
cd8b68107-70d4-2347-f48e-42ecb7bae1b3,MANSEON,1호,,만선
cd96f13dd-d60f-1dc9-a980-0d0d99b549fe,DONG BAEK,,,동백
cdb367ff9-9322-37b5-66da-4bab387140c1,MANDEOK,,,만덕
cdb905d93-3b72-9666-ce8a-4b7c9ed36e68,SU SUNG HO@,,,수성 | 수승 | 수숭
cdc32f6b7-7b46-b806-0517-64bf216a978a,YEONG JUN,,,영준
cdc7bad37-7b9d-d6c4-ae06-e617672d92ee,YEONG HEA,135호,,영해
cdf381b77-7627-0abb-983e-4df54ef4d6c0,JJANG GA,,,짱가
cdf461795-5be4-f3e3-4a08-9a3c90453b7c,DONG KYUNG,,,동경
cdfab2895-5129-4475-5cd3-e4a432b60b95,HAEYOUNG,,72,해영 | 해용
cdfbef82e-ec76-a9ab-cf11-417dfc11c26c,JAEWON,,,재원
ce1080446-61cb-6d94-a6db-ac760c5eccee,JE YU JIN,15호,,제유진
ce33e7d1c-cb6d-5c5e-f227-5395831d149c,DO YEON,,,도연
ce4a0be5b-b6b5-7852-f636-b1202233ceff,JAESEONG,,2020,재성
ce586cb58-89ed-d7f7-7170-b91e0a2f66c2,BA I BEU,,,바이브
ce7e46e24-4126-a7ee-abeb-4e6ba98200a2,JOYANG,,6,조양
ce8ad2376-681b-2ad7-f85d-87feaf5a87a7,YEONG SEONG,,,영성
ce97f55f4-4c23-36a7-7964-9e060cc1e2a3,BLACK DRAGON,,,
ce9e83e1e-eea1-e0e1-da05-3080592c7717,DAEYOUNG,,,대영 | 대용
ceba476da-aebd-453d-70a6-c8262ab2aec8,JEBORYUNG,16호,,
cec4702bc-c8cf-e3dd-4318-9fb6afb5921a,DAEHAN,2호,,대한
cee52dd64-489d-ff55-eaea-da43a1693bf5,MA GEU MA,,,
ceefe07f8-8a82-bd29-7a3c-9596d5a6e1a0,KUMKANG STAR,,,
ceff6477c-cbc3-43f1-c149-bb3cd1a90a0a,DONGMYONG,,,동명
cf048061d-de74-b761-53bc-89952f56218b,JINSEONG,,2024,진성
cf04aaa2d-dad0-ade5-413a-23beeae75926,SHIN YOUNG,,,신영 | 신용
cf0830cfb-b344-2fe0-7dd2-2d55ad205110,JE BU YEONG,,7,제부영
cf0fcfa7c-c8e8-7576-94e5-57e02798c52f,SEAHUNTER,,,
cf24865df-fd85-c723-0f9c-d7cf34c27a23,ILSEONG,,8008,일성
cf3acdfb6-65e8-3e87-7f88-5dfd647b9609,YONGJIN,,,용진
cf438da00-0077-168f-b3f2-09837dbcea70,DEOK JIN,107호,,덕진
cf43c1d76-6e37-d246-c8f6-b9e68b8d8e76,SAM YUANG,,17,삼유앙
cf4821c09-9f8c-ac0e-4fe9-7bc9b90d58b1,YOUNG CHA@,,,영차 | 용차
cf7519e47-7873-de57-f3ca-0d0e4d909c40,SEUNG JIN,,,승진 | 세웅진
cf9b035f7-77db-bdf9-d03c-bbfe6733251a,SEO NAM,,,서남
cfc018e77-724f-84bd-90b2-9d4b7e4d2080,JAE HEUNG,,,재흥
cfd4617fc-cab5-bec9-c867-55b28407568c,GEUM GANG,,7,금강
cfd6f8976-62b4-e825-a104-1fc535014ebd,JA YEON FISHING,,,
cff4f415b-b5ea-2383-c821-e352720f4a8a,ARIRANG,,,아리랑
cffb247a8-8fae-e17e-641c-a978b4de1f8e,MUNCHANG,,3088,문창
cffd8a41b-b61d-c4e4-2802-f1c2c8625043,JIN YANG,,,진양
d01007565-5d4f-bb25-19c0-bc7464f5c62b,JE YEONG JIN,7호,,제영진
d01e3b851-142a-73e7-93cc-49352dceaea1,MINSEONG,20호,,민성
d01f717ee-e687-9d42-69a5-f84c4befd123,NO DAE SUNG,,5,대성 | 대승 | 대숭
d02492f6e-edab-18cc-6547-1d454b410a5a,SAMJEN,101호,,
d031ad662-2a66-a80e-20b5-b705073f5368,EUN GWANG,,,은광
d039e9b88-8444-3fca-4635-a8e7f506b7df,KO RYO,,1,고려 | 고료
d03a550d7-7400-0371-ce64-56bc80fac0c6,DAEYANG,,,대양
d03c6e82f-fb34-4e2a-d061-b039bff6fea0,WORLD FISHING,,,
d051106f4-4e50-52c8-bc30-4d18efeffebc,GEUM SEONG,601호,,금성
d06354654-45b7-dc4e-8e31-6f62727f8c6a,CHANG GYUNG,211호,,창경
d06502d01-17be-4487-2d79-7b46c72711d6,DONG YEONG,,,동영
d06532bcc-ca6f-a0a0-8b83-7353cff3a770,NO. YONG I,,8,용이 | 영이
d06f3ba2e-e881-06d9-68e4-b4a4a02dd6b8,SONG GANG,,,송강 | 성강
d071f6684-444b-c4c1-5d01-cbf0dbef046f,DONGNAM,,,동남
d0839757d-d43b-5803-f142-aafef203d05d,JE IL,108호,,제일
d09251fe7-792a-8225-25c3-bac87061c0f1,WOONGCHEON,,108,웅천
d09b282c4-458c-6646-9286-23a7d0493a75,NEWMUJIGAI,,,
d09cfc5b2-257c-711b-593c-9e50311c6f00,MAN SEON,,868,만선
d0b642d05-5dc8-7474-7714-378e5929e485,JAE SUNG,,2021,재성 | 재승 | 재숭
d0cfeb058-8d49-2a09-6ca9-816d10f6afde,CHANG JIN,2호,,창진
d0dd61f33-39c2-b5dd-b908-4158032da66e,JIN SEONG,,,진성
d0e22dafb-bfec-fd51-e52e-2cd356f60e40,CHANG IN@,,,창인
d0e53e2dd-d12e-52c8-27a2-2914f5d0e3d5,HYUNJUN@@@@@@@@@@@AQ,,,
d0ed3dd6f-fa80-3386-abbe-e113c77fba01,SI EN,,,
d0ffdcb2f-f534-d9ba-8a2e-83544e286506,CHUN SEONG,,,천성 | 춘성
d1065725d-d86c-27cb-27bc-341729c8eb05,YEOWANGBEOL,,,여왕벌
d10b3392a-abcf-2931-4fa9-b4c0e3cec6aa,DAE YANG,,,대양
d11113d57-7c9c-5546-c2ed-18c5fd61389b,MISENG,,,미생
d115c1f24-4351-5a1c-5ce0-c7d38b0cac48,SUNG WOO,,,성우 | 승우 | 숭우
d118ab5a1-1174-43c4-0442-59d6285edf36,DEOK MYEONG,,,덕명
d11c44d12-2dbd-9cef-770e-be259543acb2,ROYCE,,,
d1303bde6-6314-de06-00c6-dbfd053a49de,GEUM HAE,,207,금해
d14850b03-380d-8d3c-f6b5-d31b4a2475cd,DOYANG,,318,도양
d15b1b83f-f6e0-ef87-c7a2-a99ab599f175,HEASU,303호,,해수
d16969033-3bcd-5043-5375-c87f45be26c3,DAIWON,,,대원
d17b81868-8add-54eb-192a-17483f127a6e,MOON HWA,,2021,문화
d18396cbb-b2fb-792d-1ab3-23511b0f0d44,SINKWANG,,,신광
d18bf4926-6834-7459-26f0-b4b80d09ba93,.CHANGYOUNG,,801,창영 | 창용
d190f43ef-fd8f-1950-f9f0-b6a105401e8e,YEONG SIN,,,영신
d1a5ae41d-d653-7f4e-c29c-cd1f042bbc80,SEOMJIN,,,섬진
d1b68469b-bb2d-0d51-5f8e-b052d0a40961,GOLD FISHING,,,
d1d183f38-8e5e-8314-77f8-9aaba047bd59,DONG WON,106호,,동원
d1e498f39-90ea-e04b-8835-e0b0020de0af,NO. KEUM SUNG,,208,금성 | 금승 | 금숭
d1eb33e4c-cfd0-6e8f-95a8-ddfdabd9fa2c,CHEUNGHYEON,,,
d1fa12b92-2e89-29c0-74a7-720d86374851,YEONG SEONG,,,영성
d1fe12797-7518-98fc-c5f3-1972090d820b,HAN YANG,,,한양
d200b449a-a97b-ab5a-988f-1b01298673f2,DAE SEUNG,,2021,대승 | 대세웅
d2058bef8-894b-e357-6bc5-7793e48ff912,JEIL,,,제일
d20743dea-a9a1-f776-bab8-f71efea0f736,JBU OPAL,,,
d224883d9-988e-743f-a148-003c3aee3de4,OO JIN,3호,,
d22cb5148-8d7b-dffb-b283-97426213cff8,GEUM SEOK,909호,,금석
d23e26fa0-0a86-9119-2871-523481247477,DONGHAE,,,동해
d248b6668-83f6-82af-c497-8fe49dfae61e,EUN SUNG,,,은성 | 은승 | 은숭
d2548bd64-4627-9933-c2b4-82df56a8eb47,YONGSEONG,33호,,용성
d25cf8ed5-5800-7690-d4b6-7b822d30d835,SEIJEONG,,,세이정
d260dc612-2acf-b2ac-10f5-52b1e7319376,SEO KYOUNG FISHING,,,
d26fa497d-d850-db00-6b61-ab707de6c43b,IVY,,,
d270b107f-f176-6de5-7518-88c3cbeacbc3,SAMHYEON,,,삼현
d27cce8bf-fae8-a4dd-8685-022826d7117b,SAM YEONG,,,삼영
d28c5fbf2-25d6-7e0b-3c04-6542ad37b0a5,JE DONG SIN,2호,,제동신
d2999625c-c178-ffe9-5c04-e5c9fe62a7ac,YUNG NAM,,,영남 | 용남
d2a08346f-fa4d-89ef-505f-8548202bd125,SEONGMIN,,,성민
d2a5f19f3-3c93-0309-0097-a48c1f2b412e,HI YEONG,,,
d2d3a7708-8405-2bef-c2fb-dcc0d0b46cb3,SAM DO,,,삼도
d2eacfd9a-a772-ab85-23e1-dc840a836256,NEUL BIT,2호,,늘빛
d2eee0904-4dcb-1fef-8014-ef2503d014ff,HAE CHOON,,,해초온 | 해조온
d2f67a18b-b3cb-c2dd-8b54-259416cafaa6,MANSUNG,,,만성 | 만승 | 만숭
d30234bc2-28c1-4524-c291-f059a14df5a4,SECRET,,,
d3056a722-209e-1f54-3796-e445eb5d83cf,DONG A,,,동아
d3057ecd2-2c02-dfb2-43bc-ca24fdd5d306,DA GEON,,2013,다건 | 대건
d31470a76-6aae-a34a-4c3d-bd4c64bc508a,SAM HAE,,707,삼해
d316ca4b1-1361-78b3-b894-8f432a65d2b3,BU CHANG,207호,,부창
d320477a8-817b-004a-6053-c7275cdf4aba,TAPPISING,,,
d324f20ea-a62e-8fbe-a45c-85431daf39eb,SE YEONG HO@,,,세영
d337fa80e-e52b-cc5c-a3be-41ce8978af4d,BLACK EAGLE,,,
d34fc7bce-e8d5-a6d4-2f9c-015bb242e844,GWANGSUNG,,205,광성 | 광승 | 광숭
d357e4e20-0dba-6b04-b8f2-191cd6c42860,GRAND HO- -,,,
d36264a6e-efae-619c-6554-01eb50213f26,DONGHA,,301,동하
d36adb424-4e3a-0483-9f57-ce9651a68edb,TTAENG KU,,,땡구
d39345637-76cc-e21e-b284-d303c29b71ba,NAN JI,,,
d396bdef5-5068-a3c8-c698-86154214dee5,CHEONG UN,2호,,청운 | 청은
d3a496fac-c1f8-0dd9-6300-f80c7ce223f7,DEOG HAE,802호,,덕해
d3a55921a-ac65-f4f2-5a00-7a3484ee9f3b,DU RI,,,두리
d3a80c0f2-22ac-2b7f-06ac-e7d0501ed166,YOUNG JIN,,,영진 | 용진
d3a862e72-2683-a092-8c3a-3dbfda2ef2a7,SIN DONG,,,신동
d3c14e5b9-9ba4-0210-4dee-941643b5c1bf,NEW STAR,,,
d3cc0b26c-c6e4-1482-99d7-8296f5b4120c,HAE SUNG,,19,해성 | 해승 | 해숭
d3d536778-8d46-9dcb-81bf-98abfe47f80b,KYEONGHAE,,900,경해
d3eb83f82-2371-4053-90ae-5d612d4ad9f7,BUGANG,,5,부강
d406f8538-81a9-7a35-1c23-b0b0759a5c82,HAE SUNG,,,해성 | 해승 | 해숭
d40b05b90-0d96-9301-6466-ec4e06fc53c2,HAE JIN,,,해진
d4167e8a9-9ff6-1f4a-9416-4f38c44cf778,YANGCHEOL,,,양철
d4446c1a2-26a7-1016-1952-974665c21093,NEW ENJEL,,,
d44bf771d-d5ef-e8e3-5d62-4cda301fcc7d,HAN RA,,,한라
d469f516f-fc8d-f65a-ed91-eef2004d076b,POINT,,,
d47ca15cc-cf03-fde3-4e2f-a344641aa3e6,PUNG YANG,,307,풍양 | 풍향
d4896e833-393a-1313-9437-4329aed53855,YEON CHUL@,,,연철
d4b8f28ff-fd75-89db-3f26-764337f59089,TAE YA,,2020,태야
d4c9d1d44-419f-993b-92e9-17057fb10e42,HONG MYEONG,2023호,,홍명
d4ca3c261-1251-f785-1796-d0cf42bbbf03,DAE .KWANG,,,대광
d4e28c6f2-28b9-682c-a151-ee88cfcb06d7,HAENG JIN,,,행진
d4f221503-3da6-a216-c86a-5ed2a7b9b04a,MANGU,,2,만구 | 망우
d4f4116fc-cfec-dc42-6d16-8518f9d019b1,HAN IL,,,한일
d4fb8dce1-1daa-81ae-f33b-af75d42a91ec,DAE POONG YEARN,,,
d505bad3a-a2a5-bc60-dd8d-e8ab41a00e8f,SE GIL,,29,세길
d50cd1f05-5100-b938-c6fa-cd9db236fd24,YULAM,,,
d513c13aa-adaa-c515-50ac-8c1e5a311270,DEOKSEONG,,,덕성
d51441085-578b-a3e0-7839-761774068f4d,SAM HEONG,2호,,
d51c4c0cc-c355-f1f4-3a79-98c26e9c2197,NEW KYEUNG JIN,,,
d522317df-fd34-6a4a-82aa-8eb3fa156bb1,DAE YANG,103호,,대양
d52fc677d-debb-03c0-303a-8d0705bcfcf1,YEONGJIN,,106,영진
d5396b95f-fb99-971e-b31d-5aa357cdd575,HAEOREUM,,,해오름 | 하어름
d5504a10d-de1a-4177-c96e-f215fe272afa,NO. YEONGHWA,,306,영화
d5562dcef-f273-c634-ea7d-85eb01273b2a,SUN GYEONG,,25,선경 | 순경
d5652a10a-a54b-86fb-083d-d52d29b47729,ARA,3호,,아라
d575357d7-7197-589e-5f80-0da0014f414d,MYUNGKYUNG,,,명경
d58032706-6852-0782-61ef-ba613aa63fef,BONG JOON,,,봉준 | 봉조온
d59340db4-4392-9fd3-4a0c-405040704bc5,CHEON SU,,,천수
d5a4aaf8a-a40a-df63-932a-a9cabc20808d,JEUS,,,
d5a8d8ade-e809-98bf-fe8c-4a3f7fd53e99,YONGJIN,,3,용진
d5b3dad36-6256-9167-d1f2-b8aa912007f2,NAJIN,,,나진
d5cbf5033-352a-d756-8021-5ba0c629a42a,NO. KEUM SUNG,,118,금성 | 금승 | 금숭
d5cc2fbeb-b53e-4941-2441-8f60c772436c,NAM PO,,101,남포
d5d16a358-88d0-06f0-4be4-d9769f2647ec,DAE DONG,,,대동
d607d3f3a-addb-2e8d-43bc-0ef4c6a76ca0,HAENG BOK DREAM,,,
d60b73412-2aec-e6ff-c193-79ac53971999,NAMJIN,,,남진
d60b7f0eb-b7db-b39f-f790-78043dfd6444,NEW HAE DEOK@,,,
d6177e9ea-ae1f-bc12-7121-1c78311157f7,SPECIAL DREAM,,,
d6197ecfb-b27a-6426-e261-5a287a990140,CHEONG HAE JIN,,,청해진
d66082379-95e2-0de4-3a0e-faae7e2d29b0,HANA,,,하나
d66431486-6de9-4b1c-b1ef-97817c7bb91f,YUNGGIL,,,영길 | 용길
d668a292a-a70b-7522-6a68-e409f445cc37,HAE GEUM,,301,해금
d683eaa24-496b-0ae5-69f7-0128ac25b6ef,HEUI SUNG,,,해의성 | 해의승 | 해의숭
d68468c07-78bf-85dd-fa33-e119d92e522a,JE HYO SEONG,2호,,제효성
d68ee1737-7f7e-a386-93f8-248c75d42a68,WON YOUNG,,,원영 | 원용
d6b723690-087f-e240-b33e-f7cc7fa87e13,JIN SUNG,,,진성 | 진승 | 진숭
d6b7a72df-fb95-f2b2-572c-45f0f08f9865,YE EUN,,,예은
d6b80de1a-a7f2-a2a9-9574-6a96d0d20156,HA NA,,,하나
d6f676b1f-f20e-43a5-a211-16bff865ab05,BOKSUNG,,,복성 | 복승 | 복숭
d7049ae6c-c92f-3ecd-5b28-5f15228ec884,MYUNG JUNG,,11,명정 | 명중
d706a2b84-47ed-0514-c96e-c06e4dbc6941,DAE AA,,,
d71fd2dc5-538f-6c94-28fc-f5ccb997005a,GAYIA,,,가이아
d740d59cd-d771-e6b6-2418-14d3c0d5e6ea,GYEONG YOUN,,,경연 | 경영
d742b3d8c-c8cb-4eb8-961f-a4cecc99b141,YOO YANG,205호,,유양 | 유향
d75ad680c-cac5-ecef-6b5d-34454a8d0262,DASEONG,,,다성
d7631abee-e85c-78bc-cd85-dddfde0136f6,GEUM HWA,,6,금화
d76d950a2-23e8-49e4-0ad6-30c33d5dd7bc,S-JUNG,,39,
d7735a887-7b47-1366-6a0f-c129fd40a00b,IL GWANG,608호,,일광
d7770cb3c-ce46-5ec6-de32-c5e892aff960,GEUM CHANG,,,금창
d7774857d-d2d5-c3ef-0c79-6252a930d9c7,MIN SEONG,,,민성
d77a0b29c-cf8c-9b83-7db5-d0c67b669909,SINNAM,,,신남
d781fdfc4-4581-3fe7-388a-0521a4cadf05,JEONGSUN,,23,정순 | 정선
d7825797f-fb72-a5a1-e01b-7a58400d07ab,SONG GI,,,송기 | 송지 | 성기
d782eb342-2ce1-5e15-b770-6d043e699142,BOK SUNG,,,복성 | 복승 | 복숭
d7884f96a-a315-88e8-1aa0-bb92cc89426c,HANSAN,25호,,한산
d78b639d5-560f-c378-87b3-bbd1a22a7b61,MARINE,3호,,
d79109810-0b80-8429-21ec-33e4f9a67e22,BAEG MA,,,백마
d7973603c-cabf-106f-a2b6-7211b81eb1bf,BU YEONG,,88,부영
d7ab45f61-106c-7c93-847d-014ba61e1b2f,KYEONGIL,,,경일
d7baca9c9-921d-bf6a-1aed-3fc65c8d507a,NICEFISHING,,,
d7c80fb9c-c597-f296-1337-a5cd9aa80053,BAEK HWA,,,백화
d7ced6b05-5f08-457b-e2fa-828b0e170692,BOSEUNG,,,보세웅
d7d10c7b6-6549-a710-ff89-d74b58d535cb,POSEIDON,,,
d7d17c5a9-9465-e003-b9dd-36ed904499cf,HAE SU,,,해수
d7dda6d25-5960-b466-7311-ab402d1389d3,KINGKONG,,8,
d7f4f770a-a699-9b93-0e88-9465bbb06f5c,CHEONG MYOUNG,,,청명
d8024f582-23b8-ac06-9aea-4b47d3cf8213,SIN SEONG,,,신성
d81fdd372-2f8f-d206-dbb3-421ff3abefed,HYUNDAI,,,현대
d8226ddd0-06e7-93c7-7d63-41e8a85e5481,SU SEONG,,,수성
d826de3d3-3f45-9a4e-0f5a-a909794e210b,BLACK PEARL,,1,
d833f9862-2dd8-9c3f-a9f6-e625d18a5d22,KWANG EON,,,광언
d83cdee6f-f03f-81c2-ee0b-c4be7353d832,JIN YUONG,2호,,
d86fed3d8-8274-ae51-b92c-905161184011,TAE SEONG,,22,태성
d8723eb1d-d304-e7f1-b9d5-7980c921fd19,MIGWANG,,23,미광
d87e9922e-e9e7-343f-25f2-170ddd9995de,CHEONG HAE,,109,청해
d8adbc579-9323-3ffa-81af-7b460626164e,SEVEN STAR,,,
d8b902c0f-f49d-de80-574f-9756a0a1d15c,DAE WON,7호,,대원
d8bcb82b3-3938-1b3e-aca9-aefc114c224b,WAT DA,,,
d8bdfa375-50dc-b871-93bc-bfdf2756c455,U SEONG,,203,우성
d8c7af94b-b0d1-eca0-b349-12aa297f6084,PYEONGJIN,99호,,평진
d8d4b76bf-fcc7-1225-5be5-c5a51ca76e24,HAE WON,,,해원
d8dad58b2-2ce4-421c-af50-2002b909baf9,YONGNAMH>>>,,20,용남
d8eab64a7-7cca-fc23-cc96-cdd0b2c87e7a,BUKYEONG,,,북영 | 부경
d8fa0732b-bb92-a654-a142-aab1f44af58e,JE HAN IL,108호,,제한일
d903c07e9-91d4-d582-94a0-2a0ec6ec87eb,CHANG SEONG,,,창성
d904b5fd9-95c3-7220-8370-e2492d3a5132,SUNG BOK,,,성복 | 승복 | 숭복
d926a0e65-5430-e280-bd7b-10e48c9deca0,HUI YOUNG,,,희영 | 희용
d929c4d49-9dbe-0cac-c3b1-adb5c1d233ae,GEUMDEUK,,,금득
d94441535-5202-586f-c4d6-d303b34b6c9b,YOUNG JAE,,,영재 | 용재
d9508ed37-78b5-b225-79e5-b46cad60aa85,CHANGGONG,11호,,창공
d954a56a0-0eba-f636-ae43-4609733c670a,SAESIDE,,,
d967f9ea5-56d5-e402-92ac-0e6410ef9617,TEA KWANG,1호,,태광
d97f90e02-27df-dd1c-3213-7065098da30a,NO. DAEWON,,108,대원
d9aa1fd14-4e00-e09a-28ce-16df7ad11fc9,JEONG MYEONG,,,정명
d9af5735f-f8d6-c98a-f103-c8ccf6cc92cf,MAN GYEONG,,,만경
d9ddd64dc-c3da-c062-37ff-4fb78392a4d5,JE YE SAN,7호,,제예산
d9e7c4dba-ab44-092c-4076-946bde636379,FISHINGTALK,,,
d9eb8c5a5-5ae6-e079-2f06-266ca2f19403,YOUNGKWANG,,,영광 | 용광
d9fff0111-1a5d-ab5d-508e-d30801a76446,NEW HAN IL,,,
da1f71631-1cb7-e4fe-8c42-d269d7998cd0,TAE JIN,3호,,태진
da3516e08-8f90-e9c3-b12e-e0bb0e60734b,U JEONG,2호,,우정
da368590b-b38e-ad25-6a45-78218b1bd3cd,SAESUMNURI,,,새섬누리
da3731b8c-cfb8-d685-aa00-b9ff00b3d086,DEUK MAENG,,2027,
da3bf805b-b711-0be6-7048-73b494bb2f10,CHEONG HAE,,,청해
da4cae19d-d443-546c-ffa3-b255adf5f846,DAE JIN,,,대진
da5c08ef3-38bb-b1a8-2d33-113f58844773,JIN YANG,,,진양
da5f3bb32-277f-252c-960e-f56d8a2fe46e,HAE JIN,,,해진
da6fc85b0-0be9-581c-14ec-bdd86eb871dc,BOK SUNG,,,복성 | 복승 | 복숭
da7a2ea0d-d4c0-e3cd-172f-a050d10be621,KWANG HAE,,,광해
daae3925d-dde1-3488-f0b7-bbb6a836dd1d,SU YUNG,,,수영 | 수용
dabdb77f1-1204-d345-d8da-4b299b6134d0,SANG YEONG,,,상영
dac06951d-d97e-e45f-0851-3fa15f91e430,BATTLE,,,
dac58677b-bf2b-4f67-93b1-f0873901ad2e,CHANG NAM,,203,창남
dacd55204-48ea-c0f2-7038-850d0e3013ec,JE SHIN KWANG,109호,,제신광
dad7ff99a-a467-c262-3c20-118bd97d740f,PYEONJIN,86호,,
dada2af34-49d7-c0aa-43d4-1e4a8b6de244,WON IL,,,원일
dadce29ce-e0b1-e19f-aa2e-fe8f4a59aad2,CHANGKYUNG,3호,,창경
dafb3cc28-8f13-a9ae-312c-70572a504c52,NEW HAE KYUNG,,,
db0369787-7cf4-b12a-e2f3-5c4411332405,JE ORION,2호,,제오리온
db172ddaf-f7bf-e541-073e-de3994b6c636,YU JEONG,,,유정
db1f8824d-db1e-6bf6-00eb-5c79ec278023,GANG JEON,,,강전
db227940c-c528-fca9-f314-4208d223f259,WANGSEONJANG,,,왕선장
db2821930-0ed7-d020-10a1-4a790d747655,SUNPUNG,,,
db3b91f84-4dd1-9fb0-af99-fa55f34321cb,DA ON,,,다온 | 대온
db3d7f37f-f530-f0e2-3872-88d786a1b5c3,CHEONGJIN,7호,,청진
db3e92519-95f2-2f60-13df-69eec351b0a7,NAM YANG,,202,남양
db525326d-d3fb-223d-eb55-3a1a7b3db464,SUNG GIL,,,성길 | 승길 | 숭길
db59a86e2-2253-8455-8774-300f31313794,YOUNGJIN,,,영진
db6363c26-683f-8043-3330-4ffe4080358b,BOKYUN,,,복윤
db695c603-3fc2-dddc-92d3-586de0f6c067,SEE STAR,,,
db85255ba-abc5-ff52-07b6-ad88cfa6cfd0,U JEONG,2009호,,우정
db852c6d7-73ff-1b3e-4259-92c7679701e2,SHARK,,,
db8e7c507-761b-1359-cbe5-ff44f65ddc94,CHEONG YONG,,309,청용 | 청영
db9187863-3c62-a6a3-3d4c-fde81f8e109a,SINYOUNG,,2016,신영 | 신용
db9e2ae3d-d608-8f24-6590-cdd2e2dab3cf,DAE POONG,102호,,대풍
dba63299f-fa2e-5407-f12b-fbe17562e144,UN BIN,,,운빈 | 은빈
dba692b90-05be-a564-1cb4-94cece3c20f8,CHANG DAE,,,창대
dbabf5b93-36ec-a14e-b1bc-dcb810a9b88a,WANG SEONG,16호,,왕성
dbec606b7-773f-1965-286d-caffd4127c52,DAEYOUNG,27호,,대영 | 대용
dbf983c74-4a91-da09-ee22-316b97ab61e6,DAE IL,,,대일
dbfc27a4d-d8f0-3767-636c-ad4635c35b23,DEOSARANG,,,
dc041e95b-bcb8-0196-906d-e0fa2ffe9e44,CHUNGNAM,,808,충남 | 청남
dc0f330f3-3d3f-279c-31dd-f51559122dcd,JUYEONG,,309,주영
dc19212ea-aca7-f4fe-ab95-d7e1f62bd75d,TAE GWANG,,,태광
dc1b0b84b-bcc8-3110-5e76-1b28065c5f05,SINHANGHAEUN,2호,,신항해운
dc29082d2-2018-8ad0-8362-8c2be756d0fd,NOKBOSUHO_,,,
dc3588ec0-0842-ca3b-612a-1cfb87314f53,HAESUNG,999호,,해성 | 해승 | 해숭
dc4287d52-2852-38fd-146d-9c85dc936f9f,TAEYANG,,373,태양
dc4e6e3c6-6a95-f32d-c6e8-7e9054cc230c,BUGANG,,2,부강
dc5319753-3497-1d22-11c7-f6a9b1f2ece9,TAE GEUK,,,
dc5a3bf28-812c-81e4-a3cf-e4470d94da28,MI JU,,,미주
dc5a60f05-5ded-74eb-093d-033deae87192,SUNBOK,,,
dc5ded582-2535-4290-172d-fed389f332de,KWANG SUNG,601호,,광성 | 광승 | 광숭
dc77fa488-825c-7a47-d6fe-068fa68a583e,HERMES,,,
dc78d14da-ad03-a459-58b4-8e1dde7344c1,SINMYUG,,,
dca3bc694-428c-178b-0901-6b300a9c8cb4,SEONYANG,,,선양
dca3fb6a9-9698-90e1-ef9c-f9539bb750aa,SUNG DUK,607호,,성덕 | 승덕 | 숭덕
dca731cdc-cacf-4e30-847a-79403c47d167,HIT,,,
dcc4b9577-7f6d-25c6-35de-4d08e6e71ffb,HAE SUNG,1호,,해성 | 해승 | 해숭
dccc98582-215a-03ae-d5c8-1bcb05cdfabe,JAE SEONG,6호,,재성
dcd3cb2fd-d2b5-3ca3-b2c3-c17f9655d511,DAEKWANG,,,대광
dce3bea03-36aa-552f-b4e2-2942a93a1652,GWANG HAE,,,광해
dce85b5e0-0735-b172-2cda-7238266fb6a8,CHEONG HAE,,1,청해
dceb43416-61ec-9389-4d79-a540a09449d7,MYEONGJIN,2호,,명진
dceb95c4f-feab-8b59-a0a3-b9449e349cac,UN YEONG,,,운영 | 은영
dcec19e0b-b4ca-d8c8-f659-a43a98a296c2,SMART,,,
dced91296-65e4-a42a-d190-81e9206d8ed7,KIM DAE YEONG,,,
dd18e09f2-278c-8cc9-29d4-6172bc81e574,NODAEHWA,,202,노대화
dd54ded76-6345-7ed7-64ba-0aac03f2dada,DO CHEONG,,,도청
dd59833d4-4678-409b-326b-7357d47f7212,NO. YOUNG BOO,,2019,영부 | 영보 | 용부
dd9aaadf9-9241-1ef7-7311-3bcccc6e2a62,MYEONGGWANG,,,명광
dda20ab1f-fd05-3833-7d99-5e58af3e8a5e,DAE YOUNG,2호,,대영 | 대용
ddbb14749-90c9-014a-04c4-da6d368e29a9,DONG SEONG,,,동성
ddc516fd8-8218-a5c7-8eea-39ee3dedf2d1,SEON KYEONG,,,선경
dddcb66e4-482c-f2e9-6663-84778bee047e,KWANG BOK,,,광복
dde6a3420-0df5-7035-3532-23b1c54f99c7,JAYEON,,7,자연
ddf0a437d-d96e-6126-11fd-4d327c1804ab,SEONGHYEON,,,성현
de20dd4b4-48a9-bdcb-77ff-9e3df1b4dcd8,HAN SEONG,,,한성
de3273ed6-690d-a951-aed5-706f83b6590f,YEONG SIN,,,영신
de4a22dd1-1592-02f8-e742-c1e93c28456d,HEEJOO,,,희주
de4a67fba-abb7-404f-0b47-aae881d59f68,TAEKONG,,,
de4c8c5cb-b363-446f-1d8c-4720e97e5590,OH SUNG,,,오성 | 오승 | 오숭
de52fc4ae-ee55-88d3-0810-ffbea0970422,DAE IL,,701,대일
de86b9d1d-d8e0-6584-b930-0eeb6200f42e,HONG EUN,,31,홍은
de8d46721-1d84-eb2d-385e-e1e4efb72b50,HYUN..SUNG,,,현성 | 현승 | 현숭
de9117d7f-ffaa-efb2-fc90-bae4061a5cb8,DAE GWANG,,,대광
de976ef21-14fc-16ad-2949-ef6be906fabc,TAMRA,,103,
debb60ab7-7147-0b2b-60ef-cead0ddd1387,HYEON MIN,,,현민
decc26cd3-33df-b9e0-f319-c374316343fa,NAM IL,3호,,남일
ded0373cc-c80e-40c3-26ec-64f634b562f3,EASTERN GREEN,201호,,
dee06f976-6698-1513-774d-4f61f91353a1,BOG SEONG,,,복성
def2c9986-62c0-1f05-fea3-b11d2ab8bb61,DONGYANG,203호,,동양
df1c789a1-11dd-71c7-f5b9-e9730471e8dd,YEONGBIN,,107,영빈
df1d89836-6e4c-fbab-a5d9-42959e57b8c2,MIN SEONG,,16,민성
df27de8ea-ad4f-6626-1e48-f6b4781b6a0f,YONG SUNG,,,용성 | 영성 | 용승
df418de8a-a2d2-0e75-c543-e2804fda9a77,SEONG IL,,,성일
df54a3bdf-fcb7-c9c5-3208-1c2123a8bbe9,HWA.SEONGH,,6060,화성
df6082821-1304-4666-a1f3-2706b64ac75f,SAM-SOUNG,,153,삼소웅
df7f47f7e-e3d2-4cc0-d554-3161ff0f241b,HEUNG SEON,,,흥선
df8072df0-096a-cf68-20a0-a81675c0b773,DASEONG,,308,다성
df90890e1-1577-c90e-0e7b-35328cf87305,PUNGWOL,,,풍월
df9c4c624-4098-b362-d098-c638cc64307f,JINSOO,,,진수
dfc4d0e4c-c3d1-fbb3-e217-9ea8ebcc557f,HAE SIN HO@,,7,해신
dfc7756e1-1021-ca88-df47-1dbaf4b9ea28,DEOK SAN,,,덕산
dfc7c730b-b74a-771d-8054-727cd364a2b0,NEW DAE SONG,,,
dfd242dd7-7ed5-5079-e2e8-6f6961c7440d,DAE SUNG,27호,,대성 | 대승 | 대숭
dfd895230-05b9-5e7d-3402-a2c648186c1f,SEON GYEONG,,,선경
dfdb62471-1865-7c38-b221-2733aeedf355,DEOK JIN,,,덕진
e004cac2a-af4c-45ae-789c-5c23e5974398,GUBONG,,,구봉
e014f4070-00b1-f079-5452-dc787fc93ebe,GALMAEGI,,,갈마에기 | 갈마에지
e01e219cf-fd17-b9e4-0e2e-cbea5b175289,MYEONG JIN,,,명진
e02066af9-9c7d-e6c4-81fd-46a2a6aebc7b,YOOJIN,,8,유진
e028a1215-5ef6-65a1-50b9-f8b6113f56eb,JE IL,201호,,제일
e03501b3c-ca1c-98d0-2b12-dd0a68657f41,GANG SEONG,,507,강성
e044cc602-296e-30db-95f7-b08aa08fe5a7,MANKYEONG,,,만경
e06a419b7-74db-38d1-de93-5a5234f7ed44,HAE GEUM,,103,해금
e07789569-94ff-3ef6-972b-5e9f8243e17b,DEOK JIN -,,209,덕진
e07c22683-3b49-723d-3961-d9393a9e5ef5,YEL ROU HO@,,,
e082d9b15-5d06-81d3-1d0f-ba5302c90b4b,HAN CHANG,,309,한창
e085caaa4-4888-0b3f-ed78-16c1a445e73a,DAE YANG,7호,,대양
e09c7462c-cf51-93de-3312-47fb314c673f,DONG A,,,동아
e09fd2624-45b7-661f-83ac-a8e50a8d7443,SUNG JIN,2호,,성진 | 승진 | 숭진
e0c6d9de3-3325-c69c-5eb1-55a657fe1de4,SAM SEONG,105호,,삼성
e0cc18bc4-4c00-101f-3467-61ae728c14ab,BONGJIN,,,봉진
e0ce70e93-3fd9-2da0-5b82-58bae3c1a930,SU JIN,2025호,,수진
e0d7d335e-e75c-6b9b-228e-40916130a604,SANG YEONG,,,상영
e0d92d456-6c11-2bf0-11e1-ccb076f717dd,BLACK SHARK,,,
e0de1af94-4a91-acb1-63f5-6ec627165577,GILSAN,,,길산
e11b802a6-65c2-8e7b-3a5a-bb83ca7b408e,HEALING @,,,
e12a235fb-b15e-531b-6311-1204f1798934,SUN,,,
e13381428-8402-8c9f-9ec1-bf4384578d3f,YUGANG,,,유강
e1416568f-f05f-1c6a-a6fa-3c226c3bfd68,DAICHENG,,,대청
e1470cb6f-f668-5a26-0e97-81a3d93712fb,EUNA,3호,,은아
e148dc012-259e-5192-0149-133340a61a7a,DAE KWANG,,,대광
e14b91926-64af-97cf-fcc0-92a2a68ae530,TAEYANG,,88,태양
e1532321a-aaf0-b9e3-3ac6-5b34f18bb7ef,JECHEOL,,,제철
e1540ce9c-c6b2-1db9-f46e-20a941de63b2,WON ZANG,,,
e15a040d3-3e6a-93c4-2039-7c581f8bdbc0,GAL ME GI HO@,,,
e15ed939b-ba1d-d573-9593-c91c6f52064e,VITAMIN,,,
e16988851-1f46-5f1a-c4a0-1a1355894b84,HWA SEONG,,,화성
e170edb5c-cfde-4f51-6737-7acdab2c2a14,BLUE PHISSHING,,,
e17d363d2-20d2-4e47-a5e5-3dd08686a65f,HUI JIN,,,희진
e1841ef3d-d8bd-8851-efe9-3aa3b0528dc8,TAE SEONG,108호,,태성
e18f66827-7489-038b-5cb1-dbd3d58eb54f,HA MO NI,,,하모니
e1bf9fcc3-33cf-559f-33a8-8929a6dfaf1c,DONG DAE,,,동대
e1dad5f8e-e2b9-9be3-7862-5ed7a3ee054e,MOONCHANG,,109,문창
e1dd25bab-b5b1-bb40-78e3-8648743e2773,KWANG IL,,707,광일
e1de0ee0c-c56c-a2fb-96c4-e16d2c217123,NO.NAMGUNG,,509,남궁
e1e3002bf-ff2f-b86a-cc76-f650d687e4d4,DONGSUNG,,,동성 | 동승 | 동숭
e22ed3a59-9749-36d0-3dd9-efcaa36fd6af,DEOKSEONG,,,덕성
e23ea08c4-4c3a-e9ac-192a-4f1bca3a0f17,HAN IL,,,한일
e243386c8-8a14-bf64-31c6-9a600739cace,YONG SUN,,301,용선 | 용순 | 영선
e24b98adb-b5d4-75b0-37a1-4252e4aa10ca,HAEJIN,,,해진
e25d24866-6828-1a1a-e575-84d5769cadda,DONG,65호,,동
e26a9391d-d58e-5d57-4911-5135d153c54c,SEOHAE FISHING @,,,
e29c05fc0-068e-b234-9651-ca6a7ed3e2d7,BACKGA,,,
e2a68043c-c64d-f633-6530-58667e4503f4,SUNNY ACACIA,,,
e2aa9b880-07d8-ff43-0c49-f678afc089bb,NO. DAE WON,,108,대원
e2c00344f-f0a0-db5e-73f7-f4755bda87b5,VICTORY,,,
e2c2d6e78-87bf-2e6b-a7ae-c4c81f7be467,DA YUEN,707호,,다유엔 | 다윤
e2d1ec74d-ddb4-d7f9-019b-acb968f8069d,NEWARA,,,
e2d5ff4a7-7b53-eaef-be68-76315e3949de,YOONGCHANG,,,
e2d9afbd5-5ad5-0e40-53f6-255e1a1aac25,YONG DEUK,,77,용득 | 영득
e2ddd098a-a979-7faf-28d7-a28be9010f27,POSEIDON,,,
e2e271b24-444b-3313-64f2-27ef285775cd,EBADA,,,에바다
e2e48cb0a-a924-c551-156d-2f8dd4b09603,BOO KWANG,,,부광 | 보광
e2ed37029-9a45-f14b-ad6a-581d95166189,SEUNG RI,,,승리 | 세웅리
e2edaf7dc-c3fa-cfed-5f49-990a976d2703,HAN SIN,,,한신
e31646702-23ec-edc1-e29a-5f765eed12c4,DAE HAN,1호,,대한
e31683039-9511-85c2-ac2d-9f44de332932,SKY,,,
e31becf12-25f1-e62f-18ab-717fb4c24f69,DONG MYEONG,,,동명
e3215eddd-d899-a463-4b70-8737ad61d090,JIN YANG,,,진양
e3272bbd1-1932-4a6c-66bb-4d9c0eae3391,DONGJIN,,,동진
e32c35310-0b7e-accf-129f-75b1d66c69c1,JO GWANG,,8,조광
e32da515f-f9d2-6627-277b-d0f812ba394f,BUYOUNG,3호,,부영 | 부용
e34886fe7-75b7-dc58-8586-849d761213a7,DONG,66호,,동
e34c03a65-5bb2-e70a-39e7-54f4d510bfba,SEIJEONG,,,세이정
e354a196a-a3ee-6568-ff48-dbe961c9ed91,SUNIL,111호,,선일 | 순일
e392d5f32-2a73-0190-fd9d-027d5c507d8a,CHANG YEONG,207호,,창영
e3a1395a6-6907-be07-9ae2-2b3b9ed42768,KUKJE,,,
e3a40841a-a23d-33f2-0d40-e0137ef843e6,SEONG CHANG,101호,,성창
e3a60af9b-bd02-17b1-4ed5-ae3c201341a2,BEMYAO,,,
e3ae972ba-ab70-0288-4517-c5196f4d2e8b,SEO GWANG,2호,,서광
e3b32fdde-ed46-d29b-4423-0b1478f11fa7,JANGDEK,303호,,
e3b79566b-b74d-6d47-ebd7-efb79787cd55,SHIN HWA,,,신화
e3c2c09b9-9a6f-44e9-f12a-7ba2faec5e8e,CHANG EUN,,,창은
e3cdbdc1f-fe8e-2b02-ce9f-10edad23cf1e,HAN CHANG,,303,한창
e3d06bdd9-9447-ad89-6e1f-b685d55a6156,HAN KYUNG,,,한경
e3ee52a73-36d6-ef39-9159-9012f568b96e,JINSUNG,1호,,진성 | 진승 | 진숭
e3fa94ca0-0c12-272a-4009-03a79845a5e9,KWANG SUNG,,2,광성 | 광승 | 광숭
e4048384f-fe89-0142-b48f-7442f4e71c9d,HAEYANG,,,해양
e405bb740-07de-1c63-c9ad-b5bf2ca6cb9d,SUNG WON,,,성원 | 승원 | 숭원
e40efcab2-2273-3b0d-4f2e-6ae2a88ccecb,DEAGIL,707호,,대길
e4146eecf-f03e-c008-171f-242c5c5b4a5f,HAE LIM,,,해림 | 해임
e42ea5330-0d07-00bd-6396-545f0c1afc0e,EOCHEONGDOPISINGHEU,,,어청도 피싱
e4337b888-8a7a-2768-270d-2b4b2f67e296,YONG BOK,,,용복 | 영복
e43856a47-7815-f08b-4e83-23aaf13a5289,DAE WANG,2025호,,대왕
e43a14e69-9918-4f84-7767-c37cff12417b,BAEK KYUNG,205호,,백경
e44bd3700-0530-59be-fc9b-82f488be7049,KO RYO,12호,,고려 | 고료
e452a05f4-402e-4dae-25b5-3d84a4a6c95b,DAEYOUNG,3호,,대영 | 대용
e45bde264-4cb9-851a-b12f-084750b84148,KEUMKANG,,,금강
e4650f217-7365-35c7-84eb-6b4f37f64f4a,DAHAE,,,다해
e46ac2c98-896c-7d47-dbd2-5f6a49390a3e,JONGGIL,,3,종길
e46fc47c5-5bc3-da77-009f-efc7e4262619,GWANGSEONG,,2,광성
e47b230aa-a16a-1cc3-1812-08770319d87b,HAN YANG,2호,,한양
e48aae2ff-f156-aed2-0fd6-6b3856c0e2e2,GUM GANG,,,금강
e4d942b84-49ac-8200-88a6-bdb129922f78,JAICO,77호,,
e4eb45c90-0508-01aa-ee60-c589eebbea54,IL JIN@,,,일진
e4f251d0e-e6d5-7689-ebb6-03e51c63afee,SUN SHA IN,,3,
e4f9b98dd-d3e8-2985-dc88-dedec288619d,SE GIL,,32,세길
e4fde4474-4f3d-d6d6-5183-23d84b84531b,HAE WOON HO _,,,해운
e50b6732d-d607-fb7d-989b-55e3f964a7ad,JANG SUNG,,,장성 | 장승 | 장숭
e5209fb22-2bcf-e569-66e4-0ca89eec111c,JEOK,,,제옥
e52645823-338a-0d56-cbb8-150fbb4197b0,KUM JEONG,,55,금정
e52a826f3-3f91-3fa7-eb5e-fea431617f8d,JINYANG,,,진양
e52fbc989-911d-b893-3414-ed19504f6353,DEOK SIN,,,덕신
e530ae3d4-4038-c7f4-00fb-9d2d23fb9f7a,JIN YUNG,,,진영 | 진용
e53d2dddd-db41-87c6-6d0a-6f74959f9eec,HAN SUNG,,809,한성 | 한승 | 한숭
e5718cdcf-f61f-5661-66f0-3a002587072c,DAESEUNG,,2,대승 | 대세웅
e57684350-0ee2-1725-b88a-2dae105334f2,CHANG NAM,,31,창남
e5a411924-4b89-d11f-0b86-f1540c9b5a4b,HAE JIN,,,해진
e5aeeb182-2721-01da-2dc9-bddb31d48572,JINMYEONG,209호,,진명
e5af09afd-dccc-3ed2-3bcc-844c9c8f71c8,DAE SEONG,,,대성
e5bbe38c0-0e72-a0be-6ef9-6443a30b0a89,JIN MYEONG,,,진명
e5c3a642a-addd-684f-8459-429a724d0e1b,BA HA,,,바하
e5f9825e0-0c65-93a3-33bc-f935dc30ffd7,HAENGBOK,,,행복
e60ac1e08-8e0e-6fe1-c555-2908ec2b202b,GYEONGDONG,308호,,경동
e60dae039-988d-f711-7340-226923d56bb8,GWANGYANG,,,광양
e60f8ab8a-a3d5-1784-8e2e-3b8c55eead33,SEON U,2022호,,선우
e6129fbb7-7f32-6b09-c561-4e5799c51c59,POONGSAN,,,풍산
e6148cc54-4f14-1021-3829-11cd40041a1a,HWA IN,,,화인
e619b89a7-70ac-f8be-ce15-9709cde0fceb,BAN GA WER,,,
e620782f4-45c6-aba1-a0ea-6e6892331dc7,WAT EO,,,
e63852e33-38e3-f79e-0c58-67529b7d73ff,GWANG DEOCK,,,광덕
e650ea12b-bf44-b989-7bb0-dae5988b51b7,YEO MYEONG,,,여명
e65a11924-4edb-6dc1-b312-1544050b965a,TAEGEUK,2호,,
e66772d48-83a9-e820-ae07-68665b9fea08,DAEJIN,,101,대진
e67c13223-34d3-fc64-82d0-e4a7276c06c0,SEA-FRIENDS,,,
e67c4b54f-f5fe-9cab-c68f-db7e4dd86326,EUN SEONG,,,은성
e687d57ca-aba8-239f-d4e0-ff00277dee6b,NEW CHEONGHAE,,,
e68a3266a-a5f6-6c39-e08f-cb76dbbc6c20,SINYEONG,,,신영
e6ad6c856-6023-328d-41c7-0c6f59a9205a,JINMYEONG,2호,,진명
e6ccdd3cc-c6a6-7257-da3a-489eba6cf28a,GEUN YEONG,,,근영
e6d1bfa61-1bde-cb42-390b-d3f6072e063a,GEUMBOK,,626,금복
e6e53dac9-9d86-2933-ba6b-63f6849aa10d,OCEANLEO,,,
e70e35f9b-b256-14b2-32e0-1f335d147bd0,JEHEEYOUNG,23호,,제희영 | 제희용
e71b27f10-00d7-3d8b-6f45-b5dc74935e1e,EILOSAM,2호,,에일오삼 | 에이로삼
e71cca68f-fdaa-1524-1dee-082c4dfd5e61,SEONG HYEON,,,성현
e720d3f9f-fb43-88ff-3c3f-3f0cf9fbe950,JANG DEOK,102호,,장덕
e7259f0d2-23dc-6ccc-d0a8-3479300f5af7,DONG MYEONG,,,동명
e72878c1f-f1fa-b746-0464-2cb86084eea2,HAESUNG,,2,해성 | 해승 | 해숭
e72962318-8641-e78a-d32e-f8708503e04f,DAE GIL,,,대길
e72f52288-818a-a6db-a995-156fe52b5e57,WOO SUNG,,,우성 | 우승 | 우숭
e732d37ee-e562-6dde-3d9d-20eda364b7db,ORYONG,,305,오룡
e733d674e-e5e1-1ec3-23a0-8e93bd422329,DONG SIN,,,동신
e73416b1b-bfe9-9af8-3098-12d42c6fd47c,JOYANG,2호,,조양
e74389358-8299-1174-2b5e-9ba96e6665dd,VIKING,,,
e74c8b96f-f67d-1852-c4ba-caada9a8c810,JANG SU,,,장수
e760ab44d-d635-c46e-04b5-f02eb7735fe9,MIN JI,5호,,민지
e77552c1b-baf1-5da3-4e92-b870b17d9fa6,IN SUNG,11호,,인성 | 인승 | 인숭
e77b5390e-eac6-256b-8ac9-229a7527fabf,JANGEUN,,,장은
e77ef8b5d-d1ec-52e3-a762-a3802bfe3552,HYOSUNG,,,효성 | 효승 | 효숭
e7a79010d-dc9f-ea25-cc0f-1f21801c608d,DAE SEONG,,,대성
e7b9cd77c-cee1-47cf-6f71-f74cd7dff743,NARA,,,나라
e7d60aeb8-87ec-6f22-2e22-d79f71090b9b,VOLVO,,,
e80547ff3-376f-e632-0728-09bcc025d105,MOKLYUN,,,목련
e827a2168-8121-e46c-73de-57d622d73b4f,GWANG JIN,,,광진
e8329a39d-d2b3-da36-6712-65ef8c345c7b,E HWA,208호,,이화 | 에화
e85c3e133-36be-7ec8-e973-8f378d5f2d72,HAEJU,,,해주
e85feaebe-e5cd-4913-150c-d159c425ddb1,DAN BI,,,단비
e862fe0c3-34d1-6702-4f0a-68b647693c1f,BO GWANG,,,보광
e8648053b-b0d6-19a3-a651-d47fb4855466,HONG EUN,,35,홍은
e86a5fa07-7a24-55f4-346f-8290a8bdb786,GUMDONG,,,금동
e86db7b33-3766-d615-4a22-be3c83c20704,HAESOEONG,17호,,해성
e86ff97e2-29f1-f984-95c1-d990b82d1649,JAEWON,,12001,재원
e87554783-3300-b573-bbcc-652626d2a152,HYO JIN,,,효진
e88f0f723-3824-47ab-d92b-18cc59c15a80,AZIT,,,
e897145e8-8f5f-5bd8-451f-ad17d796936a,BONG JIN,,,봉진
e89878eae-e01e-8c1f-0be2-6d07332b0b77,ONSEONG,,,온성
e8a3369ae-e00c-f98d-0c83-42d5f566767d,TAECHANG,,,태창
e8a59beae-e7e4-fd4f-cc40-1a407b0784c7,DUKSUNG,,,덕성 | 덕승 | 덕숭
e8b76db69-9ca5-5c45-1b39-9c8b032169c7,SUNG GILL,,,성길 | 승길 | 숭길
e8bf7d99d-d88d-28f0-cd12-79f0b50396e1,EUN JEONG,2호,,은정
e8d5c02c5-5af5-f28d-eecd-f99406c4ba3e,DEOKJIN,202호,,덕진
e8f4b96ff-f369-ab42-e66f-40a0bb0e58ff,WOO RIM,388호,,우림 | 우임
e9165cb82-28c9-4aa5-e53c-7cc8d751f5f2,YEONG UN,,,영운 | 영은
e938913e2-252c-240f-e605-96fbedddbbb4,HAE SEONG,,,해성
e93fbce5a-a78e-8b6b-5d11-befa43ec9602,MYUNGSUNG,,,명성 | 명승 | 명숭
e94021367-7b65-0b4f-f592-fc235c52157c,WOOSUNG,,,우성 | 우승 | 우숭
e9411a33f-f009-0cec-c244-efde365c844d,GEUM CHUUN,,,금춘
e95cc203b-b5d3-4e52-8c19-a61a5ad59318,MYEONGSUNG,,,명성 | 명승 | 명숭
e95d08e0f-f8b7-9151-758b-90b856abd30d,MIN YOUNG,,,민영 | 민용
e95e6089f-ff62-6a38-abb6-76a470d81dc0,SUNG HAE,,,성해 | 승해 | 숭해
e965c2419-90e4-1b70-f52a-f848428f7091,HAERYONG,,,해룡 | 해용
e967de473-31e2-6cd6-9059-373fb40dca44,GANG JIN,,,강진
e96af8efa-a1ff-16c1-576d-c24405130197,HYO CHANG,77호,,효창
e99edd264-4738-5bbb-5304-3362ea01365f,HOHAESU,,,호해수
e9a282ae0-0ff5-7b3f-67d1-1cb0142c253d,JINYANG,,,진양
e9b7ebe7d-d46a-e017-f7d5-8cc03103c094,SUNG JIN,,,성진 | 승진 | 숭진
e9c2cc394-458a-23fa-1058-6d71de74c8fd,HANBANG,,,한방
e9c858365-55a1-4f35-fad0-c1708c4e0ce5,DAESEUNG,207호,,대승 | 대세웅
e9cc670a7-7c05-035b-07c9-56456d9ff04f,DAE PUNG,,,대풍
e9ce82ef5-51d0-5048-0f13-939d5858c8fb,GWANGYEONG,,,광영
e9fa5ef36-653c-cbf6-da1f-3d4497ca2f6e,SAMSUNG,,,삼성 | 삼승 | 삼숭
e9fa8778e-e3e5-c32c-b300-25910a5a1274,IN SUNG,201호,,인성 | 인승 | 인숭
ea007222c-c93c-500c-1ae5-49d3248bc3f9,MA RIN @,,5,마린
ea0ffd16a-ae5d-b8ef-af21-421ba5d2c762,TAE YANG,,,태양
ea12654e2-2dcc-7787-c658-1d6cefdc4421,MYEONG BOK,,,명복
ea22cf9e6-6d24-222d-621f-35a85b031b7a,SUN JIN,,,선진 | 순진
ea2baabee-e0e6-8c03-387f-64d1cdbe201e,SHIN HUNG,,,신흥
ea2bcea99-988d-4272-2fbe-41f6a98ff6f2,GANG YEON,7호,,강연
ea3233bc1-1f02-0179-999d-ade886fb2f1e,HANG BOK,,109,항복 | 행복
ea4afc631-1a99-b675-6be1-6ab98c10ad56,MUJIGAE,,,무지가에
ea4bd978e-ebf2-1b47-e577-e1cfa792268e,EUN SUNG@,,3002,은성 | 은승 | 은숭
ea50adea7-7d26-2a89-8b18-50a267d8c5b9,SANG.YEON.,1호,,상연
ea5335300-07c0-d16d-f69a-8cb5c23c3e51,SEUNG JEON,,,승전 | 세웅전
ea5899ec7-7f93-8f61-bd4e-70c47a75c5ff,NO. KEUM SUNG,,98,금성 | 금승 | 금숭
ea6119bf6-6055-3242-9f10-abed64d95d6f,DAEWANG,,,대왕
ea6e2c352-2f1b-9396-3a8e-95f0aafa6902,SEONG HUN,2호,,성훈
ea8211a90-0262-14e8-f475-1a2e96251f9f,JONG SEONG,,,종성
ea9f9f2b3-3d7c-5ad3-05fd-d89bf8fda1dc,SUN YOUNG HO_,,,선영 | 선용 | 순영
eaa083d7c-c02e-3ef9-d08b-fdcc1090e84c,BUGYUNG,,67,부경
eab340169-98aa-ea0b-bb03-9371393c92d9,KING STAR,2호,,
eac2cc8e4-42cd-e6e9-8b15-3838b2cd2389,POINT,,,
eac325f8a-afd8-8224-4f46-a1fa28ba4f46,NO GU JIN,,1,구진
ead0c5fcb-b279-810e-4ebf-5bb629ad12cb,BU YEON,,,부연
eadbb5c1d-d9a0-f673-d4d2-a07f4827e863,YONGCHUN,319호,,용춘 | 용천
eae28f5ff-f7b5-b5ed-db0f-11ddd8e70db8,GREENFISHING,,,
eae8c5995-58be-2af7-3f7e-1d56c65b6d89,KYUNG BOK,,,경복
eb0f4498a-abb4-b423-c5d0-7954fd46a23d,BAEK,,,백
eb29f869d-d7c3-59f8-c0b8-8d298a9560d2,MAN BOK,1호,,만복
eb2be6c95-5cf2-7763-748b-ea1a843bc4c5,MYUN JIN,,,
eb654f857-78d0-67e1-b553-560bf9ebc1b8,HURRICANE,,,
eb6687418-8ed1-d6bc-1bcf-3f3fde77572b,CHUN JI,,,천지 | 춘지
eb6c02630-01bd-f3c2-225c-7faff74e8ef6,YA,,,야
eb6d3ba80-099a-251e-229d-d60f96f0ed02,DAE YANG,,306,대양
eb7042e0e-e76a-ce60-2708-38ead0210fda,JU YOUNG,,,주영 | 주용
eb71f9ca6-6a51-375c-bb43-c730339c2180,WON JIN,202호,,원진
eb761a6bb-bae0-c8be-906b-55015194c022,SIM CHANG,7호,,심창
eb7ffd39f-f882-37c5-ed04-fb256e081a3a,EUNSUNG,,,은성 | 은승 | 은숭
eb99f85f7-7e44-fa02-c82c-2b115276413d,BLACK PEARL,,601,
ebb3c8aa6-6d32-384a-5e77-cc8e1f20beb2,HYEON IL,,,현일
ebfe9e9d3-31e7-6cb9-cf9a-baa6a1d8c67a,JEWONJIN,2호,,제원진
ec0c00bc2-2271-0d3b-0473-0f04083bfc47,HAN GIL,,,한길
ec12cafb7-7524-0bd3-7b08-2610f9073f4e,CHEONG UN H,,0,
ec46ab91c-c858-70f1-4de8-6b9f86667bb8,SIN JIN,,,신진
ec46d9bb9-9c38-a6e6-8716-ba64d00abe8e,CHEONG SEO,,,청서
ec63dfd23-31c5-d7fa-1c37-22735b8d435d,DUSEONG,,,두성
ec7413a0f-f77e-0754-f81b-04f546402469,JI AN,,,지안
ec7f49192-2c28-a031-c25a-c4172c87602a,DONG JIN,,1,동진
ec8582065-5024-40eb-b38d-eacf48bd7c5a,JIN JU,,,진주
ec9bdb735-593c-d016-c147-63cec5ef49a3,KEUM SEONG,,,금성
eca1af9c8-8b3f-67b8-a46a-8be2879abaf1,OH SEONG,,,오성
ecb95481e-e841-3b6c-75db-97507203bdfe,MIN GUG,,,
ecc74324a-a422-260a-2104-6b81c83e4c86,HYUN JONG,,800,현종
ecd7d77c9-9967-b74b-54a0-734b611c46ff,GRAND WINNER,,2,
ece43c4a8-885c-1216-4b5b-addae17e3108,CHANG DAE,,,창대
ed0fba53b-bc63-58c8-db7c-9553f91191c6,YONGSUNG,,,용성 | 용승 | 용숭
ed15fc558-81f0-a568-bc35-2d670094e7f7,TAEYANG,809호,,태양
ed26812a2-232c-6f42-8bdb-6cd3da7a4fc8,HAE SUNG,,,해성 | 해승 | 해숭
ed2bf9a31-1bfe-6a62-e600-2d97b2ccaf60,YEONG HAE,,,영해
ed44e493c-c30c-75a4-5ed3-27dd32fb758a,HYUNDAI,,22,현대
ed4545387-70a7-4c58-81bf-eb9e46a5549f,SIN SEONG,,,신성
ed4ba542e-e81c-a4cc-29d3-2cab4ed3ba50,YE GEON,,,예건
ed5e96f25-51f8-9093-6de9-0b833faead75,YUSUNG,,2021,유성 | 유승 | 유숭
ed6636069-9737-d6dd-afa9-8a191dc17979,TEST,,2,
ed8e55e11-13de-4581-5622-0dc3c58a4f72,JEONGSUN,,53,정순 | 정선
ed91f4c69-9be5-ec5d-4712-faeb56975fbb,GEUM SEONG,,307,금성
eddf88a5f-fcae-672e-477f-55d7c5d0f068,IN YOUNG HO@,,,인영 | 인용
edec250a6-6ba5-7dc7-58fb-3ffe004d185e,BIG BOS,,,
edf1a7d3d-d91d-c229-35bf-f75b9cb37333,GEON YANG,,2027,건양 | 건향
ee10c10cf-f576-21e7-9aa0-4ea3e5bc14a5,NO. YONG SUN,,507,용선 | 용순 | 영선
ee26ccb2c-c085-d756-7c59-68b86cfe1d06,YEO JOO,,,여주
ee28ac90f-f40c-b1b3-3332-00e157ff2ede,JAESEONG,2호,,재성
ee37b4064-4c5a-ee40-64eb-b257cd407289,GONGJIN,505호,,공진
ee39b17a9-9a04-c312-8255-b058346cd789,JO YANG,,7,조양 | 조향
ee3b1b923-3bde-0b61-ae31-dfdeaae0ebb0,SU SUNG,5호,,수성 | 수승 | 수숭
ee3fd8978-8764-7f5f-753c-5f70b5fdbb1d,GYUNG DONG,,77,경동
ee458021d-dc74-e7e3-ce8e-369a589b45df,BO SEUNG,,,보승 | 보세웅
ee4ddd36b-b4a2-1801-0627-be6fe46881e2,DUK SUNG,,1,덕성 | 덕승 | 덕숭
ee6976b16-6970-8b98-3e38-27444e9d57a9,JIN SEONG,,,진성
eeb133d31-17e9-e361-344c-fc78e58e6785,KEUM SUNG,,,금성 | 금승 | 금숭
eeb9678b4-4c56-4aaf-aff9-5f022444b8a1,KEUMYOUNG,,53,금영
eecef0054-4af4-9ec8-4c85-8c4433d29303,JANG JEON,,,장전
eee1fd00b-bf2d-37b8-b1e4-dcffc48ac78f,GYU HEON,,,규헌
eee66bce3-3a1f-c696-aa5b-60af862fc15d,DAEYANG,,,대양
eee721057-7361-d4f7-7142-bc9bdba03429,DAE JIN,,,대진
eefbe1300-0d7f-21e7-4e73-29e5a8734cda,SONG GANG,,,송강 | 성강
ef00f9bda-ac26-5050-c7e3-8a1c89776934,PPALGANGDUNGDAE,,,
ef02da5d4-48db-aa34-2006-8cf83223b143,JINKYEONG,,,진경
ef0753d32-23c0-071d-6a1d-8666ac2e64f1,BLUE,,,
ef242aece-e794-87c9-3dd9-817c3f2cf611,JANGHYEON,,,장현
ef27aed9b-babb-d3e6-68fe-e4314f37d7c4,WOO IL,,,우일
ef3a47409-94f5-fb72-dd3e-7b36c88fcfc9,GEUM HAE,,101,금해
ef675daff-f37e-647b-0b67-10107568907a,WANG SEONG,12호,,왕성
efba1a19b-bd7e-692d-838b-c447b5954bbb,DAE DEOG,,2011,대덕
efbe7d4a2-2423-a91f-fd32-6ca3c0494471,SU JIN,,,수진
efc3d3a2e-e27b-cda8-bfca-4ca9e4b3ae8d,SEONGGAM,,,성감
efdacf93e-e6fe-b14e-1daa-39378deb817f,YOUNG JIN,,,영진 | 용진
f00156079-912d-76bf-9a0b-03b848d782b6,SUNGYONG,,311,성용 | 승용 | 숭용
f012c81fc-cb7a-9a09-4674-a286f9afd7cd,HAE LIM,,307,해림 | 해임
f02af29aa-aeae-028d-acc1-e63a40e1c5e7,HAN STAR,,,
f0334b5ad-d5b2-9f2d-4a68-f5c31aa9e129,SEH WON,,1,
f03d94319-9800-75db-373e-ce54663ecde1,JEIL,,96,제일
f03e5baf5-57b5-6506-7d9a-63537b0f0b4b,DAE SUNG,27호,,대성 | 대승 | 대숭
f0583632a-a1b8-f612-6f4b-224cbbcd69a0,KEUM YEONG,,,금영
f0683b1d4-4f4a-5e8a-951d-d2b64542cb66,SINCHUN,207호,,신춘 | 신천
f07451b85-5c2d-3fe8-f162-39e4ee199bf2,BUKYEONG,,17,북영 | 부경
f076ddaf4-4db6-2852-c24f-4575a34daba1,NO. HYUNJIN,,3073,현진
f08338dac-c013-8247-e1f6-0a7f008d8c2d,HAESUNG,,33,해성 | 해승 | 해숭
f0ba0820b-be1d-e441-c157-587b13adc94b,JIN PUNG,,,진풍
f0c929b01-1abf-2aeb-fb9c-9f5f372e929d,DONGBAEK,,,동백
f0d2e1835-5082-57db-2e4b-c338f6541b78,SYA KEU,,,
f0d93d95b-bfd0-417b-3ec1-a5c04426a4be,DEOK SEONG,,,덕성
f0f362d13-33c3-80fa-7e8c-44987dd5efda,GYEONGWON,7호,,경원
f0f508aac-ce57-8273-547e-ee6ab397ac3b,DAE YANG,207호,,대양
f0fb81435-5ea8-95d2-9564-6d5e83ad75e0,GIL SUNG,,,길성 | 길승 | 길숭
f108ad850-009c-26bf-0c09-12f9d85fc37d,KOO BONG,,,
f115c9597-75da-8933-6313-e410038e9c7d,BIKINI,,,
f11d8d072-2890-8727-cb39-e0769d4db7d4,NAMSUNG,707호,,남성 | 남승 | 남숭
f135f96f8-8373-210d-2d2b-e83f0621cafd,TEAM BAIT@,,,
f13d0c32d-d82d-601f-b7d6-eac7e40fa391,HAE SEUNG,,603,해승 | 해세웅
f144f100b-b2a5-0853-450a-5ec69ec01665,SUNJIN,,1,선진 | 순진
f14fffa87-7ad2-e9c2-91ee-172b24b60e04,HAE YONG,,,해용 | 해영
f1500ebd0-08f5-ea44-c2e4-1a293c4a5683,AQUA,,,
f15b8c80f-fa58-e47a-68d2-8fd409477a2e,MIN SUNG,,201,민성 | 민승 | 민숭
f17a86a6a-ac55-cb66-00b1-286acab346fc,YONG JEONG,,,용정 | 영정
f181de100-0ec1-486b-3218-b312f56c511f,JIN HEUNG,,,진흥
f19c1f7aa-a506-8b41-437b-d5af6934a818,GEUM YOUNG,,703,금영 | 금용
f19d25ef4-40ae-a604-df1f-a41258177206,CHANG SIN,,,창신
f1a28bde6-6e7c-275a-86de-4dc30b745865,GEUM JEONG,,,금정
f1a6a4dbf-f26b-ab74-51a3-1f4c891e6fe6,MYOUNGCHEON,,315,명천
f1ad84648-83cd-cf4b-8aa8-78987231087d,DONG MYEONG,,76,동명
f1b4c52cd-dfb4-24e8-f779-e543ebd0d70d,YOO JEONG,,109,유정
f1bc20041-1f60-1b3d-4b2a-e371a71447a4,DA HYUN,,,다현 | 대현
f1c3dd025-5ee4-e68d-d959-0d3f77103041,NEW GREEN,,,
f1cb889d0-0896-ace4-64cc-b94bd872d578,SOO BOK,2호,,수복
f1e58695b-b2e5-5dcf-170a-4d679bb540de,CHEONG UN,3호,,청운 | 청은
f1ec97069-9d7e-a2fe-e3c7-3170b4a57862,CHANG SEONG,2호,,창성
f20d845ed-d9b5-a847-8718-f3194a4378c7,SEONG IL,,,성일
f23d1a976-68f7-db5b-1dca-ac898d765523,YEONCHANG,,112,연창
f259423be-e3ff-07bd-f875-a672d2673165,MAN SEON,,,만선
f25a851bc-c78b-5479-e247-453682b7abc5,HAE WOON,710호,,해운
f28f2f5ac-c059-ea23-d623-35989f6128e4,MANJEONG,,,만정
f298bb596-68e8-76e2-dc79-c5444bd6f09e,TAE YANG,,,태양
f2a966e7d-de15-e38b-805d-00178ff62e8d,CHEON UN,2025호,,천운 | 천은
f2b55a3d0-003c-ebd9-b33a-3f75ce53ea8f,YEON JIN,,,연진
f2b908bb7-7d74-0dbb-f7f6-aff00fddcc78,MAE IL,,105,
f2c329f75-51b1-d277-55fe-11d9952b59dd,HWANG GEUM,,,황금
f2ced0ea1-16c1-2264-836a-5e99d32312dd,PILOT YEONG DO,,,
f2dcaf0c5-5935-7c39-0590-a12529a26f1d,HYEON DAE,,,현대
f2e60877a-a97c-6e0b-ea30-5a584fc19fca,JEONJIN,,,전진
f2fa95650-0a0f-c756-f4a5-80425c2c1cd3,GALRILLY,,,갈릴리
f308871ec-cb39-6469-5190-7aba0d32f0bf,SEON JIN,,,선진
f330feb5b-bfee-9aa1-dbee-b379846d9c20,DAE KWANG,,,대광
f335fc2fe-ee7b-5c67-cec8-880a8a6aced6,HAE MYUNG,,,해명
f36ed1d38-8ef0-4fd2-ded5-08b8c0a2069e,CITY MAN,,,
f39575946-6846-a367-a2f5-7615679a36f8,YEONG YANG,,,영양 | 영향
f39ea93e3-3b76-3a25-38e2-67fa1847f284,MYUNG SEONG HO@,,,명성
f3e985c83-34e3-5542-b586-024f3179c42c,HEE YOUNG,35호,,희영 | 희용
f3f04a8df-fc74-e64e-47d2-51c1b31d7a87,MY MAY@,,,
f3fb4812b-b5d3-52e0-0352-056759e7ad16,DAESEONG,,202,대성
f404f4016-61cc-c176-c3bc-562bac862aab,KYUNG IL,,,경일
f41047f03-3287-3bc9-9868-9c7b0e487455,SIN SE GYE,1호,,신세계
f410c91ae-e3f7-d706-207a-432b17359dea,JUNJIN,,,준진
f41faba38-8340-4c5d-ee03-9a7c2a9bd345,YOUSIN,,,유신
f42c4cdf0-0ee2-6429-8f65-fe7f33f1b456,PYEONG JIN,,101,평진
f43040992-2dd1-70fd-2a6c-f381db95435e,CHUNGMOO NO.,,1,충모오 | 청모오
f43381600-0fa0-4f43-16c3-943c93016e8f,JINYOUNG,,,진영 | 진용
f43d2f716-63c4-0338-b288-ecf037461005,HAERIM,,307,해림 | 해임
f44530d17-7c95-f53f-b695-6567cc108466,DAE DONG,,,대동
f44bc483b-b9a4-6a1a-081c-07df60e89549,JE DAE YANG,739호,,제대양 | 제대향
f44e527de-e2f0-c916-9618-4c88a45d81f7,MAN SUNG,2022호,,만성 | 만승 | 만숭
f45f66574-41dd-0dd3-f641-0591b7e6b9ee,CHEON NEUNG,,,천네웅
f46906b8b-b4d6-cb24-d1d4-e0615064add5,NAM YEONG,,,남영
f4690ab46-6561-a1f4-a3a2-11ec8e9d86f9,MAN GEUM,,5,만금
f4784fbb9-9fce-2f39-9f56-ecfc8d17fd69,YU SEONG,,,유성
f47fa2720-05ff-e11d-677e-9adec438f1ae,KWANG LIM,,3,광림 | 광임
f48500e0d-d6a9-9fce-25f8-620d1e9b1801,SUE FEO SE TA,,,
f486e8b05-51e1-6ab4-ea9b-75cfbeda86c2,TAE YEONG,,27,태영
f489ddf6c-c4c8-76b5-017d-1e97f1acd175,NA IL,,1,나일
f49841bc4-41be-2eeb-7caa-1a233bfa6d8d,TAEYANG,,1004,태양
f4b863602-2d1f-9b00-fff6-7dd098e524d1,JE SEONGJIN,102호,,제성진
f4ba57a37-7cbf-7357-b5bd-e96be049a258,CHUNG PA,,,충파 | 청파
f4cffaa18-8490-fd6e-bbe6-5a58033c0216,BONG YOUNG,,,봉영 | 봉용
f4e8062d0-0f2e-ee01-dbfb-a6965b89122b,JAE WOOSEONG,31호,,재우성
f4ef43876-6373-f000-37f6-004726a68011,HAN JIN,,2020,한진
f4f7bccf5-5173-4801-d215-e6e749446a40,SU A,,,수아 | 수에이
f507faa9e-ef7f-327e-cb8a-373553b16ec9,WORLD,,,
f51715313-3d90-fffd-7921-c809f72b0c0d,DAEBOG,,,대복
f51941659-9a81-9464-43df-59f340ccf128,PYUNGKANG,,,
f52d82871-1179-4f15-4af3-2391eb323941,KWANG SUNG,1호,,광성 | 광승 | 광숭
f52dddec3-3934-b8a9-7ade-f16d9d27c043,JEJEJU,2호,,제제주
f53ee8e77-7e43-be3c-297b-4310f90a68c0,YEONG DEUG,,,영득
f54282e26-6181-94da-41fb-c066665a4722,MIN SEONG,,,민성
f55249d69-9940-b9d9-4043-b46b8b999a4a,CHANG YUNG,,209,창영 | 창용
f55737c3e-ef44-be86-945b-f7f40552ac1e,HAN CHANG,,307,한창
f5621126f-f7bf-4579-c667-b1c2dc08a070,SEONG JI,,,성지
f562ef245-599c-cb07-927f-ca39f42dce81,DEOK JIN HO AI,,703,
f5764c03b-b3de-1997-419b-149b90f2b9b0,ILKWANG,800호,,일광
f59a346cf-f139-d9f9-c4f5-eeebcf4a9e24,SHIN WOOJU PI SING,,,
f59c42c98-805f-96d5-fa83-1a46cf899367,CHUNG MU,,3,충무 | 청무
f59d233a5-58c2-6658-cb3b-e0a97e50ccba,MI RAE,38호,,미래 | 미레
f5abff109-90c1-992b-3c9f-89d76fbf5518,JEBIHO@ HB@ HB@ HB@,,,
f5b70ee59-9646-2711-81e2-0812aab94f6a,SUJUNG,,,수중 | 수정
f5cb785b1-1329-043b-b45b-dea27a7530a6,YEO REUM HO@,,,여름
f5d8ae0bd-d76a-af6e-9747-f3c529281ed6,DONG MYEONG,,65,동명
f5df624dc-c59a-7613-4f19-ef4808d73ba8,GOGANG,,,고강
f5fd3a07f-f2ff-1ce8-0b56-a57cb5575351,RYUNG SIN,,,
f603b268c-c9e5-ffb7-668e-82e6f8c37094,POONGSUNG,,7,풍성 | 풍승 | 풍숭
f62e12e19-9b0c-0cae-7768-1ec2b0e2c57c,TAE GWANG,,308,태광
f63882822-27cb-87b4-d819-9f15bbceaafd,CHEONG HAE,,107,청해
f6413790b-b9c9-803b-d148-ca7551d54040,DAEWON,,,대원
f6449fddc-c4e7-c5ba-46ff-2952e57e6acf,SU SEONG,,101,수성
f64a8f917-707e-8f15-0201-685343efe458,DAE GIL,,,대길
f64abb598-8d69-aa2a-f749-a23758de48b2,YOUNG PUNG,,2018,영풍 | 용풍
f652a47fe-eab5-b255-1e2d-e2e84779e3d8,WONMYUNG,,,원명
f6601b4c9-9eb3-cfea-93d2-af4cf15d6cac,DAE HAE,,,대해
f66182cac-c9a2-13ef-e4a9-fa4e90d3f7f8,JONG SUNG,,,종성 | 종승 | 종숭
f66317a79-941e-c743-af49-92bb58d47975,HAE DEUK,,,해득
f68335e29-9e4f-8b13-0364-7a427e861352,FANTASY@,,,
f68da6ec1-11f6-399c-29e6-ed3493305b1c,CHEONGYONG,,,청용
f69bb94cd-d871-cc4e-23fc-ac1eb82f7254,HAE GEUM,,201,해금
f6a683e98-8dab-46e6-baaf-cae8c34b6f6d,YONGSIN,,,용신
f6c21a240-01dc-6a4f-5a8e-858e34d00150,EO BOK,,,어복
f6e0c09fe-e750-1a0d-f475-662b9f7e8a43,JINKWANG,3호,,진광
f6e5846df-f695-44fc-7ae1-a75a5ce92b92,MYUNGSUNG,,3,명성 | 명승 | 명숭
f6ef28472-2197-7c7e-e808-ed88e5adef06,SINSEONG,,,신성
f6f7a0dbd-d20c-b653-7dcc-6687d5425e5e,POSEIDON@,,,
f6fabdb7d-dcac-22f7-e166-476f0664f745,JINYEONG,,108,진영
f71fd264f-f9b6-e427-6b29-8aa74858c339,SUNNY,,2,
f721f8c3e-e583-8a1d-3726-891a9ed8b2c1,JJANGGU,,,짱구
f72ddd18b-b015-d4b0-fb00-677ea6ec486c,JIN YANG,307호,,진양
f73e1adcd-d6d1-74a1-0215-75062aa2304c,SEODAM,,5,서담
f73e825a4-4e7a-13dc-4dd3-e9e9889c408c,MUGUNGHWA,,,무궁화
f750918fd-d156-2a3c-343d-805b30cc7f1f,CHILO KONPASU,,,
f76951d88-8c86-53c4-7b86-b4df2c36732b,DAE DONG,5호,,대동
f770470e9-9af0-b4bb-3638-6bdd2a404ce3,HAE WON,,,해원
f78370463-38be-dde9-c7bd-c1abbabdff7a,KEON YEONG,,2,
f789a0811-1594-de02-4a4e-006a8bdc8195,JANG AN,,,장안
f7969a815-59a9-7fd0-5ada-4c764683386a,YOUNG SEON,,,영선 | 용선
f7a719863-3d61-1562-c8a0-f34c9fd5d122,MS ZINNIA,,,
f7c6ae3d4-4511-b542-dde8-1bff18a457ee,YEONGPUNG,,2021,영풍
f7c739b3b-b5cb-6a88-24dd-1dcbe4076717,YU SUNG,,,유성 | 유승 | 유숭
f7d7abe32-2c1a-1a31-77e6-4edd7cab6c8b,SINYANG,,5,신양
f7d9763b2-255d-c3fb-6347-f689824b63f5,SU DUCK,,,수덕
f7dddfbed-da98-e76d-08f9-d20be698a2cc,ACE,,,
f7e16a6cb-b824-f3b2-f030-d30f992a925b,BAEK EOK,,,
f7e8383b0-0a9b-7898-c777-106fde2ab91f,BEST,,,
f7ea14a3e-e7e9-3940-8625-98ea27da6eed,YUSEONG,,,유성
f7ebc6320-087c-324f-6cc3-ad2b4dc60e67,NAMYANG,,202,남양
f7fd51239-9df3-986d-c817-87b1c3b57f32,DAE YANG,637호,,대양
f800760cf-fec4-794d-5a55-229fec1fcc86,BOK SUNG,,5,복성 | 복승 | 복숭
f803329f6-6293-8871-258b-b6874d6d3681,NAPLES,,,
f844421a0-09dd-677e-65a2-79ec21baaeab,GEUM SUNG,3호,,금성 | 금승 | 금숭
f8589fea1-1e23-3a8b-680b-9eeb1efda855,HAISUNG,,,해성 | 하이성 | 하이승
f884dc034-47a3-78b1-d263-bd180c483a22,YANGCHEON,,,양천
f88521bb9-9f58-6016-a87c-b1c707199668,DAEYEON,,807,대연
f88d74131-14a5-6855-f02c-cfd6a5f56858,HAE GEUM,16호,,해금
f899c2ad1-1543-1518-c1eb-3098d9bf58cb,DONGKWANG,2017호,,동광
f8a5849a5-5fec-6fc3-fab0-be20f2c99e36,JESAMSUNG,15호,,제삼성 | 제삼승 | 제삼숭
f8dcaaa67-7bd8-1c9b-d925-1a163e668189,JUNGSU,,,중수 | 정수
f8eb8c114-4307-f2de-ab46-30b7855ca5ed,GOLD VENUS,,,
f8f18d000-006d-f445-612f-572aac52b2bb,HAE JO,,,해조
f8fff220f-f663-d3ec-d19a-a708488cf1ce,BOK YOUNG,,,복영 | 복용
f90862b9f-f8e7-0723-a04b-2010e39bddb8,KIL YUNG,,,길영 | 길용
f90ce0961-1128-de2f-0dee-76f7528d8d99,DAE SUNG,,,대성 | 대승 | 대숭
f912f7096-614f-1cb7-0aaf-50e5b0b9b773,VENICE,,,
f9164b73e-ee2b-c929-ae0e-b2648a38b9aa,HAE SEONG,,,해성
f9220b032-2748-9c20-4fa5-37c601b2b221,CHEONG MA,,,청마
f928d7cc8-80f9-ea75-ef9f-82cf42ecc97a,GEUM SEONG,,,금성
f92f80539-96f8-6e20-a254-ae234fb77720,I REH,640호,,
f938b0859-9709-2152-8fc5-eb30901e984a,JEONGSUN,,71,정순 | 정선
f940cc10e-e198-96bb-3afb-cedd422a076a,PU LEUM,,108,
f9589902c-cda1-ed1a-1dd9-96db2bc44189,GYUNG NAM,,105,경남
f962739b0-0443-21b3-6030-1fe3cbfabdbc,HANIL,,707,한일
f9679c8f4-43a0-76b6-4cfb-e4d6ad190a0b,JAICO,,57,
f98b969e1-1222-964f-7d4f-a0577580642e,MYEONGSEONG,,,명성
f9aa4cde6-66d6-aec9-251e-ef2c1d1dc063,EUN HA,,,은하
f9ab630ad-d740-2953-25b1-d12b88cf73ea,JANG SIN,3호,,장신
f9ae350a5-5edf-4d7e-bb2e-b705e7a1803c,YONG JIN,,,용진
f9b553404-49ae-f50f-c79c-f7996928f2a6,HAI YANGI,,,
f9c16e146-6bcc-e4bd-ef32-a68abe6de071,CHUNKUM,,,춘금 | 천금
f9fbd11c6-676d-5e94-2156-f3ce55a32e70,SE JHN,,,
fa03a04c8-82b0-6d2c-9b4e-6330a0b0dc6c,SILVEOSTA,,,
fa08ea7c7-7a9b-45b8-b0e5-b6b2468c1e58,DONG HYEON,,,동현
fa2cc498f-f8c8-f8fc-ee5e-2c76854ccfca,HUIMANG,,,희망
fa307ec97-7151-78bf-9bfb-0ac6dfecb610,HAE YOUNG,,995,해영 | 해용
fa61663d9-930d-fbb0-c0eb-59f8d80f67e0,NO DAE WON,,3,대원
fa6511a1c-c66f-4557-84da-7a10d8c2655e,DAE BOK,,2012,대복
fa652fe82-238e-002b-f262-176ef82de575,NAMYOUNG,1호,,남영 | 남용 | 나명
fa65754a0-064e-2ef4-0d16-e58108cfd10c,YOUNG JIN,,707,영진 | 용진
fa7b1164c-cd0c-7f1a-d5bb-dc96f80777f6,CHUNG HAE,,2,충해 | 청해
fa9b40191-1d93-77da-0600-1583206858ca,SUNGWON,,,성원 | 승원 | 숭원
faa8b28ff-f725-e7e7-e276-dbe12f7914d4,SEONG JIN,,,성진
fab7bb3c3-35ee-1368-1dc7-3218fa9208a4,KYUNG JIN,,,경진
facc97828-85e3-6dfd-ac01-ca39eebb6d29,GOLDEN SEA,5호,,
fad859d54-4cd3-9efc-de43-1e97f0b92f59,TETRA,,,
fae9e6cd5-5ca7-670f-3f77-5e77c5ffaa58,CHEON SA,36호,,천사
faf3f2684-4991-b179-91f8-45ddbecaebb1,KANG PRO,,,
faf674dd3-3b72-c137-396f-1a33e01827f5,GEUMSEONG,,2,금성
fafaacf94-40d0-28af-2471-af02538537b5,TAE SEONG,5호,,태성
fafbf6987-7891-0878-0d22-300dc26fa6b2,JEHONGBI,2호,,제홍비
fb01125fe-e713-6d77-ed4e-7dea52de5fce,DAE YANG,,13,대양
fb13f0f05-5323-0c5b-4a82-5ccefa749eb5,NEW MYOUNG SEONG,,,
fb1e89780-005c-7dc2-c09d-395a760a4b13,KEUM HO,,,금
fb2a85095-5d7f-0217-df07-4579bd5a6a2e,BU MIN,205호,,부민
fb2f53a67-75a7-18e8-cedb-64f3c9fff1e8,SEONGPUNG,5호,,성풍
fb3b68783-3d76-9d71-4ccc-a4a024a70ae8,MYEONG SIN,205호,,명신
fb5894d2e-e50a-9baf-4751-7a5861c558a7,TAEYANG,309호,,태양
fb9ba1db2-23d3-761f-8fd3-b8bbc0e2b138,CHUNGMYUNG,,,충명 | 청명
fba09bd53-3649-1da6-9fe0-bce788bd90a2,UJIN,7호,,우진
fbbb8c927-7a6b-5d5a-e856-be1b65da18b2,SEUNG JIN,,307,승진 | 세웅진
fbc93d126-6852-a2ef-e8d6-94dd92f4e50e,NAM YEONG,,,남영
fbe1e5238-8d9d-6fd0-1a0a-d2119a6b7c84,ILLAND,,,
fbf33a92e-e544-31f6-006b-02da7d74fe6b,SEON GAM,,,선감
fbf45585e-e7c9-0650-5ed1-142064384e59,JIN POONG,,388,진풍
fbfcebc79-9598-6ccd-0f2c-9056a2a1606b,BU LIM,,,부림 | 부임
fc1cbcc48-87c0-568c-6202-3e9a5a12bdd0,ODYSSEY,,,
fc227bf3d-da2e-087c-f587-f18b04aed7e8,BLACK,,,
fc3117702-2834-23bf-2b3e-13c637eddf9a,YEONG DEOG,,,영덕
fc441edb5-5ed2-3cea-d580-838d901c5482,MANGU.,,78,만구 | 망우
fc46ddb7a-a3e4-a077-7920-c8aea3dd2d0a,SOO HWAN,,,수환
fc4a5b69b-b485-dec7-0db9-b18cbd6b88cb,BUCHANG,307호,,부창
fc52492f9-9db6-4f17-6c5b-9c44a55213f6,MIN SEUNG,,,민승 | 민세웅
fc5a64dae-e7f2-a30a-bd56-59c4e28ed9e0,DEOKJIN,,68,덕진
fc5b90d34-4fee-e081-3418-64789c6781df,TAE HYEONG,,,태형
fc5c47745-5084-4f66-64f8-447e35b06e5f,MA RIN @,,7,마린
fc5c86641-1916-c291-1882-d5e18b7920a3,THE KING,,,
fc74c9e12-2cae-6f96-a26e-29b088af7b2e,YEONG IL,606호,,영일
fc9d6d9e0-05a3-769a-a097-b58c58ae632c,SAM YANG,,302,삼양
fcab29d7b-b0af-1b7c-1819-46dfe0353971,KAEBTIN IPEU LO,,,
fcc0fa933-3f7e-fa82-dab0-0422217a7ef7,SISILRI,,,
fcc88b8d2-2f87-edc2-a405-7cef4a5d3fa0,KANG NAM,,,강남
fccd4c768-81ab-10ba-2d08-aa67e798e206,HO CHANG_,,500,호창
fce546d80-0629-a6d1-e2c0-1ddb4978eee5,JJANG FISHING,,,
fcf037dce-eb02-36f6-e7c7-a1769558c900,BU JA,,,부자
fcf2e9efb-b306-1252-0565-ef9c15320e9e,KWANGPYUNG,,106,
fcf884d79-9c1a-1eee-9b6e-f22bf0d35938,HWA YOUNG,,385,화영 | 화용
fcf93b18a-a590-dfc6-d723-9d7f559498a2,ROYALBRIDGE,,2,
fd067080b-b235-a0bd-63d8-398ee57e1a81,DAE YANG,,,대양
fd10721b6-64b7-fa96-1055-8db8df278119,SAM YANG,,3,삼양
fd112ddee-e56a-e08d-a355-5708900db54d,SAM YEONG,,,삼영
fd139b8ca-a257-c923-4333-ce990b0f496b,HAERYONG,,,해룡 | 해용
fd15a9d94-4a8c-04ca-34d3-e0f7626a9c85,FISHING POWER,,,
fd1c67aaf-fa1d-013a-d9d6-e95cbe4ee6df,DONG YEONG,,,동영
fd3e0caba-aafe-5ef9-85f2-0d96ee1c1897,GEUM SEONG,,,금성
fd48cc548-809a-6f79-8d88-63a18e9d4987,HAE SEONG,,11,해성
fd512bc7e-e0c3-8f27-03f4-8b10169d521f,CHANGNAM,,503,창남
fd61adefd-def5-8b7d-5c04-a5860fa5ed14,ARIRANG,,1,아리랑
fd71e238c-c5d1-3963-b69a-3745e4af73f9,GEOJEBADA,,,거제바다
fd79798c2-2fc2-7a59-a39a-7fd11358eb9b,BU SEONG,,,부성
fd7cc6be6-6ac1-45b3-8cff-6e83bcc344d6,JAE DAE GWANG,1호,,재대광
fd800cdbd-dfad-1e49-5b21-15dff1ac20b4,DOK LO,2호,,독로
fd98f515f-f95b-cef7-c7a5-f5136f43f1ef,PUNG SAN,,,풍산
fdda813e8-881c-5bf4-df96-6133877280ab,GAL MAE GI,,3,
fde19c127-7e9f-f33c-4235-d0234c1dd65f,EIWON,,,에이원
fdf9dd6df-f5be-e8a7-08e6-da67218ba8ac,BU HUNG,,,부흥
fe0992001-13de-865d-7342-bd2956f63ce7,JE JANG WON,203호,,제장원
fe1f32591-1182-6af5-aa9f-85917f486fa0,JE IL,,,제일
fe4090c41-1ef7-40f4-85bf-575b9086c109,MYEONG GWANG,,2,명광
fe6456c66-6162-a797-85c3-d000c8557dcf,BAEK KEUM,,,백금
fe6857758-8ae7-9f96-d920-34d940392938,SOO JEONG,2호,,수정
fe6fda7ae-eae6-82f6-e5a6-07fc00ab8a11,PYEONG HWA,,,평화
fe74859fa-a727-6971-488b-226dc93a7adc,SEOCHANG,,,서창
fe763801f-fa09-b701-099e-726fc9c692e8,JEJOYANG,8호,,제조양
fe8c745ed-d1bc-8ef3-8edf-b97c22d2771e,SOONCHANG,,,소온창
fea780f48-82f4-6217-e41e-1cc867e9b246,JANG SUNG-,,,장성 | 장승 | 장숭
fea7fdd1d-d931-c078-f422-77497e081b2f,YOUNG JIN,,,영진 | 용진
fea8a5a10-0b9b-802e-470d-31082605e47c,JE SEONG JIN,,586,제성진
feacf3b55-5443-dd30-6c7b-bc32d2073a17,BOKYEON@@@@@@@@@@@B(,,,
feff0aa34-41ce-589c-3956-d1d963a32a19,SIN SUNG,,2003,신성 | 신승 | 신숭
ff1112e59-9815-7167-a70c-fbb30e6114a2,SE IL,,,세일
ff130a6c1-150d-1841-0614-7e6bd34b8386,DONG KYEONG HO@,,2,동경
ff310c8a4-43d1-fb65-460d-64b117e76a9d,HAE SEONG,,,해성
ff35e6870-077c-4c6f-e66d-9ac7e138422b,CHANG YEON,,,창연
ff4f50d51-10a6-e192-7b32-0f25407bafe1,-YOOJIN,,2020,유진
ff5a40557-7dbe-3d41-e0fc-06196ec62e50,SOOWHAN,2015호,,
ff5cfd179-912b-6e16-9063-16b330df4da6,ASUN,,,아선
ff66bc1ff-f018-8641-f4d3-cebbef6eaaf5,DONG KWANG,,,동광
ff6740b3c-c0d4-5186-4bcf-4f184d97f8a7,TAELIM,808호,,태림 | 태임
ff779a479-95fb-b162-5d75-67b558693edd,BLUEMOON@,,,
ffaa8b15d-d25c-42b2-ac3d-dc6cdeaf85ed,WON JIN,,,원진
ffb07d4b1-14fe-dde8-0159-ae94f837df47,YONG HWA,,,용화 | 영화
ffb14da9f-f1e9-a298-9dec-824c4eb1a914,SEONG CHANG,,,성창
ffd7e4cd7-7eae-f87f-6d4c-53a7728c4c4b,FISHING FAMILY,,,
ffd9293f5-5ba0-74fd-b9ea-0c61bf483f14,DEU RIM,,,드림 | 드임
ffeabcb89-94ee-b574-542c-601f1faa036c,DAE JEONG,,,대정
fffc7b928-8fb5-1378-3ef4-8b5acb200b55,ODAE,,,오대
