통계 년도,통계 코드,컬럼 명,컬럼 영문명,전체 척 수,전체 톤수,전체 마력,동력 척 수,동력 톤수,동력 마력,무동력 척 수,무동력 톤수,최초 생성 시점,최종 변경 시점
2020,2100,  - 근  해   채  낚  기   어  업,Off-Shore Angling,404,14849.3,265219,404,14849.3,265219,0,0,2022-01-24,2022-01-24
2020,0,총                          계,Total,65744,547643.38,16373113,64987,546614.69,16373113,757,1028.69,2022-01-24,2022-01-24
2020,1000,원       양        어       업,Distant Waters Angling,199,132977.29,363872,199,132977.29,363872,0,0,2022-01-24,2022-01-24
2020,1010,  - 원   양   연   승    어   업,Long Line,120,50896,141800,120,50896,141800,0,0,2022-01-24,2022-01-24
2020,1020,  - 원   양   트   롤    어   업,Otter Trawl,14,26298.26,44072,14,26298.26,44072,0,0,2022-01-24,2022-01-24
2020,1030,  - 원   양   선   망    어   업,Distant Waters Purse Seines,29,39604.83,120350,29,39604.83,120350,0,0,2022-01-24,2022-01-24
2020,1040,  - 원  양  유  자  망   어   업,Distant Waters Floating Gill Net,0,0,0,0,0,0,0,0,2022-01-24,2022-01-24
2020,1050,  - 원  양  봉  수  망   어   업,Distant Waters Stick-held Dip Net,5,2643,8800,5,2643,8800,0,0,2022-01-24,2022-01-24
2020,1060,  - 원  양  채  낚  기   어   업,Distant Waters Angling,30,13475.2,48370,30,13475.2,48370,0,0,2022-01-24,2022-01-24
2020,1070,  - 원   양   통   발    어   업,Distant Waters Trap,1,60,480,1,60,480,0,0,2022-01-24,2022-01-24
2020,1990,  - 기   타   원   양    어   업,Others,0,0,0,0,0,0,0,0,2022-01-24,2022-01-24
2020,2000,근       해         어      업,Off-Shore Fisheries,2613,122618.48,1978895,2613,122618.48,1978895,0,0,2022-01-24,2022-01-24
2020,2010,  - 대형기선 저인망 어업(외끌이),Trawl Large(One Boat),44,2794.72,34745,44,2794.72,34745,0,0,2022-01-24,2022-01-24
2020,2020,  - 대형기선 저인망 어업(쌍끌이),Trawl Large(Two Boat),74,8597,102288,74,8597,102288,0,0,2022-01-24,2022-01-24
2020,2030,  - 동해구 기 선 저 인 망  어 업,Eastern Sea Danish Seine,32,1319.19,14270,32,1319.19,14270,0,0,2022-01-24,2022-01-24
2020,2040,  - 중형기선 저인망 어업(외끌이),Trawl Medium(One Boat),40,2214.01,19027,40,2214.01,19027,0,0,2022-01-24,2022-01-24
2020,2050,  - 중형기선 저인망 어업(쌍끌이),Trawl Medium(Two Boat),16,904,8553,16,904,8553,0,0,2022-01-24,2022-01-24
2020,2060,  - 대   형   트   롤    어   업,Large Otter Trawl,53,7150,81798,53,7150,81798,0,0,2022-01-24,2022-01-24
2020,2070,  - 동  해  구  트  롤   어   업,Eastern Sea Trawl,37,2006,45799,37,2006,45799,0,0,2022-01-24,2022-01-24
2020,2080,  - 대   형   선   망    어   업,Large Powered Purse Seines,111,19509,160220,111,19509,160220,0,0,2022-01-24,2022-01-24
2020,2090,  - 소   형   선   망    어   업,Small Powered Purse Seines,81,1157.12,50085,81,1157.12,50085,0,0,2022-01-24,2022-01-24
2019,2040,  - 중형기선 저인망 어업(외끌이),Trawl Medium(One Boat),48,2604.01,21757,48,2604.01,21757,0,0,2020-11-19,2020-11-19
2019,2050,  - 중형기선 저인망 어업(쌍끌이),Trawl Medium(Two Boat),13,717.77,5081,13,717.77,5081,0,0,2020-11-19,2020-11-19
2019,2060,  - 대   형   트   롤    어   업,Large Otter Trawl,52,7011,79147,52,7011,79147,0,0,2020-11-19,2020-11-19
2019,2070,  - 동  해  구  트  롤   어   업,Eastern Sea Trawl,38,2065,46759,38,2065,46759,0,0,2020-11-19,2020-11-19
2019,2080,  - 대   형   선   망    어   업,Large Powered Purse Seines,151,25161.25,212148,151,25161.25,212148,0,0,2020-11-19,2020-11-19
2019,2090,  - 소   형   선   망    어   업,Small Powered Purse Seines,90,1264.84,56239,90,1264.84,56239,0,0,2020-11-19,2020-11-19
2019,2100,  - 근  해   채  낚  기   어  업,Off-Shore Angling,443,16358.94,284655,443,16358.94,284655,0,0,2020-11-19,2020-11-19
2019,2110,  - 기  선   권  현  망   어  업,Anchovy Drag Net,363,18082,197384,363,18082,197384,0,0,2020-11-19,2020-11-19
2019,2120,  - 근  해   유  자  망   어  업,Off-Shore Gill Net,419,12853.79,298615,419,12853.79,298615,0,0,2020-11-19,2020-11-19
2019,2130,  - 근  해   안  강  망   어  업,Off-Shore Stow Net,210,10519.46,183059,210,10519.46,183059,0,0,2020-11-19,2020-11-19
2019,2140,  - 근  해   봉  수  망   어  업,Off-Shore Stick-held Dip Net,3,29.32,1142,3,29.32,1142,0,0,2020-11-19,2020-11-19
2019,2150,  - 잠    수    기      어    업,Diving,220,1208.79,116380,220,1208.79,116380,0,0,2020-11-19,2020-11-19
2019,2030,  - 동해구 기 선 저 인 망  어 업,Eastern Sea Danish Seine,39,1683.19,17796,39,1683.19,17796,0,0,2020-11-19,2020-11-19
2019,2020,  - 대형기선 저인망 어업(쌍끌이),Trawl Large(Two Boat),72,8471,99894,72,8471,99894,0,0,2020-11-19,2020-11-19
2019,2010,  - 대형기선 저인망 어업(외끌이),Trawl Large(One Boat),46,2903.72,34429,46,2903.72,34429,0,0,2020-11-19,2020-11-19
2019,2000,근       해         어      업,Off-Shore Fisheries,2677,129859.73,2007684,2677,129859.73,2007684,0,0,2020-11-19,2020-11-19
2019,1990,  - 기   타   원   양    어   업,Others,0,0,0,0,0,0,0,0,2020-11-19,2020-11-19
2019,1070,  - 원   양   통   발    어   업,Distant Waters Trap,1,60,480,1,60,480,0,0,2020-11-19,2020-11-19
2019,1060,  - 원  양  채  낚  기   어   업,Distant Waters Angling,29,13205.41,44570,29,13205.41,44570,0,0,2020-11-19,2020-11-19
2019,1050,  - 원  양  봉  수  망   어   업,Distant Waters Stick-held Dip Net,6,3076.5,10150,6,3076.5,10150,0,0,2020-11-19,2020-11-19
2019,1040,  - 원  양  유  자  망   어   업,Distant Waters Floating Gill Net,0,0,0,0,0,0,0,0,2020-11-19,2020-11-19
2019,1030,  - 원   양   선   망    어   업,Distant Waters Purse Seines,31,38757.83,123544,31,38757.83,123544,0,0,2020-11-19,2020-11-19
2019,1020,  - 원   양   트   롤    어   업,Otter Trawl,19,28178.53,54147,19,28178.53,54147,0,0,2020-11-19,2020-11-19
2019,1010,  - 원   양   연   승    어   업,Long Line,125,56330,155140,125,56330,155140,0,0,2020-11-19,2020-11-19
2019,1000,원       양        어       업,Distant Waters Angling,211,139608.27,388031,211,139608.27,388031,0,0,2020-11-19,2020-11-19
2019,0,총                          계,Total,65835,557340.94,16140657,65050,556201.72,16140657,785,1139.22,2020-11-19,2020-11-19
2019,2160,  - 근   해   통   발    어   업,Off-Shore Trap,199,11281.31,164987,199,11281.31,164987,0,0,2020-11-19,2020-11-19
2019,2170,  - 근   해   형   망    어   업,Off-Shore Dredge Net,44,489.24,26532,44,489.24,26532,0,0,2020-11-19,2020-11-19
2019,6990,  - 기                        타,Others,2136,13205.42,379892,2064,13017.64,379892,72,187.78,2020-11-19,2020-11-19
2019,6030,  - 시   험   및    교   습   선,Experiment & Education Boats,51,21848.05,63748,51,21848.05,63748,0,0,2020-11-19,2020-11-19
2019,6020,  - 지    도      단    속    선,Patrol Boats,163,43964.82,208883,163,43964.82,208883,0,0,2020-11-19,2020-11-19
2019,6010,  - 어   획   물    운   반   선,Fish Carrier,398,28034.52,235444,398,28034.52,235444,0,0,2020-11-19,2020-11-19
2019,6000,기       타        어       업,Others,2748,107052.81,887967,2676,106865.03,887967,72,187.78,2020-11-19,2020-11-19
2019,5010,  - 내    수    면     어     업,Inland Waters Fisheries,3067,1966.38,191422,2774,1888.87,191422,293,77.51,2020-11-19,2020-11-19
2019,5000,내     수     면     어     업,Inland Waters Fisheries,3067,1966.38,191422,2774,1888.87,191422,293,77.51,2020-11-19,2020-11-19
2019,4010,  - 천      해        양      식,Shallow Sea Culture,19347,59810.3,3746130,19259,59665.81,3746130,88,144.49,2020-11-19,2020-11-19
2019,4000,양            식            업,Culture,19347,59810.3,3746130,19259,59665.81,3746130,88,144.49,2020-11-19,2020-11-19
2019,3990,  - 연      안        기      타,Coastal Others,0,0,0,0,0,0,0,0,2020-11-19,2020-11-19
2019,3140,  - 정    치    망     어     업,Set Nets,656,6119.19,170453,605,6004.09,170453,51,115.1,2020-11-19,2020-11-19
2019,3130,  - 구  획  어  업  (이  동  성),Sectional Fishery(Non-Setting),304,505.27,42589,270,481.56,42589,34,23.71,2020-11-19,2020-11-19
2019,3120,  - 구  획  어  업  (정  치  성),Sectional Fishery(Setting),1892,5868.08,428802,1852,5802.87,428802,40,65.21,2020-11-19,2020-11-19
2019,3110,  - 연   안   복   합    어   업,Coastal Muiti Fishery,16719,46875.86,3726233,16631,46679.7,3726233,88,196.16,2020-11-19,2020-11-19
2019,3100,  - 연  안   선  인  망   어  업,Coastal Drag Nets,0,0,0,0,0,0,0,0,2020-11-19,2020-11-19
2019,3090,  - 연   안   조   망    어   업,Coastal Beam Trawl,12,47.74,2910,12,47.74,2910,0,0,2020-11-19,2020-11-19
2019,2180,  - 근   해   연   승    어   업,Off-Shore Long Line,227,7155.1,161680,227,7155.1,161680,0,0,2020-11-19,2020-11-19
2019,3000,연       안        어       업,Coastal Fisheries,37785,119043.45,8919423,37453,118314.01,8919423,332,729.44,2020-11-19,2020-11-19
2019,3010,  - 연  안   유  자  망   어  업,Coastal Gill Net,12592,39925.58,3059771,12493,39644.26,3059771,99,281.32,2020-11-19,2020-11-19
2019,3020,  - 연  안   안  강  망   어  업,Coastal Stow Net,412,3163.7,197932,412,3163.7,197932,0,0,2020-11-19,2020-11-19
2019,3030,  - 연   안   형   망    어   업,Coastal Dredge Nets,1,1.04,0,0,0,0,1,1.04,2020-11-19,2020-11-19
2019,3040,  - 연   안   선   망    어   업,Coastal Purse Seines,257,1790.08,105328,254,1787.77,105328,3,2.31,2020-11-19,2020-11-19
2019,3080,  - 연   안   들   망    어   업,Coastal Lift Nets,101,485.94,30849,101,485.94,30849,0,0,2020-11-19,2020-11-19
2019,3070,  - 연   안   통   발    어   업,Coastal Trap,4839,14260.97,1154556,4823,14216.38,1154556,16,44.59,2020-11-19,2020-11-19
2019,3060,  - 연  안   채  낚  기   어  업,Coastal Angling,0,0,0,0,0,0,0,0,2020-11-19,2020-11-19
2019,3050,  - 연   안   연   승    어   업,Coastal Long Line,0,0,0,0,0,0,0,0,2020-11-19,2020-11-19
2018,2120,  - 근  해   유  자  망   어  업,Off-Shore Gill Net,395,11543.75,280106,395,11543.75,280106,0,0,2019-10-23,2019-10-23
2018,2130,  - 근  해   안  강  망   어  업,Off-Shore Stow Net,207,10428.41,169694,207,10428.41,169694,0,0,2019-10-23,2019-10-23
2018,2140,  - 근  해   봉  수  망   어  업,Off-Shore Stick-held Dip Net,3,42.32,1245,3,42.32,1245,0,0,2019-10-23,2019-10-23
2018,2150,  - 잠    수    기      어    업,Diving,235,1298.99,125101,235,1298.99,125101,0,0,2019-10-23,2019-10-23
2018,2110,  - 기  선   권  현  망   어  업,Anchovy Drag Net,387,19269.85,209119,387,19269.85,209119,0,0,2019-10-23,2019-10-23
2018,2100,  - 근  해   채  낚  기   어  업,Off-Shore Angling,460,16980.56,289496,460,16980.56,289496,0,0,2019-10-23,2019-10-23
2018,2090,  - 소   형   선   망    어   업,Small Powered Purse Seines,85,1151.74,51563,85,1151.74,51563,0,0,2019-10-23,2019-10-23
2018,2080,  - 대   형   선   망    어   업,Large Powered Purse Seines,142,23712.25,199828,142,23712.25,199828,0,0,2019-10-23,2019-10-23
2018,2070,  - 동  해  구  트  롤   어   업,Eastern Sea Trawl,38,2065,46830,38,2065,46830,0,0,2019-10-23,2019-10-23
2018,2060,  - 대   형   트   롤    어   업,Large Otter Trawl,52,7011,78022,52,7011,78022,0,0,2019-10-23,2019-10-23
2018,2050,  - 중형기선 저인망 어업(쌍끌이),Trawl Medium(Two Boat),18,1022,6505,18,1022,6505,0,0,2019-10-23,2019-10-23
2018,2040,  - 중형기선 저인망 어업(외끌이),Trawl Medium(One Boat),42,2306.84,18181,42,2306.84,18181,0,0,2019-10-23,2019-10-23
2018,2030,  - 동해구 기 선 저 인 망  어 업,Eastern Sea Danish Seine,38,1721.46,17389,38,1721.46,17389,0,0,2019-10-23,2019-10-23
2018,2020,  - 대형기선 저인망 어업(쌍끌이),Trawl Large(Two Boat),70,8181,93820,70,8181,93820,0,0,2019-10-23,2019-10-23
2018,2010,  - 대형기선 저인망 어업(외끌이),Trawl Large(One Boat),43,2751.72,31397,43,2751.72,31397,0,0,2019-10-23,2019-10-23
2018,2000,근       해         어      업,Off-Shore Fisheries,2720,128615.72,1976309,2720,128615.72,1976309,0,0,2019-10-23,2019-10-23
2018,1990,  - 기   타   원   양    어   업,Others,0,0,0,0,0,0,0,0,2019-10-23,2019-10-23
2018,1070,  - 원   양   통   발    어   업,Distant Waters Trap,1,60,480,1,60,480,0,0,2019-10-23,2019-10-23
2018,1060,  - 원  양  채  낚  기   어   업,Distant Waters Angling,30,13348.95,46320,30,13348.95,46320,0,0,2019-10-23,2019-10-23
2018,1050,  - 원  양  봉  수  망   어   업,Distant Waters Stick-held Dip Net,7,3713.96,11700,7,3713.96,11700,0,0,2019-10-23,2019-10-23
2018,1040,  - 원  양  유  자  망   어   업,Distant Waters Floating Gill Net,0,0,0,0,0,0,0,0,2019-10-23,2019-10-23
2018,1030,  - 원   양   선   망    어   업,Distant Waters Purse Seines,31,37959.83,123544,31,37959.83,123544,0,0,2019-10-23,2019-10-23
2018,0,총                          계,Total,65906,539018.32,15554590,65089,537852.86,15554590,817,1165.46,2019-10-23,2019-10-23
2018,1000,원       양        어       업,Distant Waters Angling,208,134319.37,377211,208,134319.37,377211,0,0,2019-10-23,2019-10-23
2018,1010,  - 원   양   연   승    어   업,Long Line,122,51577,143444,122,51577,143444,0,0,2019-10-23,2019-10-23
2018,1020,  - 원   양   트   롤    어   업,Otter Trawl,17,27659.63,51723,17,27659.63,51723,0,0,2019-10-23,2019-10-23
2018,2160,  - 근   해   통   발    어   업,Off-Shore Trap,184,10679.86,148715,184,10679.86,148715,0,0,2019-10-23,2019-10-23
2018,2170,  - 근   해   형   망    어   업,Off-Shore Dredge Net,67,755.77,38380,67,755.77,38380,0,0,2019-10-23,2019-10-23
2018,6990,  - 기                        타,Others,2031,7332.56,301235,1980,7240.65,301235,51,91.91,2019-10-23,2019-10-23
2018,6030,  - 시   험   및    교   습   선,Experiment & Education Boats,54,22507.84,64775,54,22507.84,64775,0,0,2019-10-23,2019-10-23
2018,6020,  - 지    도      단    속    선,Patrol Boats,167,42226.79,212082,167,42226.79,212082,0,0,2019-10-23,2019-10-23
2018,6010,  - 어   획   물    운   반   선,Fish Carrier,405,28000.69,236531,405,28000.69,236531,0,0,2019-10-23,2019-10-23
2018,6000,기       타        어       업,Others,2657,100067.88,814623,2606,99975.97,814623,51,91.91,2019-10-23,2019-10-23
2018,5010,  - 내    수    면     어     업,Inland Waters Fisheries,3009,1914,185510,2702,1835.06,185510,307,78.94,2019-10-23,2019-10-23
2018,5000,내     수     면     어     업,Inland Waters Fisheries,3009,1914,185510,2702,1835.06,185510,307,78.94,2019-10-23,2019-10-23
2018,4010,  - 천      해        양      식,Shallow Sea Culture,18913,56143.62,3502493,18838,55999.86,3502493,75,143.76,2019-10-23,2019-10-23
2018,4000,양            식            업,Culture,18913,56143.62,3502493,18838,55999.86,3502493,75,143.76,2019-10-23,2019-10-23
2018,3990,  - 연      안        기      타,Coastal Others,33,206.19,13041,32,205.71,13041,1,0.48,2019-10-23,2019-10-23
2018,3140,  - 정    치    망     어     업,Set Nets,665,5844.93,162578,607,5713.2,162578,58,131.73,2019-10-23,2019-10-23
2018,3130,  - 구  획  어  업  (이  동  성),Sectional Fishery(Non-Setting),298,505.16,40238,265,474.5,40238,33,30.66,2019-10-23,2019-10-23
2018,3120,  - 구  획  어  업  (정  치  성),Sectional Fishery(Setting),1883,5701.74,409648,1839,5637.67,409648,44,64.07,2019-10-23,2019-10-23
2018,3110,  - 연   안   복   합    어   업,Coastal Muiti Fishery,16978,45788.48,3564269,16849,45503.34,3564269,129,285.14,2019-10-23,2019-10-23
2018,2180,  - 근   해   연   승    어   업,Off-Shore Long Line,254,7693.2,170918,254,7693.2,170918,0,0,2019-10-23,2019-10-23
2018,3000,연       안        어       업,Coastal Fisheries,38399,117957.73,8698444,38015,117106.88,8698444,384,850.85,2019-10-23,2019-10-23
2018,3010,  - 연  안   유  자  망   어  업,Coastal Gill Net,12880,40133.09,3038273,12782,39865.05,3038273,98,268.04,2019-10-23,2019-10-23
2018,3020,  - 연  안   안  강  망   어  업,Coastal Stow Net,407,3131.24,193103,407,3131.24,193103,0,0,2019-10-23,2019-10-23
2018,3030,  - 연   안   형   망    어   업,Coastal Dredge Nets,1,1.04,0,0,0,0,1,1.04,2019-10-23,2019-10-23
2018,3040,  - 연   안   선   망    어   업,Coastal Purse Seines,268,1856.52,108891,264,1846.95,108891,4,9.57,2019-10-23,2019-10-23
2018,3050,  - 연   안   연   승    어   업,Coastal Long Line,0,0,0,0,0,0,0,0,2019-10-23,2019-10-23
2018,3060,  - 연  안   채  낚  기   어  업,Coastal Angling,0,0,0,0,0,0,0,0,2019-10-23,2019-10-23
2018,3070,  - 연   안   통   발    어   업,Coastal Trap,4884,14300.24,1137753,4868,14240.12,1137753,16,60.12,2019-10-23,2019-10-23
2018,3080,  - 연   안   들   망    어   업,Coastal Lift Nets,92,425.03,26634,92,425.03,26634,0,0,2019-10-23,2019-10-23
2018,3090,  - 연   안   조   망    어   업,Coastal Beam Trawl,9,56.76,3656,9,56.76,3656,0,0,2019-10-23,2019-10-23
2018,3100,  - 연  안   선  인  망   어  업,Coastal Drag Nets,1,7.31,360,1,7.31,360,0,0,2019-10-23,2019-10-23
2017,2040,  - 중형기선 저인망 어업(외끌이),Trawl Medium(One Boat),40,2189.84,16999,40,2189.84,16999,0,0,2018-12-21,2018-12-21
2017,2050,  - 중형기선 저인망 어업(쌍끌이),Trawl Medium(Two Boat),19,1176,7980,19,1176,7980,0,0,2018-12-21,2018-12-21
2017,2060,  - 대   형   트   롤    어   업,Large Otter Trawl,54,7289,79337,54,7289,79337,0,0,2018-12-21,2018-12-21
2017,2070,  - 동  해  구  트  롤   어   업,Eastern Sea Trawl,40,2134,46570,40,2134,46570,0,0,2018-12-21,2018-12-21
2017,2080,  - 대   형   선   망    어   업,Large Powered Purse Seines,145,24310.25,205282,145,24310.25,205282,0,0,2018-12-21,2018-12-21
2017,2090,  - 소   형   선   망    어   업,Small Powered Purse Seines,69,1173.53,41645,69,1173.53,41645,0,0,2018-12-21,2018-12-21
2017,2100,  - 근  해   채  낚  기   어  업,Off-Shore Angling,468,17582.75,293413,468,17582.75,293413,0,0,2018-12-21,2018-12-21
2017,2110,  - 기  선   권  현  망   어  업,Anchovy Drag Net,383,18928.48,205017,383,18928.48,205017,0,0,2018-12-21,2018-12-21
2017,2120,  - 근  해   유  자  망   어  업,Off-Shore Gill Net,356,9731.25,237532,356,9731.25,237532,0,0,2018-12-21,2018-12-21
2017,2130,  - 근  해   안  강  망   어  업,Off-Shore Stow Net,206,10303.19,163631,206,10303.19,163631,0,0,2018-12-21,2018-12-21
2017,2140,  - 근  해   봉  수  망   어  업,Off-Shore Stick-held Dip Net,4,87.09,1793,4,87.09,1793,0,0,2018-12-21,2018-12-21
2017,2150,  - 잠    수    기      어    업,Diving,235,1252.99,118134,235,1252.99,118134,0,0,2018-12-21,2018-12-21
2017,2030,  - 동해구 기 선 저 인 망  어 업,Eastern Sea Danish Seine,36,1872.63,17360,36,1872.63,17360,0,0,2018-12-21,2018-12-21
2017,2020,  - 대형기선 저인망 어업(쌍끌이),Trawl Large(Two Boat),73,8487,95952,73,8487,95952,0,0,2018-12-21,2018-12-21
2017,2010,  - 대형기선 저인망 어업(외끌이),Trawl Large(One Boat),46,2997.47,30609,46,2997.47,30609,0,0,2018-12-21,2018-12-21
2017,2000,근       해         어      업,Off-Shore Fisheries,2730,130148.33,1939944,2730,130148.33,1939944,0,0,2018-12-21,2018-12-21
2017,1990,  - 기   타   원   양    어   업,Others,0,0,0,0,0,0,0,0,2018-12-21,2018-12-21
2017,1070,  - 원   양   통   발    어   업,Distant Waters Trap,1,60,480,1,60,480,0,0,2018-12-21,2018-12-21
2017,1060,  - 원  양  채  낚  기   어   업,Distant Waters Angling,30,13213.44,45970,30,13213.44,45970,0,0,2018-12-21,2018-12-21
2017,1050,  - 원  양  봉  수  망   어   업,Distant Waters Stick-held Dip Net,8,4147.46,13050,8,4147.46,13050,0,0,2018-12-21,2018-12-21
2017,1040,  - 원  양  유  자  망   어   업,Distant Waters Floating Gill Net,0,0,0,0,0,0,0,0,2018-12-21,2018-12-21
2017,1030,  - 원   양   선   망    어   업,Distant Waters Purse Seines,34,38061,131401,34,38061,131401,0,0,2018-12-21,2018-12-21
2017,1020,  - 원   양   트   롤    어   업,Otter Trawl,17,27598.63,51720,17,27598.63,51720,0,0,2018-12-21,2018-12-21
2017,1010,  - 원   양   연   승    어   업,Long Line,123,51498,144261,123,51498,144261,0,0,2018-12-21,2018-12-21
2017,1000,원       양        어       업,Distant Waters Angling,213,134578.53,386882,213,134578.53,386882,0,0,2018-12-21,2018-12-21
2017,0,총                          계,Total,66736,512060.39,15047635,65846,510960.39,15047635,890,1100,2018-12-21,2018-12-21
2017,2160,  - 근   해   통   발    어   업,Off-Shore Trap,189,10912.59,146346,189,10912.59,146346,0,0,2018-12-21,2018-12-21
2017,2170,  - 근   해   형   망    어   업,Off-Shore Dredge Net,71,780.3,36808,71,780.3,36808,0,0,2018-12-21,2018-12-21
2017,6990,  - 기                        타,Others,2525,11181.38,380770,2416,11024.13,380770,109,157.25,2018-12-21,2018-12-21
2017,6030,  - 시   험   및    교   습   선,Experiment & Education Boats,46,11385,44961,46,11385,44961,0,0,2018-12-21,2018-12-21
2017,6020,  - 지    도      단    속    선,Patrol Boats,154,27504.22,160686,153,27503.66,160686,1,0.56,2018-12-21,2018-12-21
2017,6010,  - 어   획   물    운   반   선,Fish Carrier,354,25349.69,205883,354,25349.69,205883,0,0,2018-12-21,2018-12-21
2017,6000,기       타        어       업,Others,3079,75420.29,792300,2969,75262.48,792300,110,157.81,2018-12-21,2018-12-21
2017,5010,  - 내    수    면     어     업,Inland Waters Fisheries,3012,1931.04,183751,2699,1854.57,183751,313,76.47,2018-12-21,2018-12-21
2017,5000,내     수     면     어     업,Inland Waters Fisheries,3012,1931.04,183751,2699,1854.57,183751,313,76.47,2018-12-21,2018-12-21
2017,4010,  - 천      해        양      식,Shallow Sea Culture,18095,51266.29,3148252,18029,51147.51,3148252,66,118.78,2018-12-21,2018-12-21
2017,4000,양            식            업,Culture,18095,51266.29,3148252,18029,51147.51,3148252,66,118.78,2018-12-21,2018-12-21
2017,3990,  - 연      안        기      타,Coastal Others,52,267.15,15502,51,260.48,15502,1,6.67,2018-12-21,2018-12-21
2017,3140,  - 정    치    망     어     업,Set Nets,594,5357.16,142922,536,5244.05,142922,58,113.11,2018-12-21,2018-12-21
2017,3130,  - 구  획  어  업  (이  동  성),Sectional Fishery(Non-Setting),451,1040.92,86316,416,1009.99,86316,35,30.93,2018-12-21,2018-12-21
2017,3120,  - 구  획  어  업  (정  치  성),Sectional Fishery(Setting),1959,5823.36,417865,1917,5768.8,417865,42,54.56,2018-12-21,2018-12-21
2017,3110,  - 연   안   복   합    어   업,Coastal Muiti Fishery,18115,47456.5,3588079,17962,47191.95,3588079,153,264.55,2018-12-21,2018-12-21
2017,2180,  - 근   해   연   승    어   업,Off-Shore Long Line,296,8939.97,195536,296,8939.97,195536,0,0,2018-12-21,2018-12-21
2017,3000,연       안        어       업,Coastal Fisheries,39607,118715.91,8596506,39206,117968.97,8596506,401,746.94,2018-12-21,2018-12-21
2017,3010,  - 연  안   유  자  망   어  업,Coastal Gill Net,12835,39493.47,2937963,12753,39307.32,2937963,82,186.15,2018-12-21,2018-12-21
2017,3020,  - 연  안   안  강  망   어  업,Coastal Stow Net,393,3017.84,182949,393,3017.84,182949,0,0,2018-12-21,2018-12-21
2017,3030,  - 연   안   형   망    어   업,Coastal Dredge Nets,0,0,0,0,0,0,0,0,2018-12-21,2018-12-21
2017,3040,  - 연   안   선   망    어   업,Coastal Purse Seines,286,1870.94,112307,279,1853.73,112307,7,17.21,2018-12-21,2018-12-21
2017,3050,  - 연   안   연   승    어   업,Coastal Long Line,0,0,0,0,0,0,0,0,2018-12-21,2018-12-21
2017,3060,  - 연  안   채  낚  기   어  업,Coastal Angling,0,0,0,0,0,0,0,0,2018-12-21,2018-12-21
2017,3070,  - 연   안   통   발    어   업,Coastal Trap,4760,13622.63,1066868,4738,13549.75,1066868,22,72.88,2018-12-21,2018-12-21
2017,3080,  - 연   안   들   망    어   업,Coastal Lift Nets,98,466.69,28345,98,466.69,28345,0,0,2018-12-21,2018-12-21
2017,3090,  - 연   안   조   망    어   업,Coastal Beam Trawl,36,122.57,7955,35,121.69,7955,1,0.88,2018-12-21,2018-12-21
2017,3100,  - 연  안   선  인  망   어  업,Coastal Drag Nets,28,176.68,9435,28,176.68,9435,0,0,2018-12-21,2018-12-21
1992,3110,  연   안   복   합    어   업,Coastal Muiti Fishery,0,0,0,0,0,0,0,0,2017-12-02,2017-12-02
1992,3130,  구  획  어  업  (이  동  성),Sectional Fishery(Non-Setting),23,48.69,499,10,31.85,499,13,16.84,2017-12-02,2017-12-02
2013,1990,  기   타   원   양    어   업,Others,7,2800.94,8600,7,2800.94,8600,0,0,2017-12-02,2017-12-02
2013,2000,근       해         어      업,Off-Shore Fisheries,2780,126340.6,1777286,2780,126340.6,1777286,0,0,2017-12-02,2017-12-02
2013,2010,  대형기선 저인망 어업(외끌이),Trawl Large(One Boat),47,3179.11,29473,47,3179.11,29473,0,0,2017-12-02,2017-12-02
2013,2020,  대형기선 저인망 어업(쌍끌이),Trawl Large(Two Boat),72,8464,88657,72,8464,88657,0,0,2017-12-02,2017-12-02
2013,2030,  동해구 기 선 저 인 망  어 업,Eastern Sea Danish Sein,38,2208.51,16588,38,2208.51,16588,0,0,2017-12-02,2017-12-02
2013,2040,  중형기선 저인망 어업(외끌이),Trawl Medium(One Boat),39,1847.58,17704,39,1847.58,17704,0,0,2017-12-02,2017-12-02
2013,2050,  중형기선 저인망 어업(쌍끌이),Trawl Medium(Two Boat),18,1022,6626,18,1022,6626,0,0,2017-12-02,2017-12-02
2013,2060,  대   형   트   롤    어   업,Large Otter Trawl,52,7215,76275,52,7215,76275,0,0,2017-12-02,2017-12-02
2013,2070,  동  해  구  트  롤   어   업,Estern Sea Trawl,38,2039,44400,38,2039,44400,0,0,2017-12-02,2017-12-02
2013,2080,  대   형   선   망    어   업,Large Powered Purse Seines,143,22834.2,198771,143,22834.2,198771,0,0,2017-12-02,2017-12-02
2013,2090,  소   형   선   망    어   업,Small Powered Purse Seines,72,1001.56,36361,72,1001.56,36361,0,0,2017-12-02,2017-12-02
2013,2100,  근  해   채  낚  기   어  업,Off-Shore Angling,480,17728.56,274364,480,17728.56,274364,0,0,2017-12-02,2017-12-02
2013,2110,  기  선   권  현  망   어  업,Anchovy Drag Net,383,17315.38,193064,383,17315.38,193064,0,0,2017-12-02,2017-12-02
2013,2120,  근  해   유  자  망   어  업,Off-Shore Gill Net,377,10027.39,209898,377,10027.39,209898,0,0,2017-12-02,2017-12-02
2013,2130,  근  해   안  강  망   어  업,Large Stow Net,208,10951.55,141127,208,10951.55,141127,0,0,2017-12-02,2017-12-02
1992,3090,  연   안   조   망    어   업,Coastal Beam Trawl,19,97.69,2902,19,97.69,2902,0,0,2017-12-02,2017-12-02
1992,3070,  연   안   통   발    어   업,Coastal Trap,7210,17277.71,374840,6998,17027.96,374840,212,249.75,2017-12-02,2017-12-02
2009,2120,  근  해   유  자  망   어  업,Off-Shore Gill Net,444,12179.02,226472,444,12179.02,226472,0,0,2017-12-02,2017-12-02
2009,2130,  근  해   안  강  망   어  업,Large Stow Net,236,11424.72,127929,236,11424.72,127929,0,0,2017-12-02,2017-12-02
2009,2140,  근  해   봉  수  망   어  업,Off-Shore Stick-held Dip Net,6,75.32,2177,6,75.32,2177,0,0,2017-12-02,2017-12-02
2009,2150,  잠    수    기      어    업,Diving,236,1161.88,86955,236,1161.88,86955,0,0,2017-12-02,2017-12-02
2009,2170,  근   해   형   망    어   업,Off-Shore Long Line,80,920.71,29518,80,920.71,29518,0,0,2017-12-02,2017-12-02
1997,1070,  원   양   통   발    어   업,Distant Waters Trap,8,2105.1,8270,8,2105.1,8270,0,0,2017-12-02,2017-12-02
1997,2030,  동해구 기 선 저 인 망  어 업,Eastern Sea Danish Sein,0,0,0,0,0,0,0,0,2017-12-02,2017-12-02
1997,2070,  동  해  구  트  롤   어   업,Estern Sea Trawl,38,2224.44,16760,38,2224.44,16760,0,0,2017-12-02,2017-12-02
1998,2160,  근   해   통   발    어   업,Off-Shore Trap,517,25179.23,221613,517,25179.23,221613,0,0,2017-12-02,2017-12-02
1998,5010,  내    수    면     어     업,Inland Waters Fisheries,2624,1702.89,72424,1913,1453.04,72424,711,249.85,2017-12-02,2017-12-02
1993,3080,  분   기   초   망    어   업,Coastal Lift Nets,273,702.05,11871,172,555.9,11871,101,146.15,2017-12-02,2017-12-02
1993,3110,  연   안   복   합    어   업,Coastal Muiti Fishery,0,0,0,0,0,0,0,0,2017-12-02,2017-12-02
1993,3140,  정    치    망     어     업,Set Nets,754,3757.7,37431,518,3152.38,37431,236,605.32,2017-12-02,2017-12-02
1993,4000,양            식            업,Culture,26857,32079.57,803782,21170,27171.49,803782,5687,4908.08,2017-12-02,2017-12-02
1993,5000,내     수     면     어     업,Inland Waters Fisheries,3044,2534.34,48898,1485,1591.39,48898,1559,942.95,2017-12-02,2017-12-02
1992,3030,  연   안   형   망    어   업,Coastal Dredge Nets,0,0,0,0,0,0,0,0,2017-12-02,2017-12-02
1992,3050,  연   안   연   승    어   업,Coastal Long Line,12357,29280.43,857340,11758,28537.58,857340,599,742.85,2017-12-02,2017-12-02
2013,2140,  근  해   봉  수  망   어  업,Off-Shore Stick-held Dip Net,3,28.09,1415,3,28.09,1415,0,0,2017-12-02,2017-12-02
2013,2160,  근   해   통   발    어   업,Off-Shore Trap,200,10655.65,133071,200,10655.65,133071,0,0,2017-12-02,2017-12-02
2013,2180,  근   해   연   승    어   업,Off-Shore Long Line,301,7847.17,172088,301,7847.17,172088,0,0,2017-12-02,2017-12-02
2016,3080,  연   안   들   망    어   업,Coastal Lift Nets,98,442.68,27196,98,442.68,27196,0,0,2017-12-02,2017-12-02
2016,3090,  연   안   조   망    어   업,Coastal Beam Trawl,299,1726.16,99564,299,1726.16,99564,0,0,2017-12-02,2017-12-02
2016,3100,  연  안   선  인  망   어  업,Coastal Drag Nets,2,12.18,680,2,12.18,680,0,0,2017-12-02,2017-12-02
2016,3110,  연   안   복   합    어   업,Coastal Muiti Fishery,19668,50474.6,3752110,19542,50310.24,3752110,126,164.36,2017-12-02,2017-12-02
2016,3120,  구  획  어  업  (정  치  성),Sectional Fishery(Setting),1942,5499.82,393264,1906,5454.21,393264,36,45.61,2017-12-02,2017-12-02
2016,3130,  구  획  어  업  (이  동  성),Sectional Fishery(Non-Setting),328,549.73,42546,292,529.36,42546,36,20.37,2017-12-02,2017-12-02
2016,3140,  정    치    망     어     업,Set Nets,628,5403.85,145058,568,5296.61,145058,60,107.24,2017-12-02,2017-12-02
2016,3990,  연      안        기      타,Coastal Others,0,0,0,0,0,0,0,0,2017-12-02,2017-12-02
2016,4000,양            식            업,Culture,17716,46818.24,2866263,17611,46650.8,2866263,105,167.44,2017-12-02,2017-12-02
2016,4010,  천      해        양      식,Shallow Sea Culture,17716,46818.24,2866263,17611,46650.8,2866263,105,167.44,2017-12-02,2017-12-02
2016,5000,내     수     면     어     업,Inland Waters Fisheries,3091,2002.99,189355,2765,1924.95,189355,326,78.04,2017-12-02,2017-12-02
2016,5010,  내    수    면     어     업,Inland Waters Fisheries,3091,2002.99,189355,2765,1924.95,189355,326,78.04,2017-12-02,2017-12-02
2016,6000,기       타        어       업,Others,2099,92597.63,723009,2002,92468.29,723009,97,129.34,2017-12-02,2017-12-02
2016,6010,  어   획   물    운   반   선,Fish Carrier,319,24917.66,180770,319,24917.66,180770,0,0,2017-12-02,2017-12-02
2016,6020,  지    도      단    속    선,Patrol Boats,175,28371.41,164817,175,28371.41,164817,0,0,2017-12-02,2017-12-02
2016,6030,  시   험   및    교   습   선,Experiment & Education Boats,48,9801.68,43013,47,9801.12,43013,1,0.56,2017-12-02,2017-12-02
2016,6990,  기                        타,Others,1557,29506.88,334409,1461,29378.1,334409,96,128.78,2017-12-02,2017-12-02
2016,3070,  연   안   통   발    어   업,Coastal Trap,4941,14065.02,1078386,4922,14002.9,1078386,19,62.12,2017-12-02,2017-12-02
2016,3060,  연  안   채  낚  기   어  업,Coastal Angling,0,0,0,0,0,0,0,0,2017-12-02,2017-12-02
2013,3010,  연  안   유  자  망   어  업,Coastal Gill Net,13401,33334.51,2921037,13316,33280.95,2921037,85,53.56,2017-12-02,2017-12-02
2013,3030,  연   안   형   망    어   업,Coastal Dredge Nets,0,0,0,0,0,0,0,0,2017-12-02,2017-12-02
2011,1010,  원   양   연   승    어   업,Long Line,160,65844.69,185542,160,65844.69,185542,0,0,2017-12-02,2017-12-02
2011,1030,  원   양   선   망    어   업,Distant Waters Purse Senes,28,29580.1,105000,28,29580.1,105000,0,0,2017-12-02,2017-12-02
2011,1050,  원  양  봉  수  망   어   업,Distant Waters Stick-held Dip Net,1,443.75,1600,1,443.75,1600,0,0,2017-12-02,2017-12-02
2011,1070,  원   양   통   발    어   업,Distant Waters Trap,5,999.05,3728,5,999.05,3728,0,0,2017-12-02,2017-12-02
2011,2000,근       해         어      업,Off-Shore Fisheries,2845,127466.65,1739900,2845,127466.65,1739900,0,0,2017-12-02,2017-12-02
2011,2020,  대형기선 저인망 어업(쌍끌이),Trawl Large(Two Boat),70,8373.39,80321,70,8373.39,80321,0,0,2017-12-02,2017-12-02
2011,2040,  중형기선 저인망 어업(외끌이),Trawl Medium(One Boat),42,2269.84,19125,42,2269.84,19125,0,0,2017-12-02,2017-12-02
2011,2070,  동  해  구  트  롤   어   업,Estern Sea Trawl,39,2062,42219,39,2062,42219,0,0,2017-12-02,2017-12-02
2011,2100,  근  해   채  낚  기   어  업,Off-Shore Angling,490,17835.04,267297,490,17835.04,267297,0,0,2017-12-02,2017-12-02
2011,2120,  근  해   유  자  망   어  업,Off-Shore Gill Net,378,10255.25,205440,378,10255.25,205440,0,0,2017-12-02,2017-12-02
2011,2140,  근  해   봉  수  망   어  업,Off-Shore Stick-held Dip Net,7,79.98,2789,7,79.98,2789,0,0,2017-12-02,2017-12-02
2011,2160,  근   해   통   발    어   업,Off-Shore Trap,197,10653.69,123263,197,10653.69,123263,0,0,2017-12-02,2017-12-02
2016,3020,  연  안   안  강  망   어  업,Small Stow Net,980,4883.38,322212,975,4865.56,322212,5,17.82,2017-12-02,2017-12-02
2016,3040,  연   안   선   망    어   업,Coastal Purse Seines,250,1683.28,99911,245,1680.37,99911,5,2.91,2017-12-02,2017-12-02
2016,3050,  연   안   연   승    어   업,Coastal Long Line,0,0,0,0,0,0,0,0,2017-12-02,2017-12-02
2009,2100,  근  해   채  낚  기   어  업,Off-Shore Angling,522,19302.85,272711,522,19302.85,272711,0,0,2017-12-02,2017-12-02
2004,1030,  원   양   선   망    어   업,Distant Waters Purse Senes,27,26404.65,70850,27,26404.65,70850,0,0,2017-12-02,2017-12-02
2009,2060,  대   형   트   롤    어   업,Large Otter Trawl,54,7493,74965,54,7493,74965,0,0,2017-12-02,2017-12-02
2002,3120,  구  획  어  업  (정  치  성),Sectional Fishery(Setting),647,1388.74,63342,599,1282.3,63342,48,106.44,2017-12-02,2017-12-02
2002,3110,  연   안   복   합    어   업,Coastal Muiti Fishery,26040,63480.79,4701207,24887,62695.27,4701207,1153,785.52,2017-12-02,2017-12-02
2002,3100,  연  안   선  인  망   어  업,Coastal Drag Nets,6,19.53,882,6,19.53,882,0,0,2017-12-02,2017-12-02
2002,3090,  연   안   조   망    어   업,Coastal Beam Trawl,447,1942.21,83582,445,1941.56,83582,2,0.65,2017-12-02,2017-12-02
2002,3080,  연   안   들   망    어   업,Coastal Lift Nets,233,707.76,28416,205,673.68,28416,28,34.08,2017-12-02,2017-12-02
2008,3000,연       안        어       업,Coastal Fisheries,53792,132675.76,8281323,52659,131535.94,8281150,1133,1139.82,2017-12-02,2017-12-02
2008,2180,  근   해   연   승    어   업,Off-Shore Long Line,416,10901.91,203242,416,10901.91,203242,0,0,2017-12-02,2017-12-02
2008,2170,  근   해   형   망    어   업,Off-Shore Long Line,108,1283.3,38583,108,1283.3,38583,0,0,2017-12-02,2017-12-02
2008,2160,  근   해   통   발    어   업,Off-Shore Trap,235,12714.59,144693,235,12714.59,144693,0,0,2017-12-02,2017-12-02
2008,2150,  잠    수    기      어    업,Diving,238,1157.29,85826,238,1157.29,85826,0,0,2017-12-02,2017-12-02
2008,2140,  근  해   봉  수  망   어  업,Off-Shore Stick-held Dip Net,13,272.63,5388,13,272.63,5388,0,0,2017-12-02,2017-12-02
2008,2130,  근  해   안  강  망   어  업,Large Stow Net,234,11663.4,125539,234,11663.4,125539,0,0,2017-12-02,2017-12-02
2008,2120,  근  해   유  자  망   어  업,Off-Shore Gill Net,467,13543.02,231232,467,13543.02,231232,0,0,2017-12-02,2017-12-02
2008,2100,  근  해   채  낚  기   어  업,Off-Shore Angling,612,22757.47,315189,612,22757.47,315189,0,0,2017-12-02,2017-12-02
2008,2080,  대   형   선   망    어   업,Large Powered Purse Seines,175,24491.4,220834,175,24491.4,220834,0,0,2017-12-02,2017-12-02
2008,2060,  대   형   트   롤    어   업,Large Otter Trawl,64,8803,91855,64,8803,91855,0,0,2017-12-02,2017-12-02
2008,2040,  중형기선 저인망 어업(외끌이),Trawl Medium(One Boat),43,2309.38,20824,43,2309.38,20824,0,0,2017-12-02,2017-12-02
2008,2020,  대형기선 저인망 어업(쌍끌이),Trawl Large(Two Boat),80,9962.48,95070,80,9962.48,95070,0,0,2017-12-02,2017-12-02
2008,2000,근       해         어      업,Off-Shore Fisheries,3385,148032.34,1907612,3385,148032.34,1907612,0,0,2017-12-02,2017-12-02
2008,1070,  원   양   통   발    어   업,Distant Waters Trap,6,1772.05,5500,6,1772.05,5500,0,0,2017-12-02,2017-12-02
2008,1050,  원  양  봉  수  망   어   업,Distant Waters Stick-held Dip Net,5,2453.62,7200,5,2453.62,7200,0,0,2017-12-02,2017-12-02
2008,1030,  원   양   선   망    어   업,Distant Waters Purse Senes,35,31001.74,103300,35,31001.74,103300,0,0,2017-12-02,2017-12-02
2008,1010,  원   양   연   승    어   업,Long Line,179,72243.6,216332,179,72243.6,216332,0,0,2017-12-02,2017-12-02
2008,0,총                          계,Total,80766,621337.52,13082707,78280,619098.13,13082258,2486,2239.39,2017-12-02,2017-12-02
2009,6990,  기                        타,Others,1629,64494.5,234792,1158,63945.87,234792,471,548.63,2017-12-02,2017-12-02
2009,6020,  지    도      단    속    선,Patrol Boats,133,21772.43,120537,133,21772.43,120537,0,0,2017-12-02,2017-12-02
2009,6000,기       타        어       업,Others,1934,115254.83,472021,1460,114703.36,472021,474,551.47,2017-12-02,2017-12-02
2009,5000,내     수     면     어     업,Inland Waters Fisheries,3824,2974.59,228429,3275,2809.56,228429,549,165.03,2017-12-02,2017-12-02
2009,4000,양            식            업,Culture,17786,31077.38,1733981,17337,30559.7,1733981,449,517.68,2017-12-02,2017-12-02
2009,3140,  정    치    망     어     업,Set Nets,498,3881.43,101675,437,3756.88,101675,61,124.55,2017-12-02,2017-12-02
2002,3130,  구  획  어  업  (이  동  성),Sectional Fishery(Non-Setting),627,745.3,42312,499,690.87,42312,128,54.43,2017-12-02,2017-12-02
2002,3140,  정    치    망     어     업,Set Nets,590,3626.47,78965,497,3438.98,78965,93,187.49,2017-12-02,2017-12-02
1994,2090,  소   형   선   망    어   업,Small Powered Purse Seines,93,2124.97,17704,93,2124.97,17704,0,0,2017-12-02,2017-12-02
1994,2080,  대   형   선   망    어   업,Large Powered Purse Seines,327,43494.11,295383,327,43494.11,295383,0,0,2017-12-02,2017-12-02
1994,2060,  대   형   트   롤    어   업,Large Otter Trawl,99,13355.95,109614,99,13355.95,109614,0,0,2017-12-02,2017-12-02
1994,2050,  중형기선 저인망 어업(쌍끌이),Trawl Medium(Two Boat),25,1097.17,8749,25,1097.17,8749,0,0,2017-12-02,2017-12-02
1994,2040,  중형기선 저인망 어업(외끌이),Trawl Medium(One Boat),82,4712.86,31968,82,4712.86,31968,0,0,2017-12-02,2017-12-02
2007,2030,  동해구 기 선 저 인 망  어 업,Eastern Sea Danish Sein,42,2581.6,18656,42,2581.6,18656,0,0,2017-12-02,2017-12-02
2007,2020,  대형기선 저인망 어업(쌍끌이),Trawl Large(Two Boat),88,11132.18,101392,88,11132.18,101392,0,0,2017-12-02,2017-12-02
2007,2010,  대형기선 저인망 어업(외끌이),Trawl Large(One Boat),40,3214.59,21309,40,3214.59,21309,0,0,2017-12-02,2017-12-02
2007,2000,근       해         어      업,Off-Shore Fisheries,3573,162264.12,1975849,3573,162264.12,1975849,0,0,2017-12-02,2017-12-02
2007,1990,  기   타   원   양    어   업,Others,10,2427.81,8385,10,2427.81,8385,0,0,2017-12-02,2017-12-02
2007,1070,  원   양   통   발    어   업,Distant Waters Trap,7,1615.76,5510,7,1615.76,5510,0,0,2017-12-02,2017-12-02
2007,1060,  원  양  채  낚  기   어   업,Distant Waters Angling,58,25013.96,77210,58,25013.96,77210,0,0,2017-12-02,2017-12-02
2007,1050,  원  양  봉  수  망   어   업,Distant Waters Stick-held Dip Net,6,2943.06,9500,6,2943.06,9500,0,0,2017-12-02,2017-12-02
2007,1040,  원  양  유  자  망   어   업,Distant Waters Floating Gill Net,2,320.98,920,2,320.98,920,0,0,2017-12-02,2017-12-02
2007,1030,  원   양   선   망    어   업,Distant Waters Purse Senes,26,25346.98,91375,26,25346.98,91375,0,0,2017-12-02,2017-12-02
2007,1020,  원   양   트   롤    어   업,Otter Trawl,166,113100.36,315532,166,113100.36,315532,0,0,2017-12-02,2017-12-02
2007,1010,  원   양   연   승    어   업,Long Line,195,79183.01,238300,195,79183.01,238300,0,0,2017-12-02,2017-12-02
2007,1000,원       양        어       업,Distant Waters Fisheries,470,249951.92,746732,470,249951.92,746732,0,0,2017-12-02,2017-12-02
2007,0,총                          계,Total,85627,663868.71,14352851,82796,661519.02,14352601,2831,2349.69,2017-12-02,2017-12-02
2002,0,총                          계,Total,94388,816563.44,17273940,89327,812628.92,17273940,5061,3934.52,2017-12-02,2017-12-02
2002,6990,  기                        타,Others,1606,23660.55,156260,1107,22872.39,156260,499,788.16,2017-12-02,2017-12-02
2002,6030,  시   험   및    교   습   선,Experiment & Education Boats,50,12355.05,40056,49,12354.05,40056,1,1,2017-12-02,2017-12-02
2002,6020,  지    도      단    속    선,Patrol Boats,166,15094.61,98958,166,15094.61,98958,0,0,2017-12-02,2017-12-02
2002,6010,  어   획   물    운   반   선,Fish Carrier,178,51186.08,143546,178,51186.08,143546,0,0,2017-12-02,2017-12-02
2002,6000,기       타        어       업,Others,2000,102296.29,438820,1500,101507.13,438820,500,789.16,2017-12-02,2017-12-02
2002,5010,  내    수    면     어     업,Inland Waters Fisheries,4683,4112.43,265765,3882,3858.02,265765,801,254.41,2017-12-02,2017-12-02
2002,5000,내     수     면     어     업,Inland Waters Fisheries,4683,4112.43,265765,3882,3858.02,265765,801,254.41,2017-12-02,2017-12-02
2002,4010,  천      해        양      식,Shallow Sea Culture,19751,29137.34,1981611,19092,28400.74,1981611,659,736.6,2017-12-02,2017-12-02
2002,4000,양            식            업,Culture,19751,29137.34,1981611,19092,28400.74,1981611,659,736.6,2017-12-02,2017-12-02
2002,3990,  연      안        기      타,Coastal Others,65,123.99,7097,64,123.27,7097,1,0.72,2017-12-02,2017-12-02
2005,6010,  어   획   물    운   반   선,Fish Carrier,145,35569.59,100455,145,35569.59,100455,0,0,2017-12-02,2017-12-02
2005,6000,기       타        어       업,Others,3255,89736.39,519105,2687,89030.56,519105,568,705.83,2017-12-02,2017-12-02
2005,5010,  내    수    면     어     업,Inland Waters Fisheries,4164,3518.37,222522,3555,3331.36,222522,609,187.01,2017-12-02,2017-12-02
1994,6030,  시   험   및    교   습   선,Experiment & Education Boats,92,13180.46,42544,58,13126.13,42544,34,54.33,2017-12-02,2017-12-02
1994,6020,  지    도      단    속    선,Patrol Boats,149,13540.09,81751,148,13539.74,81751,1,0.35,2017-12-02,2017-12-02
1994,6010,  어   획   물    운   반   선,Fish Carrier,170,41646.91,93755,170,41646.91,93755,0,0,2017-12-02,2017-12-02
1994,6000,기       타        어       업,Others,2730,146483.51,388453,1785,144885.85,388453,945,1597.66,2017-12-02,2017-12-02
1992,2180,  근   해   연   승    어   업,Off-Shore Long Line,1123,23885.47,263731,1123,23885.47,263731,0,0,2017-12-02,2017-12-02
1992,2170,  근   해   형   망    어   업,Off-Shore Dredge Net,160,1436.87,24869,160,1436.87,24869,0,0,2017-12-02,2017-12-02
1992,2160,  근   해   통   발    어   업,Off-Shore Trap,551,21091.31,146902,551,21091.31,146902,0,0,2017-12-02,2017-12-02
1992,2150,  잠    수    기      어    업,Diving,262,979.16,32594,262,979.16,32594,0,0,2017-12-02,2017-12-02
1992,2140,  근  해   봉  수  망   어  업,Off-Shore Stick-held Dip Net,3,50.75,450,3,50.75,450,0,0,2017-12-02,2017-12-02
1992,2130,  근  해   안  강  망   어  업,Large Stow Net,833,70347.61,295468,833,70347.61,295468,0,0,2017-12-02,2017-12-02
1992,2120,  근  해   유  자  망   어  업,Off-Shore Gill Net,1145,31128.68,224811,1143,31091.44,224811,2,37.24,2017-12-02,2017-12-02
1992,2110,  기  선   권  현  망   어  업,Anchovy Drag Net,715,23021.51,156834,715,23021.51,156834,0,0,2017-12-02,2017-12-02
1992,2100,  근  해   채  낚  기   어  업,Off-Shore Angling,747,44366.16,228148,747,44366.16,228148,0,0,2017-12-02,2017-12-02
1992,2090,  소   형   선   망    어   업,Small Powered Purse Seines,139,2075.12,18769,138,2072.9,18769,1,2.22,2017-12-02,2017-12-02
1992,2080,  대   형   선   망    어   업,Large Powered Purse Seines,342,44651.72,282924,342,44651.72,282924,0,0,2017-12-02,2017-12-02
1992,2070,  동  해  구  트  롤   어   업,Eastern Sea Trawl,46,2968.35,21033,46,2968.35,21033,0,0,2017-12-02,2017-12-02
1992,2060,  대   형   트   롤    어   업,Large Otter Trawl,94,12312.24,73855,94,12312.24,73855,0,0,2017-12-02,2017-12-02
1992,2050,  중형기선 저인망 어업(쌍끌이),Trawl Medium(Two Boat),34,1445.03,10581,34,1445.03,10581,0,0,2017-12-02,2017-12-02
1992,2040,  중형기선 저인망 어업(외끌이),Trawl Medium(One Boat),102,5265.43,33539,102,5265.43,33539,0,0,2017-12-02,2017-12-02
1992,2030,  동해구 기 선 저 인 망  어 업,Eastern Sea Danish Seine,0,0,0,0,0,0,0,0,2017-12-02,2017-12-02
2004,2040,  중형기선 저인망 어업(외끌이),Trawl Medium(One Boat),43,2324.29,20284,43,2324.29,20284,0,0,2017-12-02,2017-12-02
2004,2030,  동해구 기 선 저 인 망  어 업,Eastern Sea Danish Sein,42,2530.94,16914,42,2530.94,16914,0,0,2017-12-02,2017-12-02
2004,2020,  대형기선 저인망 어업(쌍끌이),Trawl Large(Two Boat),95,12053.42,88020,95,12053.42,88020,0,0,2017-12-02,2017-12-02
2004,2010,  대형기선 저인망 어업(외끌이),Trawl Large(One Boat),48,3685.99,23370,48,3685.99,23370,0,0,2017-12-02,2017-12-02
2004,2000,근       해         어      업,Off-Shore Fisheries,3773,169723.89,2221140,3773,169723.89,2221140,0,0,2017-12-02,2017-12-02
2004,1990,  기   타   원   양    어   업,Others,10,2181.81,7785,10,2181.81,7785,0,0,2017-12-02,2017-12-02
2004,1070,  원   양   통   발    어   업,Distant Waters Trap,6,1384.34,4620,6,1384.34,4620,0,0,2017-12-02,2017-12-02
2004,1060,  원  양  채  낚  기   어   업,Distant Waters Angling,68,30077.21,87385,68,30077.21,87385,0,0,2017-12-02,2017-12-02
2004,1050,  원  양  봉  수  망   어   업,Distant Waters Stick-held Dip Net,5,2266.89,8400,5,2266.89,8400,0,0,2017-12-02,2017-12-02
2004,1040,  원  양  유  자  망   어   업,Distant Waters Floating Gill Net,2,320.98,920,2,320.98,920,0,0,2017-12-02,2017-12-02
1994,6990,  기                        타,Others,2319,78116.05,170403,1409,76573.07,170403,910,1542.98,2017-12-02,2017-12-02
1994,1030,  원   양   선   망    어   업,Distant Waters Purse Seines,31,33493.15,112484,31,33493.15,112484,0,0,2017-12-02,2017-12-02
2005,5000,내     수     면     어     업,Inland Waters Fisheries,4164,3518.37,222522,3555,3331.36,222522,609,187.01,2017-12-02,2017-12-02
2005,4010,  천      해        양      식,Shallow Sea Culture,18244,27130.63,1493074,17892,26728.43,1493074,352,402.2,2017-12-02,2017-12-02
2005,4000,양            식            업,Culture,18244,27130.63,1493074,17892,26728.43,1493074,352,402.2,2017-12-02,2017-12-02
2005,3990,  연      안        기      타,Coastal Others,0,0,0,0,0,0,0,0,2017-12-02,2017-12-02
2004,3100,  연  안   선  인  망   어  업,Coastal Drag Nets,7,48.25,2121,7,48.25,2121,0,0,2017-12-02,2017-12-02
2004,3090,  연   안   조   망    어   업,Coastal Beam Trawl,532,2641.43,117389,532,2641.43,117389,0,0,2017-12-02,2017-12-02
2004,3080,  연   안   들   망    어   업,Coastal Lift Nets,249,951.26,40210,231,928.03,40210,18,23.23,2017-12-02,2017-12-02
2004,3070,  연   안   통   발    어   업,Coastal Trap,8408,22742.91,1194713,8323,22669.53,1194713,85,73.38,2017-12-02,2017-12-02
2004,3060,  연  안   채  낚  기   어  업,Coastal Angling,0,0,0,0,0,0,0,0,2017-12-02,2017-12-02
2004,3050,  연   안   연   승    어   업,Coastal Long Line,0,0,0,0,0,0,0,0,2017-12-02,2017-12-02
2004,3040,  연   안   선   망    어   업,Coastal Purse Seines,320,1821.19,78190,312,1816.03,78190,8,5.16,2017-12-02,2017-12-02
1999,3070,  연   안   통   발    어   업,Coastal Trap,8818,22055.62,949337,8638,21902.54,949337,180,153.08,2017-12-02,2017-12-02
1999,3010,  연  안   유  자  망   어  업,Coastal Gill Net,20066,48043.3,2094793,18962,47304.65,2094793,1104,738.65,2017-12-02,2017-12-02
1999,2100,  근  해   채  낚  기   어  업,Off-Shore Angling,887,40216.81,365735,887,40216.81,365735,0,0,2017-12-02,2017-12-02
1999,2040,  중형기선 저인망 어업(외끌이),Trawl Medium(One Boat),88,5203.97,36936,88,5203.97,36936,0,0,2017-12-02,2017-12-02
1999,1060,  원  양  채  낚  기   어   업,Distant Waters Angling,106,47573.36,144085,106,47573.36,144085,0,0,2017-12-02,2017-12-02
1994,2070,  동  해  구  트  롤   어   업,Eastern Sea Trawl,40,2584.4,17485,40,2584.4,17485,0,0,2017-12-02,2017-12-02
1999,6990,  기                        타,Others,2523,31140.76,230289,1942,30236.38,230289,581,904.38,2017-12-02,2017-12-02
1999,6020,  지    도      단    속    선,Patrol Boats,170,14420.97,97429,170,14420.97,97429,0,0,2017-12-02,2017-12-02
1999,6010,  어   획   물    운   반   선,Fish Carrier,217,99854.81,215156,217,99854.81,215156,0,0,2017-12-02,2017-12-02
1994,2030,  동해구 기 선 저 인 망  어 업,Eastern Sea Danish Seine,0,0,0,0,0,0,0,0,2017-12-02,2017-12-02
1999,6000,기       타        어       업,Others,2972,161345.33,594283,2390,160439.95,594283,582,905.38,2017-12-02,2017-12-02
1999,5010,  내    수    면     어     업,Inland Waters Fisheries,2742,1589.25,76593,1967,1329.84,76593,775,259.41,2017-12-02,2017-12-02
1999,4010,  천      해        양      식,Shallow Sea Culture,21742,29733.05,1458382,20814,28685.29,1458382,928,1047.76,2017-12-02,2017-12-02
1994,2170,  근   해   형   망    어   업,Off-Shore Dredge Net,160,1518.29,29199,157,1514.81,29199,3,3.48,2017-12-02,2017-12-02
1999,4000,양            식            업,Culture,21742,29733.05,1458382,20814,28685.29,1458382,928,1047.76,2017-12-02,2017-12-02
1999,3990,  연      안        기      타,Coastal Others,96,120.22,5689,91,114.51,5689,5,5.71,2017-12-02,2017-12-02
1999,3140,  정    치    망     어     업,Set Nets,587,3294.48,62001,472,3053.57,62001,115,240.91,2017-12-02,2017-12-02
1999,3130,  구  획  어  업  (이  동  성),Sectional Fishery(Non-Setting),671,696.71,34751,519,625.92,34751,152,70.79,2017-12-02,2017-12-02
1994,3030,  연   안   형   망    어   업,Coastal Dredge Nets,0,0,0,0,0,0,0,0,2017-12-02,2017-12-02
1994,2100,  근  해   채  낚  기   어  업,Off-Shore Angling,827,42979.68,279429,827,42979.68,279429,0,0,2017-12-02,2017-12-02
1994,2110,  기  선   권  현  망   어  업,Anchovy Drag Net,688,23105.96,245320,688,23105.96,245320,0,0,2017-12-02,2017-12-02
1994,2120,  근  해   유  자  망   어  업,Off-Shore Gill Net,1003,28117.34,247616,1001,28086.6,247616,2,30.74,2017-12-02,2017-12-02
2015,3030,  연   안   형   망    어   업,Coastal Dredge Nets,0,0,0,0,0,0,0,0,2017-12-02,2017-12-02
2015,3010,  연  안   유  자  망   어  업,Coastal Gill Net,12582,35796.23,2582496,12501,35685.85,2582496,81,110.38,2017-12-02,2017-12-02
2015,2180,  근   해   연   승    어   업,Off-Shore Long Line,267,7656.52,162497,267,7656.52,162497,0,0,2017-12-02,2017-12-02
2015,2160,  근   해   통   발    어   업,Off-Shore Trap,167,9968.09,122421,167,9968.09,122421,0,0,2017-12-02,2017-12-02
2015,2140,  근  해   봉  수  망   어  업,Off-Shore Stick-held Dip Net,3,28.09,1565,3,28.09,1565,0,0,2017-12-02,2017-12-02
2015,2120,  근  해   유  자  망   어  업,Off-Shore Gill Net,369,10138.04,225784,369,10138.04,225784,0,0,2017-12-02,2017-12-02
2015,2100,  근  해   채  낚  기   어  업,Off-Shore Angling,461,17790.52,279320,461,17790.52,279320,0,0,2017-12-02,2017-12-02
2013,6990,  기                        타,Others,3435,90888.22,635035,2888,90215.88,635035,547,672.34,2017-12-02,2017-12-02
2011,4010,  천      해        양      식,Shallow Sea Culture,17737,35155.08,1950944,17421,34802.29,1950944,316,352.79,2017-12-02,2017-12-02
2011,4000,양            식            업,Culture,17737,35155.08,1950944,17421,34802.29,1950944,316,352.79,2017-12-02,2017-12-02
2011,3990,  연      안        기      타,Coastal Others,0,0,0,0,0,0,0,0,2017-12-02,2017-12-02
2011,3130,  구  획  어  업  (이  동  성),Sectional Fishery(Non-Setting),353,661.21,44550,315,636.15,44550,38,25.06,2017-12-02,2017-12-02
2011,3120,  구  획  어  업  (정  치  성),Sectional Fishery(Setting),1452,3053.59,206450,1408,2917.12,206450,44,136.47,2017-12-02,2017-12-02
2011,3100,  연  안   선  인  망   어  업,Coastal Drag Nets,4,22.03,1035,4,22.03,1035,0,0,2017-12-02,2017-12-02
2011,3080,  연   안   들   망    어   업,Coastal Lift Nets,135,655.18,35321,135,655.18,35321,0,0,2017-12-02,2017-12-02
2011,3060,  연  안   채  낚  기   어  업,Coastal Angling,0,0,0,0,0,0,0,0,2017-12-02,2017-12-02
2011,3040,  연   안   선   망    어   업,Coastal Purse Seines,281,1727.91,88372,273,1724.11,88372,8,3.8,2017-12-02,2017-12-02
2011,3020,  연  안   안  강  망   어  업,Small Stow Net,478,3208.36,186560,478,3208.36,186560,0,0,2017-12-02,2017-12-02
2011,3010,  연  안   유  자  망   어  업,Coastal Gill Net,13683,38308.77,2571068,13574,38219.45,2571068,109,89.32,2017-12-02,2017-12-02
2011,3000,연       안        어       업,Coastal Fisheries,46643,120766.09,7986218,46121,120175.93,7986218,522,590.16,2017-12-02,2017-12-02
1992,3990,  연      안        기      타,Coastal Others,4522,3451.38,39427,2280,2067.35,39427,2062,1384.03,2017-12-02,2017-12-02
1992,3140,  정    치    망     어     업,Set Nets,817,4042.87,36189,542,3353.69,36189,275,689.18,2017-12-02,2017-12-02
1992,3120,  구  획  어  업  (정  치  성),Sectional Fishery(Setting),141,362.2,5319,93,259.02,5319,48,103.18,2017-12-02,2017-12-02
1992,3100,  연  안   선  인  망   어  업,Coastal Drag Nets,0,0,0,0,0,0,0,0,2017-12-02,2017-12-02
1992,3080,  분   기   초   망    어   업,Coastal Lift Nets,351,816.24,12807,197,616.27,12807,154,199.97,2017-12-02,2017-12-02
1992,3060,  연  안   채  낚  기   어  업,Coastal Angling,5133,10943.02,244396,4145,10263.76,244396,988,679.26,2017-12-02,2017-12-02
1992,3040,  연   안   선   망    어   업,Coastal Purse Seines,136,548.11,14646,124,526.82,14646,12,21.29,2017-12-02,2017-12-02
1992,3020,  연  안   안  강  망   어  업,Small Stow Net,1129,6659.85,74537,810,3157.29,74537,319,3502.56,2017-12-02,2017-12-02
1992,3010,  연  안   유  자  망   어  업,Coastal Gill Net,17372,43541.1,1074004,15845,41905.27,1074004,1527,1635.83,2017-12-02,2017-12-02
1993,4010,  천      해        양      식,Shallow Sea Culture,26857,32079.57,803782,21170,27171.49,803782,5687,4908.08,2017-12-02,2017-12-02
2015,3050,  연   안   연   승    어   업,Coastal Long Line,0,0,0,0,0,0,0,0,2017-12-02,2017-12-02
2015,3070,  연   안   통   발    어   업,Coastal Trap,4792,12967.18,980087,4779,12936.03,980087,13,31.15,2017-12-02,2017-12-02
2009,2040,  중형기선 저인망 어업(외끌이),Trawl Medium(One Boat),44,2405.21,20812,44,2405.21,20812,0,0,2017-12-02,2017-12-02
2009,2020,  대형기선 저인망 어업(쌍끌이),Trawl Large(Two Boat),74,9234.08,87635,74,9234.08,87635,0,0,2017-12-02,2017-12-02
2009,2000,근       해         어      업,Off-Shore Fisheries,3047,132436.39,2120735,3047,132436.39,2120735,0,0,2017-12-02,2017-12-02
2009,1070,  원   양   통   발    어   업,Distant Waters Trap,1,360,1000,1,360,1000,0,0,2017-12-02,2017-12-02
2009,1050,  원  양  봉  수  망   어   업,Distant Waters Stick-held Dip Net,1,443.75,1600,1,443.75,1600,0,0,2017-12-02,2017-12-02
2009,1030,  원   양   선   망    어   업,Distant Waters Purse Senes,28,29356.81,103800,28,29356.81,103800,0,0,2017-12-02,2017-12-02
2009,1010,  원   양   연   승    어   업,Long Line,166,66674.18,189842,166,66674.18,189842,0,0,2017-12-02,2017-12-02
2007,2150,  잠    수    기      어    업,Diving,237,1141.41,82272,237,1141.41,82272,0,0,2017-12-02,2017-12-02
2015,6020,  지    도      단    속    선,Patrol Boats,162,26957.86,154809,162,26957.86,154809,0,0,2017-12-02,2017-12-02
2015,6010,  어   획   물    운   반   선,Fish Carrier,294,23931.3,163740,294,23931.3,163740,0,0,2017-12-02,2017-12-02
2015,6000,기       타        어       업,Others,1466,69730.55,570322,1450,69704.62,570322,16,25.93,2017-12-02,2017-12-02
2015,5000,내     수     면     어     업,Inland Waters Fisheries,3101,2022.51,188677,2777,1938.18,188677,324,84.33,2017-12-02,2017-12-02
2015,4000,양            식            업,Culture,16976,41770.15,2530999,16677,41427.63,2530914,299,342.52,2017-12-02,2017-12-02
2015,3140,  정    치    망     어     업,Set Nets,611,5140.3,138018,549,5030.09,138018,62,110.21,2017-12-02,2017-12-02
2015,3120,  구  획  어  업  (정  치  성),Sectional Fishery(Setting),1846,5214.23,349989,1812,5142.18,349929,34,72.05,2017-12-02,2017-12-02
2015,3100,  연  안   선  인  망   어  업,Coastal Drag Nets,2,10.5,630,2,10.5,630,0,0,2017-12-02,2017-12-02
2016,2180,  근   해   연   승    어   업,Off-Shore Long Line,267,8025.07,173027,267,8025.07,173027,0,0,2017-12-02,2017-12-02
2016,2160,  근   해   통   발    어   업,Off-Shore Trap,163,9444.09,124216,163,9444.09,124216,0,0,2017-12-02,2017-12-02
2016,2140,  근  해   봉  수  망   어  업,Off-Shore Stick-held Dip Net,16,82.4,3657,16,82.4,3657,0,0,2017-12-02,2017-12-02
2016,2120,  근  해   유  자  망   어  업,Off-Shore Gill Net,366,10182.31,230788,366,10182.31,230788,0,0,2017-12-02,2017-12-02
2016,2110,  기  선   권  현  망   어  업,Anchovy Drag Net,374,18279.53,199091,374,18279.53,199091,0,0,2017-12-02,2017-12-02
2016,2100,  근  해   채  낚  기   어  업,Off-Shore Angling,445,17007.15,274939,445,17007.15,274939,0,0,2017-12-02,2017-12-02
2016,2080,  대   형   선   망    어   업,Large Powered Purse Seines,144,23767.55,202314,144,23767.55,202314,0,0,2017-12-02,2017-12-02
2016,2060,  대   형   트   롤    어   업,Large Otter Trawl,51,7041,75457,51,7041,75457,0,0,2017-12-02,2017-12-02
2005,2070,  동  해  구  트  롤   어   업,Estern Sea Trawl,40,2032.65,27252,40,2032.65,27252,0,0,2017-12-02,2017-12-02
2005,2050,  중형기선 저인망 어업(쌍끌이),Trawl Medium(Two Boat),22,1015.64,11549,22,1015.64,11549,0,0,2017-12-02,2017-12-02
2005,2030,  동해구 기 선 저 인 망  어 업,Eastern Sea Danish Sein,42,2519.2,17142,42,2519.2,17142,0,0,2017-12-02,2017-12-02
2005,2010,  대형기선 저인망 어업(외끌이),Trawl Large(One Boat),48,3559.68,23105,48,3559.68,23105,0,0,2017-12-02,2017-12-02
2004,6030,  시   험   및    교   습   선,Experiment & Education Boats,42,12364.88,38495,41,12363.88,38495,1,1,2017-12-02,2017-12-02
2015,3090,  연   안   조   망    어   업,Coastal Beam Trawl,367,2073.6,124277,367,2073.6,124277,0,0,2017-12-02,2017-12-02
1993,3990,  연      안        기      타,Coastal Others,2609,1735.31,745,21,28.52,745,2588,1706.79,2017-12-02,2017-12-02
1993,3120,  구  획  어  업  (정  치  성),Sectional Fishery(Setting),198,706.27,5984,108,230.62,5984,90,475.65,2017-12-02,2017-12-02
1993,3090,  연   안   조   망    어   업,Coastal Beam Trawl,54,211.62,7324,53,209.87,7324,1,1.75,2017-12-02,2017-12-02
2003,3130,  구  획  어  업  (이  동  성),Sectional Fishery(Non-Setting),597,793.71,45779,492,753.72,45779,105,39.99,2017-12-02,2017-12-02
2003,3120,  구  획  어  업  (정  치  성),Sectional Fishery(Setting),629,1336.17,62677,583,1231.72,62677,46,104.45,2017-12-02,2017-12-02
1993,2160,  근   해   통   발    어   업,Off-Shore Trap,545,22500.65,165000,545,22500.65,165000,0,0,2017-12-02,2017-12-02
1993,2100,  근  해   채  낚  기   어  업,Off-Shore Angling,809,44593.96,256778,809,44593.96,256778,0,0,2017-12-02,2017-12-02
1993,2080,  대   형   선   망    어   업,Large Powered Purse Seines,329,43454.16,289211,329,43454.16,289211,0,0,2017-12-02,2017-12-02
1999,2060,  대   형   트   롤    어   업,Large Otter Trawl,90,12176.47,116971,90,12176.47,116971,0,0,2017-12-02,2017-12-02
1994,5010,  내    수    면     어     업,Inland Waters Fisheries,2501,1949.09,53972,1599,1384.07,53972,902,565.01,2017-12-02,2017-12-02
1994,5000,내     수     면     어     업,Inland Waters Fisheries,2501,1949.09,53972,1599,1384.07,53972,902,565.01,2017-12-02,2017-12-02
1994,4010,  천      해        양      식,Shallow Sea Culture,21483,26866.63,829790,19453,24672.3,829790,2030,2194.38,2017-12-02,2017-12-02
1994,4000,양            식            업,Culture,21483,26866.63,829790,19453,24672.3,829790,2030,2194.38,2017-12-02,2017-12-02
1994,3990,  연      안        기      타,Coastal Others,934,597.46,483,22,23.36,483,912,574.1,2017-12-02,2017-12-02
1994,3140,  정    치    망     어     업,Set Nets,614,3325.15,34812,437,2824.05,34812,177,501.1,2017-12-02,2017-12-02
1994,3130,  구  획  어  업  (이  동  성),Sectional Fishery(Non-Setting),35,74.92,2121,25,59.41,2121,10,15.5,2017-12-02,2017-12-02
1994,3120,  구  획  어  업  (정  치  성),Sectional Fishery(Setting),298,1894.46,11074,171,381.3,11074,127,1513.13,2017-12-02,2017-12-02
1994,3110,  연   안   복   합    어   업,Coastal Muiti Fishery,0,0,0,0,0,0,0,0,2017-12-02,2017-12-02
1994,3100,  연  안   선  인  망   어  업,Coastal Drag Nets,0,0,0,0,0,0,0,0,2017-12-02,2017-12-02
1994,3090,  연   안   조   망    어   업,Coastal Beam Trawl,47,219.68,7505,43,217.03,7505,4,2.65,2017-12-02,2017-12-02
1994,3080,  분   기   초   망    어   업,Coastal Lift Nets,255,651.18,14061,161,514.08,14061,94,137.1,2017-12-02,2017-12-02
1994,3070,  연   안   통   발    어   업,Coastal Trap,7989,19727.09,609979,7782,19505.17,609979,207,221.92,2017-12-02,2017-12-02
1994,3060,  연  안   채  낚  기   어  업,Coastal Angling,4170,11592.98,357877,4020,11397.96,357877,150,195.02,2017-12-02,2017-12-02
1994,3050,  연   안   연   승    어   업,Coastal Long Line,11883,29372.13,1037280,11368,28827.21,1037280,515,544.92,2017-12-02,2017-12-02
1994,3040,  연   안   선   망    어   업,Coastal Purse Seines,190,903.87,25296,166,858.69,25296,24,45.18,2017-12-02,2017-12-02
1994,3020,  연  안   안  강  망   어  업,Small Stow Net,745,3605.58,76712,605,2656.84,76712,140,948.74,2017-12-02,2017-12-02
1994,3010,  연  안   유  자  망   어  업,Coastal Gill Net,16360,42934.33,1358075,15293,41779.15,1358075,1067,1155.18,2017-12-02,2017-12-02
1994,3000,연       안        어       업,Coastal Fisheries,43520,114898.83,3535275,40093,109056.55,3535275,3427,5854.54,2017-12-02,2017-12-02
1994,2180,  근   해   연   승    어   업,Off-Shore Long Line,1144,25879.42,311549,1144,25879.42,311549,0,0,2017-12-02,2017-12-02
1994,2160,  근   해   통   발    어   업,Off-Shore Trap,535,23759.9,181039,535,23759.9,181039,0,0,2017-12-02,2017-12-02
1994,2150,  잠    수    기      어    업,Diving,246,954.59,42483,246,954.59,42483,0,0,2017-12-02,2017-12-02
1994,2140,  근  해   봉  수  망   어  업,Off-Shore Stick-held Dip Net,3,61,676,3,61,676,0,0,2017-12-02,2017-12-02
1994,2130,  근  해   안  강  망   어  업,Large Stow Net,806,67987.59,302454,806,67987.59,302454,0,0,2017-12-02,2017-12-02
2003,3140,  정    치    망     어     업,Set Nets,574,3546.8,79002,483,3364.06,79002,91,182.74,2017-12-02,2017-12-02
2003,3990,  연      안        기      타,Coastal Others,72,143.93,8515,71,143.21,8515,1,0.72,2017-12-02,2017-12-02
1998,6030,  시   험   및    교   습   선,Experiment & Education Boats,89,15883.21,50261,60,15837.79,50261,29,45.42,2017-12-02,2017-12-02
1998,3010,  연  안   유  자  망   어  업,Coastal Gill Net,18675,45094.33,1825227,17433,44233.36,1825227,1242,860.97,2017-12-02,2017-12-02
1997,2080,  대   형   선   망    어   업,Large Powered Purse Seines,280,37047.05,279551,280,37047.05,279551,0,0,2017-12-02,2017-12-02
1997,2050,  중형기선 저인망 어업(쌍끌이),Trawl Medium(Two Boat),18,780.91,7219,18,780.91,7219,0,0,2017-12-02,2017-12-02
1997,2010,  대형기선 저인망 어업(외끌이),Trawl Large(One Boat),67,5779.69,27985,67,5779.69,27985,0,0,2017-12-02,2017-12-02
2009,3000,연       안        어       업,Coastal Fisheries,50752,124855.59,8183018,49758,123761.98,8183018,994,1093.61,2017-12-02,2017-12-02
2005,2140,  근  해   봉  수  망   어  업,Off-Shore Stick-held Dip Net,9,198.74,3771,9,198.74,3771,0,0,2017-12-02,2017-12-02
2005,2130,  근  해   안  강  망   어  업,Large Stow Net,285,17715.82,134647,285,17715.82,134647,0,0,2017-12-02,2017-12-02
2005,2120,  근  해   유  자  망   어  업,Off-Shore Gill Net,534,15917.88,225513,534,15917.88,225513,0,0,2017-12-02,2017-12-02
2005,2000,근       해         어      업,Off-Shore Fisheries,3687,164036.87,1763298,3687,164036.87,1763298,0,0,2017-12-02,2017-12-02
2005,1990,  기   타   원   양    어   업,Others,9,1971.81,6185,9,1971.81,6185,0,0,2017-12-02,2017-12-02
2005,1070,  원   양   통   발    어   업,Distant Waters Trap,6,1661.34,5320,6,1661.34,5320,0,0,2017-12-02,2017-12-02
2005,1060,  원  양  채  낚  기   어   업,Distant Waters Angling,61,26893.28,71761,61,26893.28,71761,0,0,2017-12-02,2017-12-02
2005,1050,  원  양  봉  수  망   어   업,Distant Waters Stick-held Dip Net,4,1867.06,5100,4,1867.06,5100,0,0,2017-12-02,2017-12-02
2005,1040,  원  양  유  자  망   어   업,Distant Waters Floating Gill Net,2,320.98,920,2,320.98,920,0,0,2017-12-02,2017-12-02
2005,1030,  원   양   선   망    어   업,Distant Waters Purse Senes,21,21219.98,59200,21,21219.98,59200,0,0,2017-12-02,2017-12-02
2005,1020,  원   양   트   롤    어   업,Otter Trawl,178,118088.22,306619,178,118088.22,306619,0,0,2017-12-02,2017-12-02
2005,1010,  원   양   연   승    어   업,Long Line,212,85591.28,170428,212,85591.28,170428,0,0,2017-12-02,2017-12-02
2005,1000,원       양        어       업,Distant Waters Fisheries,493,257613.95,625533,493,257613.95,625533,0,0,2017-12-02,2017-12-02
2005,0,총                          계,Total,90735,700810.03,12949457,87554,697956.28,12949457,3181,2853.75,2017-12-02,2017-12-02
2003,0,총                          계,Total,93257,754439.66,17094036,88521,750763.42,17094036,4736,3676.24,2017-12-02,2017-12-02
2003,6990,  기                        타,Others,1921,30797.33,242884,1309,30018.01,242884,612,779.32,2017-12-02,2017-12-02
2003,6030,  시   험   및    교   습   선,Experiment & Education Boats,48,12333.34,39641,47,12332.34,39641,1,1,2017-12-02,2017-12-02
2003,6020,  지    도      단    속    선,Patrol Boats,164,15137.47,98798,164,15137.47,98798,0,0,2017-12-02,2017-12-02
2003,6010,  어   획   물    운   반   선,Fish Carrier,171,46044,134983,171,46044,134983,0,0,2017-12-02,2017-12-02
2003,6000,기       타        어       업,Others,2304,104312.14,516306,1691,103531.82,516306,613,780.32,2017-12-02,2017-12-02
2003,5010,  내    수    면     어     업,Inland Waters Fisheries,4510,3941.44,258030,3737,3697.22,258030,773,244.22,2017-12-02,2017-12-02
2003,5000,내     수     면     어     업,Inland Waters Fisheries,4510,3941.44,258030,3737,3697.22,258030,773,244.22,2017-12-02,2017-12-02
2003,4010,  천      해        양      식,Shallow Sea Culture,19228,28033.84,1946146,18590,27316.46,1946146,638,717.38,2017-12-02,2017-12-02
2003,4000,양            식            업,Culture,19228,28033.84,1946146,18590,27316.46,1946146,638,717.38,2017-12-02,2017-12-02
2009,2080,  대   형   선   망    어   업,Large Powered Purse Seines,154,22614.45,200451,154,22614.45,200451,0,0,2017-12-02,2017-12-02
1992,4000,양            식            업,Culture,31734,37745.4,779037,23269,30510.8,779037,8465,7234.6,2017-12-02,2017-12-02
2006,5000,내     수     면     어     업,Inland Waters Fisheries,4150,3557.48,224902,3549,3376.9,224902,601,180.58,2017-12-02,2017-12-02
2006,4000,양            식            업,Culture,16337,23955.08,1283802,16049,23645.69,1283802,288,309.39,2017-12-02,2017-12-02
2006,3140,  정    치    망     어     업,Set Nets,407,2904.69,65932,354,2793.92,65932,53,110.77,2017-12-02,2017-12-02
2006,3120,  구  획  어  업  (정  치  성),Sectional Fishery(Setting),470,875.78,46664,440,822.47,46664,30,53.31,2017-12-02,2017-12-02
2006,3100,  연  안   선  인  망   어  업,Coastal Drag Nets,7,41.25,1758,7,41.25,1758,0,0,2017-12-02,2017-12-02
2006,3080,  연   안   들   망    어   업,Coastal Lift Nets,152,700.82,28781,139,681.57,28781,13,19.25,2017-12-02,2017-12-02
2006,3060,  연  안   채  낚  기   어  업,Coastal Angling,0,0,0,0,0,0,0,0,2017-12-02,2017-12-02
2006,3040,  연   안   선   망    어   업,Coastal Purse Seines,309,1767.2,77857,302,1755.44,77857,7,11.76,2017-12-02,2017-12-02
2006,3020,  연  안   안  강  망   어  업,Small Stow Net,402,2475.51,106530,397,2460.21,106530,5,15.3,2017-12-02,2017-12-02
2011,1000,원       양        어       업,Distant Waters Fisheries,377,200315.73,620754,377,200315.73,620754,0,0,2017-12-02,2017-12-02
2000,3010,  연  안   유  자  망   어  업,Coastal Gill Net,20411,48996.34,2575372,19442,48349.67,2575372,969,646.67,2017-12-02,2017-12-02
2000,2180,  근   해   연   승    어   업,Off-Shore Long Line,994,23351.85,313051,994,23351.85,313051,0,0,2017-12-02,2017-12-02
2000,2160,  근   해   통   발    어   업,Off-Shore Trap,377,18343.11,175292,377,18343.11,175292,0,0,2017-12-02,2017-12-02
2000,2140,  근  해   봉  수  망   어  업,Off-Shore Stick-held Dip Net,7,193,2899,7,193,2899,0,0,2017-12-02,2017-12-02
2008,3100,  연  안   선  인  망   어  업,Coastal Drag Nets,8,36.58,2376,8,36.58,2376,0,0,2017-12-02,2017-12-02
2008,3080,  연   안   들   망    어   업,Coastal Lift Nets,176,805.69,39438,169,796.39,39438,7,9.3,2017-12-02,2017-12-02
2008,3030,  연   안   형   망    어   업,Coastal Dredge Nets,0,0,0,0,0,0,0,0,2017-12-02,2017-12-02
2008,3020,  연  안   안  강  망   어  업,Small Stow Net,500,3250.48,165618,499,3247.78,165618,1,2.7,2017-12-02,2017-12-02
2008,3010,  연  안   유  자  망   어  업,Coastal Gill Net,17123,44196.01,2781977,16828,43932.79,2781962,295,263.22,2017-12-02,2017-12-02
2008,2110,  기  선   권  현  망   어  업,Anchovy Drag Net,447,17482.01,191065,447,17482.01,191065,0,0,2017-12-02,2017-12-02
2008,2090,  소   형   선   망    어   업,Small Powered Purse Seines,94,1336.83,40456,94,1336.83,40456,0,0,2017-12-02,2017-12-02
2008,2070,  동  해  구  트  롤   어   업,Estern Sea Trawl,42,2259.42,38595,42,2259.42,38595,0,0,2017-12-02,2017-12-02
2008,2050,  중형기선 저인망 어업(쌍끌이),Trawl Medium(Two Boat),21,1162,11481,21,1162,11481,0,0,2017-12-02,2017-12-02
2008,2030,  동해구 기 선 저 인 망  어 업,Eastern Sea Danish Sein,56,3038.9,25776,56,3038.9,25776,0,0,2017-12-02,2017-12-02
2008,2010,  대형기선 저인망 어업(외끌이),Trawl Large(One Boat),40,2893.31,21964,40,2893.31,21964,0,0,2017-12-02,2017-12-02
2008,1990,  기   타   원   양    어   업,Others,10,2332.15,8555,10,2332.15,8555,0,0,2017-12-02,2017-12-02
2008,1060,  원  양  채  낚  기   어   업,Distant Waters Angling,59,32651.11,88025,59,32651.11,88025,0,0,2017-12-02,2017-12-02
2008,1040,  원  양  유  자  망   어   업,Distant Waters Floating Gill Net,3,542.75,1670,3,542.75,1670,0,0,2017-12-02,2017-12-02
2006,6000,기       타        어       업,Others,1625,75204.46,421527,1258,74751.59,421527,367,452.87,2017-12-02,2017-12-02
2006,6020,  지    도      단    속    선,Patrol Boats,154,18811.65,111436,154,18811.65,111436,0,0,2017-12-02,2017-12-02
2000,3080,  연   안   들   망    어   업,Coastal Lift Nets,237,674.91,24509,199,624.58,24509,38,50.33,2017-12-02,2017-12-02
2000,3060,  연  안   채  낚  기   어  업,Coastal Angling,6638,13006.25,566865,5572,12449.34,566865,1066,556.91,2017-12-02,2017-12-02
2000,3050,  연   안   연   승    어   업,Coastal Long Line,582,920.67,59637,581,920.34,59637,1,0.33,2017-12-02,2017-12-02
2000,3040,  연   안   선   망    어   업,Coastal Purse Seines,519,2815.17,115475,499,2798.36,115475,20,16.81,2017-12-02,2017-12-02
2000,3030,  연   안   형   망    어   업,Coastal Dredge Nets,0,0,0,0,0,0,0,0,2017-12-02,2017-12-02
2000,2130,  근  해   안  강  망   어  업,Large Stow Net,629,48780.54,286048,629,48780.54,286048,0,0,2017-12-02,2017-12-02
2003,3020,  연  안   안  강  망   어  업,Small Stow Net,414,2283.07,100154,397,2237.86,100154,17,45.21,2017-12-02,2017-12-02
2003,3010,  연  안   유  자  망   어  업,Coastal Gill Net,19693,50183.32,4066242,19056,49775.14,4066242,637,408.18,2017-12-02,2017-12-02
2003,3000,연       안        어       업,Coastal Fisheries,62532,159292.79,11149253,59820,157358.47,11149253,2712,1934.32,2017-12-02,2017-12-02
2003,2180,  근   해   연   승    어   업,Off-Shore Long Line,722,16509.8,269083,722,16509.8,269083,0,0,2017-12-02,2017-12-02
2003,2170,  근   해   형   망    어   업,Off-Shore Long Line,76,938.7,20306,76,938.7,20306,0,0,2017-12-02,2017-12-02
2003,2160,  근   해   통   발    어   업,Off-Shore Trap,279,14310.57,137240,279,14310.57,137240,0,0,2017-12-02,2017-12-02
2003,2150,  잠    수    기      어    업,Diving,208,883.37,61390,208,883.37,61390,0,0,2017-12-02,2017-12-02
2003,2140,  근  해   봉  수  망   어  업,Off-Shore Stick-held Dip Net,6,141.77,2454,6,141.77,2454,0,0,2017-12-02,2017-12-02
2003,2130,  근  해   안  강  망   어  업,Large Stow Net,382,26332.48,177385,382,26332.48,177385,0,0,2017-12-02,2017-12-02
2003,2120,  근  해   유  자  망   어  업,Off-Shore Gill Net,643,18640.83,246989,643,18640.83,246989,0,0,2017-12-02,2017-12-02
2003,2110,  기  선   권  현  망   어  업,Anchovy Drag Net,516,18386.51,188529,516,18386.51,188529,0,0,2017-12-02,2017-12-02
2003,2100,  근  해   채  낚  기   어  업,Off-Shore Angling,663,24776.26,740468,663,24776.26,740468,0,0,2017-12-02,2017-12-02
2003,2080,  대   형   선   망    어   업,Large Powered Purse Seines,210,28463.36,246957,210,28463.36,246957,0,0,2017-12-02,2017-12-02
2003,2060,  대   형   트   롤    어   업,Large Otter Trawl,60,8245.91,84697,60,8245.91,84697,0,0,2017-12-02,2017-12-02
2003,2040,  중형기선 저인망 어업(외끌이),Trawl Medium(One Boat),75,4422.33,32619,75,4422.33,32619,0,0,2017-12-02,2017-12-02
2003,2020,  대형기선 저인망 어업(쌍끌이),Trawl Large(Two Boat),131,15358.61,127375,131,15358.61,127375,0,0,2017-12-02,2017-12-02
2003,2000,근       해         어      업,Off-Shore Fisheries,4166,185773.09,2420936,4166,185773.09,2420936,0,0,2017-12-02,2017-12-02
2003,1070,  원   양   통   발    어   업,Distant Waters Trap,7,1713.88,5620,7,1713.88,5620,0,0,2017-12-02,2017-12-02
2003,1050,  원  양  봉  수  망   어   업,Distant Waters Stick-held Dip Net,5,2266.89,8400,5,2266.89,8400,0,0,2017-12-02,2017-12-02
2003,1030,  원   양   선   망    어   업,Distant Waters Purse Senes,28,27573.83,99325,28,27573.83,99325,0,0,2017-12-02,2017-12-02
2003,1010,  원   양   연   승    어   업,Long Line,207,82512.82,242043,207,82512.82,242043,0,0,2017-12-02,2017-12-02
2006,6990,  기                        타,Others,1300,20107.2,191216,934,19655.33,191216,366,451.87,2017-12-02,2017-12-02
2008,1020,  원   양   트   롤    어   업,Otter Trawl,151,99669.42,288069,151,99669.42,288069,0,0,2017-12-02,2017-12-02
2008,1000,원       양        어       업,Distant Waters Fisheries,448,242666.44,718651,448,242666.44,718651,0,0,2017-12-02,2017-12-02
2007,6990,  기                        타,Others,1391,23008.72,199466,1018,22592.39,199216,373,416.33,2017-12-02,2017-12-02
2007,6030,  시   험   및    교   습   선,Experiment & Education Boats,40,6971.7,29710,39,6970.7,29710,1,1,2017-12-02,2017-12-02
2007,6020,  지    도      단    속    선,Patrol Boats,141,18890.67,116711,141,18890.67,116711,0,0,2017-12-02,2017-12-02
2007,6010,  어   획   물    운   반   선,Fish Carrier,133,27954.33,93554,133,27954.33,93554,0,0,2017-12-02,2017-12-02
2007,6000,기       타        어       업,Others,1705,76825.42,439441,1331,76408.09,439191,374,417.33,2017-12-02,2017-12-02
2004,2170,  근   해   형   망    어   업,Off-Shore Long Line,84,1002.66,22975,84,1002.66,22975,0,0,2017-12-02,2017-12-02
2004,2160,  근   해   통   발    어   업,Off-Shore Trap,302,17285.66,156162,302,17285.66,156162,0,0,2017-12-02,2017-12-02
2004,2150,  잠    수    기      어    업,Diving,190,822.48,57940,190,822.48,57940,0,0,2017-12-02,2017-12-02
2004,2140,  근  해   봉  수  망   어  업,Off-Shore Stick-held Dip Net,10,198.74,4115,10,198.74,4115,0,0,2017-12-02,2017-12-02
2004,2130,  근  해   안  강  망   어  업,Large Stow Net,311,20740.82,145095,311,20740.82,145095,0,0,2017-12-02,2017-12-02
2004,2120,  근  해   유  자  망   어  업,Off-Shore Gill Net,545,15935.68,213140,545,15935.68,213140,0,0,2017-12-02,2017-12-02
2004,2110,  기  선   권  현  망   어  업,Anchovy Drag Net,508,17958.9,187906,508,17958.9,187906,0,0,2017-12-02,2017-12-02
2004,2100,  근  해   채  낚  기   어  업,Off-Shore Angling,611,22968.94,721698,611,22968.94,721698,0,0,2017-12-02,2017-12-02
2004,2090,  소   형   선   망    어   업,Small Powered Purse Seines,64,1063.72,22033,64,1063.72,22033,0,0,2017-12-02,2017-12-02
2004,2080,  대   형   선   망    어   업,Large Powered Purse Seines,190,25880.17,194166,190,25880.17,194166,0,0,2017-12-02,2017-12-02
2004,2070,  동  해  구  트  롤   어   업,Estern Sea Trawl,40,2051.05,25530,40,2051.05,25530,0,0,2017-12-02,2017-12-02
2004,2060,  대   형   트   롤    어   업,Large Otter Trawl,58,8025,74592,58,8025,74592,0,0,2017-12-02,2017-12-02
2004,2050,  중형기선 저인망 어업(쌍끌이),Trawl Medium(Two Boat),22,1021,10596,22,1021,10596,0,0,2017-12-02,2017-12-02
1992,2020,  대형기선 저인망 어업(쌍끌이),Trawl Large(Two Boat),401,42562.72,227430,401,42562.72,227430,0,0,2017-12-02,2017-12-02
1992,3000,연       안        어       업,Coastal Fisheries,49210,117069.29,2736906,42821,107844.55,2736906,6209,9224.74,2017-12-02,2017-12-02
2007,3130,  구  획  어  업  (이  동  성),Sectional Fishery(Non-Setting),511,1064.58,55561,417,914.08,55561,94,150.5,2017-12-02,2017-12-02
2007,3120,  구  획  어  업  (정  치  성),Sectional Fishery(Setting),709,1163.68,69411,684,1125.81,69411,25,37.87,2017-12-02,2017-12-02
1997,3070,  연   안   통   발    어   업,Coastal Trap,8748,21828.78,852902,8513,21621.04,852902,235,207.74,2017-12-02,2017-12-02
1997,3010,  연  안   유  자  망   어  업,Coastal Gill Net,16448,41258.18,1844799,15407,40437.68,1844799,1041,820.5,2017-12-02,2017-12-02
1997,2100,  근  해   채  낚  기   어  업,Off-Shore Angling,942,43418.1,376256,942,43418.1,376256,0,0,2017-12-02,2017-12-02
1997,2040,  중형기선 저인망 어업(외끌이),Trawl Medium(One Boat),85,5038.86,35847,85,5038.86,35847,0,0,2017-12-02,2017-12-02
1997,1990,  기   타   원   양    어   업,Others,7,1221.43,3700,7,1221.43,3700,0,0,2017-12-02,2017-12-02
1997,6990,  기                        타,Others,1771,31570.28,158705,1131,30570.29,158705,640,999.99,2017-12-02,2017-12-02
2006,0,총                          계,Total,86113,673719.29,14388063,83358,671299.4,14387995,2755,2419.89,2017-12-02,2017-12-02
2006,1000,원       양        어       업,Distant Waters Fisheries,483,258422.11,758741,483,258422.11,758741,0,0,2017-12-02,2017-12-02
2009,0,총                          계,Total,77713,594772.38,13350321,75247,592444.59,13350321,2466,2327.79,2017-12-02,2017-12-02
2009,6030,  시   험   및    교   습   선,Experiment & Education Boats,40,6272.86,30589,37,6270.02,30589,3,2.84,2017-12-02,2017-12-02
2009,6010,  어   획   물    운   반   선,Fish Carrier,132,22715.04,86103,132,22715.04,86103,0,0,2017-12-02,2017-12-02
2009,5010,  내    수    면     어     업,Inland Waters Fisheries,3824,2974.59,228429,3275,2809.56,228429,549,165.03,2017-12-02,2017-12-02
2009,4010,  천      해        양      식,Shallow Sea Culture,17786,31077.38,1733981,17337,30559.7,1733981,449,517.68,2017-12-02,2017-12-02
2009,3990,  연      안        기      타,Coastal Others,6,1.27,33,2,0.57,33,4,0.7,2017-12-02,2017-12-02
2009,3130,  구  획  어  업  (이  동  성),Sectional Fishery(Non-Setting),702,1787.9,111042,617,1640.26,111042,85,147.64,2017-12-02,2017-12-02
2009,3120,  구  획  어  업  (정  치  성),Sectional Fishery(Setting),1191,2096.55,144195,1152,2011.51,144195,39,85.04,2017-12-02,2017-12-02
2009,3110,  연   안   복   합    어   업,Coastal Muiti Fishery,25459,54943.94,3638781,25016,54583.52,3638781,443,360.42,2017-12-02,2017-12-02
2009,3100,  연  안   선  인  망   어  업,Coastal Drag Nets,8,42.68,2387,8,42.68,2387,0,0,2017-12-02,2017-12-02
2009,3090,  연   안   조   망    어   업,Coastal Beam Trawl,102,531.32,27310,102,531.32,27310,0,0,2017-12-02,2017-12-02
2009,3080,  연   안   들   망    어   업,Coastal Lift Nets,189,834.54,41184,181,824.2,41184,8,10.34,2017-12-02,2017-12-02
2009,3070,  연   안   통   발    어   업,Coastal Trap,5619,14545.31,969287,5509,14401.14,969287,110,144.17,2017-12-02,2017-12-02
2009,3060,  연  안   채  낚  기   어  업,Coastal Angling,0,0,0,0,0,0,0,0,2017-12-02,2017-12-02
2009,3050,  연   안   연   승    어   업,Coastal Long Line,0,0,0,0,0,0,0,0,2017-12-02,2017-12-02
2009,3040,  연   안   선   망    어   업,Coastal Purse Seines,251,1488.63,73909,242,1477.43,73909,9,11.2,2017-12-02,2017-12-02
2009,3030,  연   안   형   망    어   업,Coastal Dredge Nets,0,0,0,0,0,0,0,0,2017-12-02,2017-12-02
2009,3020,  연  안   안  강  망   어  업,Small Stow Net,449,2923.31,157802,448,2920.61,157802,1,2.7,2017-12-02,2017-12-02
2009,3010,  연  안   유  자  망   어  업,Coastal Gill Net,16278,41778.71,2915413,16044,41571.86,2915413,234,206.85,2017-12-02,2017-12-02
2005,6030,  시   험   및    교   습   선,Experiment & Education Boats,41,10224.76,34753,40,10223.76,34753,1,1,2017-12-02,2017-12-02
2005,6020,  지    도      단    속    선,Patrol Boats,161,18555.84,100604,161,18555.84,100604,0,0,2017-12-02,2017-12-02
2006,1070,  원   양   통   발    어   업,Distant Waters Trap,7,1615.76,5510,7,1615.76,5510,0,0,2017-12-02,2017-12-02
2006,1060,  원  양  채  낚  기   어   업,Distant Waters Angling,62,27122.71,81836,62,27122.71,81836,0,0,2017-12-02,2017-12-02
2006,1050,  원  양  봉  수  망   어   업,Distant Waters Stick-held Dip Net,8,3752.46,12200,8,3752.46,12200,0,0,2017-12-02,2017-12-02
2006,1040,  원  양  유  자  망   어   업,Distant Waters Floating Gill Net,2,320.98,920,2,320.98,920,0,0,2017-12-02,2017-12-02
2006,1030,  원   양   선   망    어   업,Distant Waters Purse Senes,24,24358.98,86075,24,24358.98,86075,0,0,2017-12-02,2017-12-02
2006,1020,  원   양   트   롤    어   업,Otter Trawl,177,120826,332822,177,120826,332822,0,0,2017-12-02,2017-12-02
2006,1010,  원   양   연   승    어   업,Long Line,194,78453.41,233193,194,78453.41,233193,0,0,2017-12-02,2017-12-02
2000,3090,  연   안   조   망    어   업,Coastal Beam Trawl,556,2323.17,98409,554,2322.52,98409,2,0.65,2017-12-02,2017-12-02
2000,3100,  연  안   선  인  망   어  업,Coastal Drag Nets,4,7.68,394,4,7.68,394,0,0,2017-12-02,2017-12-02
2006,2090,  소   형   선   망    어   업,Small Powered Purse Seines,105,1748.74,39039,105,1748.74,39039,0,0,2017-12-02,2017-12-02
2006,2080,  대   형   선   망    어   업,Large Powered Purse Seines,191,26191.48,228933,191,26191.48,228933,0,0,2017-12-02,2017-12-02
2006,2070,  동  해  구  트  롤   어   업,Estern Sea Trawl,38,1994.42,31475,38,1994.42,31475,0,0,2017-12-02,2017-12-02
2006,2060,  대   형   트   롤    어   업,Large Otter Trawl,58,8088.95,80437,58,8088.95,80437,0,0,2017-12-02,2017-12-02
2006,2050,  중형기선 저인망 어업(쌍끌이),Trawl Medium(Two Boat),22,1134,10775,22,1134,10775,0,0,2017-12-02,2017-12-02
2006,2040,  중형기선 저인망 어업(외끌이),Trawl Medium(One Boat),44,2354.21,21520,44,2354.21,21520,0,0,2017-12-02,2017-12-02
2006,2030,  동해구 기 선 저 인 망  어 업,Eastern Sea Danish Sein,44,2609.06,18544,44,2609.06,18544,0,0,2017-12-02,2017-12-02
2006,2020,  대형기선 저인망 어업(쌍끌이),Trawl Large(Two Boat),88,11080.1,100743,88,11080.1,100743,0,0,2017-12-02,2017-12-02
2006,2010,  대형기선 저인망 어업(외끌이),Trawl Large(One Boat),52,4839.73,30553,52,4839.73,30553,0,0,2017-12-02,2017-12-02
2006,2000,근       해         어      업,Off-Shore Fisheries,3629,162831.04,1880114,3629,162831.04,1880114,0,0,2017-12-02,2017-12-02
2006,1990,  기   타   원   양    어   업,Others,9,1971.81,6185,9,1971.81,6185,0,0,2017-12-02,2017-12-02
1998,2120,  근  해   유  자  망   어  업,Off-Shore Gill Net,970,30833.03,769898,970,30833.03,769898,0,0,2017-12-02,2017-12-02
1998,2100,  근  해   채  낚  기   어  업,Off-Shore Angling,937,42514.77,380520,937,42514.77,380520,0,0,2017-12-02,2017-12-02
1998,2090,  소   형   선   망    어   업,Small Powered Purse Seines,99,1656.24,27445,99,1656.24,27445,0,0,2017-12-02,2017-12-02
1998,2080,  대   형   선   망    어   업,Large Powered Purse Seines,251,32481.74,259070,251,32481.74,259070,0,0,2017-12-02,2017-12-02
1998,2070,  동  해  구  트  롤   어   업,Estern Sea Trawl,39,2275.38,17389,39,2275.38,17389,0,0,2017-12-02,2017-12-02
1998,2060,  대   형   트   롤    어   업,Large Otter Trawl,92,12393.38,118821,92,12393.38,118821,0,0,2017-12-02,2017-12-02
1998,2050,  중형기선 저인망 어업(쌍끌이),Trawl Medium(Two Boat),16,645,6879,16,645,6879,0,0,2017-12-02,2017-12-02
1998,2110,  기  선   권  현  망   어  업,Anchovy Drag Net,604,20711.01,1042048,604,20711.01,1042048,0,0,2017-12-02,2017-12-02
1998,2020,  대형기선 저인망 어업(쌍끌이),Trawl Large(Two Boat),304,33013.81,238452,304,33013.81,238452,0,0,2017-12-02,2017-12-02
1998,1060,  원  양  채  낚  기   어   업,Distant Waters Angling,108,47740.23,146135,108,47740.23,146135,0,0,2017-12-02,2017-12-02
1998,6990,  기                        타,Others,2075,30961.68,190272,1433,29932.55,190272,642,1029.13,2017-12-02,2017-12-02
1998,6020,  지    도      단    속    선,Patrol Boats,166,13494.85,86725,165,13490.01,86725,1,4.84,2017-12-02,2017-12-02
1998,6010,  어   획   물    운   반   선,Fish Carrier,220,92780.13,203693,220,92780.13,203693,0,0,2017-12-02,2017-12-02
1998,6000,기       타        어       업,Others,2550,153119.87,530951,1878,152040.48,530951,672,1079.39,2017-12-02,2017-12-02
1998,5000,내     수     면     어     업,Inland Waters Fisheries,2624,1702.89,72424,1913,1453.04,72424,711,249.85,2017-12-02,2017-12-02
1998,4010,  천      해        양      식,Shallow Sea Culture,20911,27894.01,1302877,19905,26709.27,1302877,1006,1184.74,2017-12-02,2017-12-02
1998,4000,양            식            업,Culture,20911,27894.01,1302877,19905,26709.27,1302877,1006,1184.74,2017-12-02,2017-12-02
2006,2100,  근  해   채  낚  기   어  업,Off-Shore Angling,679,26266.63,337746,679,26266.63,337746,0,0,2017-12-02,2017-12-02
2006,2110,  기  선   권  현  망   어  업,Anchovy Drag Net,469,16995.74,183792,469,16995.74,183792,0,0,2017-12-02,2017-12-02
2004,1010,  원   양   연   승    어   업,Long Line,192,76527.35,143198,192,76527.35,143198,0,0,2017-12-02,2017-12-02
2004,1000,원       양        어       업,Distant Waters Fisheries,491,261236.87,633173,491,261236.87,633173,0,0,2017-12-02,2017-12-02
2004,0,총                          계,Total,91608,724979.88,16743102,87203,721397.74,16743102,4405,3582.14,2017-12-02,2017-12-02
2007,3140,  정    치    망     어     업,Set Nets,482,3595.03,249547,422,3483.75,249547,60,111.28,2017-12-02,2017-12-02
2008,3090,  연   안   조   망    어   업,Coastal Beam Trawl,60,287.65,15365,60,287.65,15365,0,0,2017-12-02,2017-12-02
2008,3070,  연   안   통   발    어   업,Coastal Trap,5782,14963.94,970351,5653,14802.79,970201,129,161.15,2017-12-02,2017-12-02
2008,3060,  연  안   채  낚  기   어  업,Coastal Angling,0,0,0,0,0,0,0,0,2017-12-02,2017-12-02
2008,3050,  연   안   연   승    어   업,Coastal Long Line,0,0,0,0,0,0,0,0,2017-12-02,2017-12-02
2008,3040,  연   안   선   망    어   업,Coastal Purse Seines,258,1557.93,76094,250,1553.4,76094,8,4.53,2017-12-02,2017-12-02
2005,3140,  정    치    망     어     업,Set Nets,470,3082.44,69599,410,2955.8,69599,60,126.64,2017-12-02,2017-12-02
2005,3130,  구  획  어  업  (이  동  성),Sectional Fishery(Non-Setting),421,630.61,29908,323,483.16,29908,98,147.45,2017-12-02,2017-12-02
2005,3120,  구  획  어  업  (정  치  성),Sectional Fishery(Setting),479,835.15,42317,442,762.73,42317,37,72.42,2017-12-02,2017-12-02
2005,3110,  연   안   복   합    어   업,Coastal Muiti Fishery,33725,82064.22,4442944,32743,81333.69,4442944,982,730.53,2017-12-02,2017-12-02
2005,3100,  연  안   선  인  망   어  업,Coastal Drag Nets,7,47.29,1960,7,47.29,1960,0,0,2017-12-02,2017-12-02
2005,3090,  연   안   조   망    어   업,Coastal Beam Trawl,529,2637.55,119524,529,2637.55,119524,0,0,2017-12-02,2017-12-02
2005,3080,  연   안   들   망    어   업,Coastal Lift Nets,248,947.36,40786,236,929.93,40786,12,17.43,2017-12-02,2017-12-02
2005,3070,  연   안   통   발    어   업,Coastal Trap,8151,22109.9,1180169,8095,22035.02,1180169,56,74.88,2017-12-02,2017-12-02
2005,3060,  연  안   채  낚  기   어  업,Coastal Angling,0,0,0,0,0,0,0,0,2017-12-02,2017-12-02
2005,3050,  연   안   연   승    어   업,Coastal Long Line,0,0,0,0,0,0,0,0,2017-12-02,2017-12-02
2005,3040,  연   안   선   망    어   업,Coastal Purse Seines,318,1820.74,79771,312,1809.32,79771,6,11.42,2017-12-02,2017-12-02
2006,3000,연       안        어       업,Coastal Fisheries,59889,149749.12,9818977,58390,148272.07,9818909,1499,1477.05,2017-12-02,2017-12-02
2006,2180,  근   해   연   승    어   업,Off-Shore Long Line,495,13585.29,215655,495,13585.29,215655,0,0,2017-12-02,2017-12-02
2006,2170,  근   해   형   망    어   업,Off-Shore Long Line,119,1757.74,39125,119,1757.74,39125,0,0,2017-12-02,2017-12-02
2006,2160,  근   해   통   발    어   업,Off-Shore Trap,250,13943.06,133934,250,13943.06,133934,0,0,2017-12-02,2017-12-02
2006,2150,  잠    수    기      어    업,Diving,236,1218.66,73898,236,1218.66,73898,0,0,2017-12-02,2017-12-02
2006,2140,  근  해   봉  수  망   어  업,Off-Shore Stick-held Dip Net,9,151.74,3397,9,151.74,3397,0,0,2017-12-02,2017-12-02
2006,2130,  근  해   안  강  망   어  업,Large Stow Net,266,14054.65,124825,266,14054.65,124825,0,0,2017-12-02,2017-12-02
2006,2120,  근  해   유  자  망   어  업,Off-Shore Gill Net,464,14816.84,205723,464,14816.84,205723,0,0,2017-12-02,2017-12-02
1998,3990,  연      안        기      타,Coastal Others,1443,940.07,17756,380,378.15,17756,1063,561.92,2017-12-02,2017-12-02
1998,3140,  정    치    망     어     업,Set Nets,566,3011.73,50619,440,2734.93,50619,126,276.8,2017-12-02,2017-12-02
2001,2030,  동해구 기 선 저 인 망  어 업,Eastern Sea Danish Sein,6,378.24,3000,6,378.24,3000,0,0,2017-12-02,2017-12-02
2001,2010,  대형기선 저인망 어업(외끌이),Trawl Large(One Boat),56,4611.93,24048,56,4611.93,24048,0,0,2017-12-02,2017-12-02
2001,1990,  기   타   원   양    어   업,Others,7,1298.81,3685,7,1298.81,3685,0,0,2017-12-02,2017-12-02
2001,1060,  원  양  채  낚  기   어   업,Distant Waters Angling,84,38198.51,113135,84,38198.51,113135,0,0,2017-12-02,2017-12-02
2001,1040,  원  양  유  자  망   어   업,Distant Waters Floating Gill Net,3,481.47,1380,3,481.47,1380,0,0,2017-12-02,2017-12-02
2001,1020,  원   양   트   롤    어   업,Otter Trawl,213,175328.18,421818,213,175328.18,421818,0,0,2017-12-02,2017-12-02
2001,1000,원       양        어       업,Distant Waters Fisheries,568,335552.23,914676,568,335552.23,914676,0,0,2017-12-02,2017-12-02
2000,6000,기       타        어       업,Others,2641,144420.97,919455,2058,143507.9,919455,583,913.07,2017-12-02,2017-12-02
2000,3070,  연   안   통   발    어   업,Coastal Trap,8274,21293.52,1233214,8124,21168.49,1233214,150,125.03,2017-12-02,2017-12-02
2000,2090,  소   형   선   망    어   업,Small Powered Purse Seines,82,1420.16,26098,82,1420.16,26098,0,0,2017-12-02,2017-12-02
2000,1060,  원  양  채  낚  기   어   업,Distant Waters Angling,94,42369.22,126735,94,42369.22,126735,0,0,2017-12-02,2017-12-02
2000,6020,  지    도      단    속    선,Patrol Boats,168,15033.36,100703,168,15033.36,100703,0,0,2017-12-02,2017-12-02
2000,5010,  내    수    면     어     업,Inland Waters Fisheries,3664,2874.11,202178,2797,2591.39,202178,867,282.72,2017-12-02,2017-12-02
2000,4010,  천      해        양      식,Shallow Sea Culture,20359,28515.84,1430723,19491,27531.44,1430723,868,984.4,2017-12-02,2017-12-02
2000,3990,  연      안        기      타,Coastal Others,74,104.35,5954,71,100.86,5954,3,3.49,2017-12-02,2017-12-02
2000,3140,  정    치    망     어     업,Set Nets,593,3445.45,68770,482,3213.34,68770,111,232.11,2017-12-02,2017-12-02
2000,3130,  구  획  어  업  (이  동  성),Sectional Fishery(Non-Setting),726,861.93,47216,582,801.76,47216,144,60.17,2017-12-02,2017-12-02
2000,3110,  연   안   복   합    어   업,Coastal Muiti Fishery,23646,52498.11,2865986,21946,51409.12,2865986,1700,1088.99,2017-12-02,2017-12-02
2001,3080,  연   안   들   망    어   업,Coastal Lift Nets,230,661.67,26303,199,625.24,26303,31,36.43,2017-12-02,2017-12-02
2001,3070,  연   안   통   발    어   업,Coastal Trap,7981,20905.69,1000749,7872,20812.38,1000749,109,93.31,2017-12-02,2017-12-02
2001,3060,  연  안   채  낚  기   어  업,Coastal Angling,5905,10594.81,482777,4932,10109.03,482777,973,485.78,2017-12-02,2017-12-02
2001,3050,  연   안   연   승    어   업,Coastal Long Line,0,0,0,0,0,0,0,0,2017-12-02,2017-12-02
2001,3040,  연   안   선   망    어   업,Coastal Purse Seines,494,2688.58,112316,475,2672.39,112316,19,16.19,2017-12-02,2017-12-02
2001,3030,  연   안   형   망    어   업,Coastal Dredge Nets,0,0,0,0,0,0,0,0,2017-12-02,2017-12-02
2001,3020,  연  안   안  강  망   어  업,Small Stow Net,408,2126.03,85279,391,2086.32,85279,17,39.71,2017-12-02,2017-12-02
2001,3010,  연  안   유  자  망   어  업,Coastal Gill Net,20623,50659.25,3345793,19796,50115.24,3345793,827,544.01,2017-12-02,2017-12-02
2001,3000,연       안        어       업,Coastal Fisheries,62976,154271.36,8937270,59486,151853.2,8937270,3490,2418.16,2017-12-02,2017-12-02
2001,2180,  근   해   연   승    어   업,Off-Shore Long Line,907,21252.81,309174,907,21252.81,309174,0,0,2017-12-02,2017-12-02
2001,2050,  중형기선 저인망 어업(쌍끌이),Trawl Medium(Two Boat),15,595,6805,15,595,6805,0,0,2017-12-02,2017-12-02
2001,2070,  동  해  구  트  롤   어   업,Estern Sea Trawl,35,1883.73,19911,35,1883.73,19911,0,0,2017-12-02,2017-12-02
1998,3130,  구  획  어  업  (이  동  성),Sectional Fishery(Non-Setting),509,572.89,26997,424,523,26997,85,49.89,2017-12-02,2017-12-02
1998,3120,  구  획  어  업  (정  치  성),Sectional Fishery(Setting),555,1223.01,44846,497,1065.98,44846,58,157.03,2017-12-02,2017-12-02
1998,3110,  연   안   복   합    어   업,Coastal Muiti Fishery,0,0,0,0,0,0,0,0,2017-12-02,2017-12-02
1998,3100,  연  안   선  인  망   어  업,Coastal Drag Nets,0,0,0,0,0,0,0,0,2017-12-02,2017-12-02
1998,3090,  연   안   조   망    어   업,Coastal Beam Trawl,759,3097.41,127261,756,3095.51,127261,3,1.9,2017-12-02,2017-12-02
1998,3080,  연   안   들   망    어   업,Coastal Lift Nets,258,637.74,19450,189,536.38,19450,69,101.36,2017-12-02,2017-12-02
1993,2070,  동  해  구  트  롤   어   업,Eastern Sea Trawl,44,2957.61,19475,44,2957.61,19475,0,0,2017-12-02,2017-12-02
1993,2060,  대   형   트   롤    어   업,Large Otter Trawl,86,11482.06,81594,86,11482.06,81594,0,0,2017-12-02,2017-12-02
1993,2050,  중형기선 저인망 어업(쌍끌이),Trawl Medium(Two Boat),23,970.42,7141,23,970.42,7141,0,0,2017-12-02,2017-12-02
1993,2040,  중형기선 저인망 어업(외끌이),Trawl Medium(One Boat),94,5062.38,33444,94,5062.38,33444,0,0,2017-12-02,2017-12-02
1993,2030,  동해구 기 선 저 인 망  어 업,Eastern Sea Danish Seine,0,0,0,0,0,0,0,0,2017-12-02,2017-12-02
1993,2020,  대형기선 저인망 어업(쌍끌이),Trawl Large(Two Boat),379,40287.65,223011,379,40287.65,223011,0,0,2017-12-02,2017-12-02
1993,2010,  대형기선 저인망 어업(외끌이),Trawl Large(One Boat),76,6401.18,25904,76,6401.18,25904,0,0,2017-12-02,2017-12-02
2002,1020,  원   양   트   롤    어   업,Otter Trawl,200,163521.5,390131,200,163521.5,390131,0,0,2017-12-02,2017-12-02
2002,1000,원       양        어       업,Distant Waters Fisheries,543,318854.86,867419,543,318854.86,867419,0,0,2017-12-02,2017-12-02
2001,6030,  시   험   및    교   습   선,Experiment & Education Boats,53,12403.48,40981,52,12402.48,40981,1,1,2017-12-02,2017-12-02
2001,6010,  어   획   물    운   반   선,Fish Carrier,201,77380.47,181922,201,77380.47,181922,0,0,2017-12-02,2017-12-02
2001,5010,  내    수    면     어     업,Inland Waters Fisheries,4330,3489.97,224078,3527,3232.1,224078,803,257.87,2017-12-02,2017-12-02
2001,4010,  천      해        양      식,Shallow Sea Culture,19856,28944.73,1484043,19133,28127.86,1484043,723,816.87,2017-12-02,2017-12-02
2001,3990,  연      안        기      타,Coastal Others,57,105.85,5662,56,105.48,5662,1,0.37,2017-12-02,2017-12-02
2001,3130,  구  획  어  업  (이  동  성),Sectional Fishery(Non-Setting),648,773.25,43587,521,721.96,43587,127,51.29,2017-12-02,2017-12-02
2001,3110,  연   안   복   합    어   업,Coastal Muiti Fishery,24864,58525.32,3600959,23628,57691.58,3600959,1236,833.74,2017-12-02,2017-12-02
2001,3090,  연   안   조   망    어   업,Coastal Beam Trawl,509,2171.41,92348,507,2170.76,92348,2,0.65,2017-12-02,2017-12-02
2001,2170,  근   해   형   망    어   업,Off-Shore Long Line,82,1050.95,21555,82,1050.95,21555,0,0,2017-12-02,2017-12-02
2001,2150,  잠    수    기      어    업,Diving,208,852.81,56890,208,852.81,56890,0,0,2017-12-02,2017-12-02
2001,2130,  근  해   안  강  망   어  업,Large Stow Net,585,43359.95,271354,585,43359.95,271354,0,0,2017-12-02,2017-12-02
2001,2110,  기  선   권  현  망   어  업,Anchovy Drag Net,552,19123.08,190930,552,19123.08,190930,0,0,2017-12-02,2017-12-02
2001,2090,  소   형   선   망    어   업,Small Powered Purse Seines,92,1543.74,29950,92,1543.74,29950,0,0,2017-12-02,2017-12-02
1997,6030,  시   험   및    교   습   선,Experiment & Education Boats,85,12487.17,42159,56,12441.75,42159,29,45.42,2017-12-02,2017-12-02
1997,6020,  지    도      단    속    선,Patrol Boats,159,13845.14,83043,158,13840.3,83043,1,4.84,2017-12-02,2017-12-02
1997,6010,  어   획   물    운   반   선,Fish Carrier,210,83647.33,182552,210,83647.33,182552,0,0,2017-12-02,2017-12-02
1993,2150,  잠    수    기      어    업,Diving,248,969.12,37216,248,969.12,37216,0,0,2017-12-02,2017-12-02
1993,2140,  근  해   봉  수  망   어  업,Off-Shore Stick-held Dip Net,2,50,440,2,50,440,0,0,2017-12-02,2017-12-02
1993,2130,  근  해   안  강  망   어  업,Large Stow Net,818,68673.43,297684,818,68673.43,297684,0,0,2017-12-02,2017-12-02
1993,2120,  근  해   유  자  망   어  업,Off-Shore Gill Net,1064,30539.37,232941,1064,30539.37,232941,0,0,2017-12-02,2017-12-02
1993,2110,  기  선   권  현  망   어  업,Anchovy Drag Net,719,23715.98,169814,719,23715.98,169814,0,0,2017-12-02,2017-12-02
1993,2090,  소   형   선   망    어   업,Small Powered Purse Seines,121,2461.18,19530,120,2458.96,19530,1,2.22,2017-12-02,2017-12-02
1999,2090,  소   형   선   망    어   업,Small Powered Purse Seines,82,1435.81,24432,82,1435.81,24432,0,0,2017-12-02,2017-12-02
1999,2080,  대   형   선   망    어   업,Large Powered Purse Seines,238,32060.05,256416,238,32060.05,256416,0,0,2017-12-02,2017-12-02
1999,2070,  동  해  구  트  롤   어   업,Estern Sea Trawl,36,1983.1,17316,36,1983.1,17316,0,0,2017-12-02,2017-12-02
1999,2050,  중형기선 저인망 어업(쌍끌이),Trawl Medium(Two Boat),14,550,6161,14,550,6161,0,0,2017-12-02,2017-12-02
1999,2030,  동해구 기 선 저 인 망  어 업,Eastern Sea Danish Sein,0,0,0,0,0,0,0,0,2017-12-02,2017-12-02
1999,2020,  대형기선 저인망 어업(쌍끌이),Trawl Large(Two Boat),287,31493.97,229257,287,31493.97,229257,0,0,2017-12-02,2017-12-02
1997,1030,  원   양   선   망    어   업,Distant Waters Purse Senes,30,31941.76,106125,30,31941.76,106125,0,0,2017-12-02,2017-12-02
1997,1020,  원   양   트   롤    어   업,Otter Trawl,227,172824.06,439352,227,172824.06,439352,0,0,2017-12-02,2017-12-02
1997,1010,  원   양   연   승    어   업,Long Line,233,91734.35,271443,233,91734.35,271443,0,0,2017-12-02,2017-12-02
1997,1000,원       양        어       업,Distant Waters Fisheries,637,357688.66,1003965,637,357688.66,1003965,0,0,2017-12-02,2017-12-02
1997,0,총                          계,Total,81000,964470.79,12700482,73780,958155.03,12700482,7220,6315.76,2017-12-02,2017-12-02
1998,2040,  중형기선 저인망 어업(외끌이),Trawl Medium(One Boat),90,5325.63,37691,90,5325.63,37691,0,0,2017-12-02,2017-12-02
1998,2030,  동해구 기 선 저 인 망  어 업,Eastern Sea Danish Sein,0,0,0,0,0,0,0,0,2017-12-02,2017-12-02
1998,2010,  대형기선 저인망 어업(외끌이),Trawl Large(One Boat),60,5320.41,25690,60,5320.41,25690,0,0,2017-12-02,2017-12-02
1998,2000,근       해         어      업,Off-Shore Fisheries,6165,302323.82,4695732,6164,302322.8,4695732,1,1.02,2017-12-02,2017-12-02
1998,1990,  기   타   원   양    어   업,Others,7,1298.81,3685,7,1298.81,3685,0,0,2017-12-02,2017-12-02
1998,1070,  원   양   통   발    어   업,Distant Waters Trap,8,2105.1,8270,8,2105.1,8270,0,0,2017-12-02,2017-12-02
1998,1050,  원  양  봉  수  망   어   업,Distant Waters Stick-held Dip Net,13,4537.57,15400,13,4537.57,15400,0,0,2017-12-02,2017-12-02
1998,1040,  원  양  유  자  망   어   업,Distant Waters Floating Gill Net,3,481.47,1380,3,481.47,1380,0,0,2017-12-02,2017-12-02
1998,1030,  원   양   선   망    어   업,Distant Waters Purse Senes,29,30435.71,102525,29,30435.71,102525,0,0,2017-12-02,2017-12-02
1998,1020,  원   양   트   롤    어   업,Otter Trawl,228,179397.4,435627,228,179397.4,435627,0,0,2017-12-02,2017-12-02
1998,1010,  원   양   연   승    어   업,Long Line,232,91415.97,270143,232,91415.97,270143,0,0,2017-12-02,2017-12-02
1993,2170,  근   해   형   망    어   업,Off-Shore Dredge Net,169,1641.92,30578,168,1641.57,30578,1,0.35,2017-12-02,2017-12-02
1993,2180,  근   해   연   승    어   업,Off-Shore Long Line,1150,25514.88,287760,1150,25514.88,287760,0,0,2017-12-02,2017-12-02
1998,3050,  연   안   연   승    어   업,Coastal Long Line,15639,35793.67,1541767,14775,35111.63,1541767,864,682.04,2017-12-02,2017-12-02
1998,3040,  연   안   선   망    어   업,Coastal Purse Seines,208,1023.52,40109,188,1007.1,40109,20,16.42,2017-12-02,2017-12-02
1998,3030,  연   안   형   망    어   업,Coastal Dredge Nets,0,0,0,0,0,0,0,0,2017-12-02,2017-12-02
1998,3020,  연  안   안  강  망   어  업,Small Stow Net,595,3111.78,101103,552,2996.66,101103,43,115.12,2017-12-02,2017-12-02
1998,3000,연       안        어       업,Coastal Fisheries,58119,135881.02,5481894,52315,131766.3,5481894,5804,4114.72,2017-12-02,2017-12-02
1998,2180,  근   해   연   승    어   업,Off-Shore Long Line,1079,25942.86,311823,1079,25942.86,311823,0,0,2017-12-02,2017-12-02
1998,2170,  근   해   형   망    어   업,Off-Shore Long Line,112,1321.53,24900,111,1320.51,24900,1,1.02,2017-12-02,2017-12-02
1998,2150,  잠    수    기      어    업,Diving,219,855.48,52516,219,855.48,52516,0,0,2017-12-02,2017-12-02
1998,2140,  근  해   봉  수  망   어  업,Off-Shore Stick-held Dip Net,7,193,2539,7,193,2539,0,0,2017-12-02,2017-12-02
1998,2130,  근  해   안  강  망   어  업,Large Stow Net,769,61661.32,1158438,769,61661.32,1158438,0,0,2017-12-02,2017-12-02
1993,2000,근       해         어      업,Off-Shore Fisheries,6676,331275.95,2177521,6674,331273.38,2177521,2,2.57,2017-12-02,2017-12-02
1993,1990,  기   타   원   양    어   업,Others,2,1773.2,5200,2,1773.2,5200,0,0,2017-12-02,2017-12-02
1993,1070,  원   양   통   발    어   업,Distant Waters Trap,0,0,0,0,0,0,0,0,2017-12-02,2017-12-02
1993,1060,  원  양  채  낚  기   어   업,Distant Waters Angling,93,41550.24,123575,93,41550.24,123575,0,0,2017-12-02,2017-12-02
1993,1050,  원  양  봉  수  망   어   업,Distant Waters Stick-held Dip Net,4,1159.87,3560,4,1159.87,3560,0,0,2017-12-02,2017-12-02
1993,1040,  원  양  유  자  망   어   업,Distant Waters Floating Gill Net,0,0,0,0,0,0,0,0,2017-12-02,2017-12-02
1993,1030,  원   양   선   망    어   업,Distant Waters Purse Seines,30,31343.92,105409,30,31343.92,105409,0,0,2017-12-02,2017-12-02
1993,1020,  원   양   트   롤    어   업,Otter Trawl,180,167402.38,331423,180,167402.38,331423,0,0,2017-12-02,2017-12-02
1993,1010,  원   양   연   승    어   업,Long Line,237,91212.63,262245,237,91212.63,262245,0,0,2017-12-02,2017-12-02
1993,1000,원       양        어       업,Distant Waters Fisheries,546,334442.24,831412,546,334442.24,831412,0,0,2017-12-02,2017-12-02
1993,0,총                          계,Total,87473,919916.85,7279350,72838,903911.79,7279350,14635,16005.06,2017-12-02,2017-12-02
1993,3060,  연  안   채  낚  기   어  업,Coastal Angling,5007,11669.17,304931,4241,11136.54,304931,766,532.63,2017-12-02,2017-12-02
1993,3050,  연   안   연   승    어   업,Coastal Long Line,12158,30042.69,897773,11663,29383.93,897773,495,658.76,2017-12-02,2017-12-02
1993,3040,  연   안   선   망    어   업,Coastal Purse Seines,181,777.68,20103,157,740.94,20103,24,36.74,2017-12-02,2017-12-02
1993,3030,  연   안   형   망    어   업,Coastal Dredge Nets,0,0,0,0,0,0,0,0,2017-12-02,2017-12-02
1993,3020,  연  안   안  강  망   어  업,Small Stow Net,831,5096.32,61655,617,2437.02,61655,214,2659.3,2017-12-02,2017-12-02
1993,3010,  연  안   유  자  망   어  업,Coastal Gill Net,16468,43141.55,1207479,15268,41727.42,1207479,1200,1414.13,2017-12-02,2017-12-02
1993,3000,연       안        어       업,Coastal Fisheries,46487,117132.44,3049791,40525,108615.73,3049791,5962,8516.71,2017-12-02,2017-12-02
1998,1000,원       양        어       업,Distant Waters Fisheries,628,357412.26,983165,628,357412.26,983165,0,0,2017-12-02,2017-12-02
1998,0,총                          계,Total,90997,978333.87,13067043,82803,971704.15,13067043,8194,6629.72,2017-12-02,2017-12-02
2014,2170,  근   해   형   망    어   업,Off-Shore Long Line,21,265.39,9837,21,265.39,9837,0,0,2017-12-02,2017-12-02
2014,2160,  근   해   통   발    어   업,Off-Shore Trap,186,10666.63,131455,186,10666.63,131455,0,0,2017-12-02,2017-12-02
2014,2150,  잠    수    기      어    업,Diving,239,1197.97,107232,239,1197.97,107232,0,0,2017-12-02,2017-12-02
2014,2130,  근  해   안  강  망   어  업,Large Stow Net,214,9705.18,150481,214,9705.18,150481,0,0,2017-12-02,2017-12-02
2014,2110,  기  선   권  현  망   어  업,Anchovy Drag Net,395,18300.45,199822,395,18300.45,199822,0,0,2017-12-02,2017-12-02
2014,2090,  소   형   선   망    어   업,Small Powered Purse Seines,70,956.33,39119,70,956.33,39119,0,0,2017-12-02,2017-12-02
2014,2070,  동  해  구  트  롤   어   업,Estern Sea Trawl,37,1981,42800,37,1981,42800,0,0,2017-12-02,2017-12-02
2014,2050,  중형기선 저인망 어업(쌍끌이),Trawl Medium(Two Boat),18,1022,6505,18,1022,6505,0,0,2017-12-02,2017-12-02
2007,3110,  연   안   복   합    어   업,Coastal Muiti Fishery,33142,74960.28,4697993,32250,74299.93,4697993,892,660.35,2017-12-02,2017-12-02
2007,3090,  연   안   조   망    어   업,Coastal Beam Trawl,424,1981.56,107113,424,1981.56,107113,0,0,2017-12-02,2017-12-02
2007,3070,  연   안   통   발    어   업,Coastal Trap,7330,19151.72,1173754,7192,18977.26,1173754,138,174.46,2017-12-02,2017-12-02
2007,3060,  연  안   채  낚  기   어  업,Coastal Angling,0,0,0,0,0,0,0,0,2017-12-02,2017-12-02
2007,3040,  연   안   선   망    어   업,Coastal Purse Seines,306,1775.13,84060,296,1762.01,84060,10,13.12,2017-12-02,2017-12-02
2007,3030,  연   안   형   망    어   업,Coastal Dredge Nets,0,0,0,0,0,0,0,0,2017-12-02,2017-12-02
2007,3020,  연  안   안  강  망   어  업,Small Stow Net,498,3221.39,156996,493,3208,156996,5,13.39,2017-12-02,2017-12-02
2007,3010,  연  안   유  자  망   어  업,Coastal Gill Net,15993,38658.8,2930659,15545,38291.21,2930659,448,367.59,2017-12-02,2017-12-02
2007,3000,연       안        어       업,Coastal Fisheries,59527,146247.67,9554037,57843,144701.06,9554037,1684,1546.61,2017-12-02,2017-12-02
2007,2180,  근   해   연   승    어   업,Off-Shore Long Line,529,15604.5,246391,529,15604.5,246391,0,0,2017-12-02,2017-12-02
2007,2170,  근   해   형   망    어   업,Off-Shore Long Line,122,1550.99,44293,122,1550.99,44293,0,0,2017-12-02,2017-12-02
2007,2160,  근   해   통   발    어   업,Off-Shore Trap,253,14044.03,150337,253,14044.03,150337,0,0,2017-12-02,2017-12-02
1992,6990,  기                        타,Others,2561,24645.15,97877,1373,23371.14,97877,1188,1274.01,2017-12-02,2017-12-02
1992,6030,  시   험   및    교   습   선,Experiment & Education Boats,65,9568.74,37237,62,9566.1,37237,3,2.64,2017-12-02,2017-12-02
1992,6020,  지    도      단    속    선,Patrol Boats,142,11699.7,70925,141,11699.35,70925,1,0.35,2017-12-02,2017-12-02
1992,6010,  어   획   물    운   반   선,Fish Carrier,137,33825.44,79368,137,33825.44,79368,0,0,2017-12-02,2017-12-02
1992,6000,기       타        어       업,Others,2905,79739.03,285407,1713,78462.03,285407,1192,1277,2017-12-02,2017-12-02
1992,5010,  내    수    면     어     업,Inland Waters Fisheries,2967,2607.17,46529,1526,1795.23,46529,1441,811.94,2017-12-02,2017-12-02
1992,5000,내     수     면     어     업,Inland Waters Fisheries,2967,2607.17,46529,1526,1795.23,46529,1441,811.94,2017-12-02,2017-12-02
1992,4010,  천      해        양      식,Shallow Sea Culture,31734,37745.4,779037,23269,30510.8,779037,8465,7234.6,2017-12-02,2017-12-02
2014,2180,  근   해   연   승    어   업,Off-Shore Long Line,274,7614.73,160144,274,7614.73,160144,0,0,2017-12-02,2017-12-02
2014,3000,연       안        어       업,Coastal Fisheries,43116,118518.51,8455840,42763,118149.91,8455840,353,368.6,2017-12-02,2017-12-02
1999,6030,  시   험   및    교   습   선,Experiment & Education Boats,62,15928.79,51409,61,15927.79,51409,1,1,2017-12-02,2017-12-02
1999,5000,내     수     면     어     업,Inland Waters Fisheries,2742,1589.25,76593,1967,1329.84,76593,775,259.41,2017-12-02,2017-12-02
1999,3120,  구  획  어  업  (정  치  성),Sectional Fishery(Setting),555,1069.42,44519,506,969.43,44519,49,99.99,2017-12-02,2017-12-02
2004,6010,  어   획   물    운   반   선,Fish Carrier,156,43570.32,121800,156,43570.32,121800,0,0,2017-12-02,2017-12-02
2004,6000,기       타        어       업,Others,2271,103141.85,497364,1682,102374.76,497364,589,767.09,2017-12-02,2017-12-02
2004,5010,  내    수    면     어     업,Inland Waters Fisheries,3991,3102.62,202350,3252,2871.46,202350,739,231.16,2017-12-02,2017-12-02
2004,5000,내     수     면     어     업,Inland Waters Fisheries,3991,3102.62,202350,3252,2871.46,202350,739,231.16,2017-12-02,2017-12-02
2004,4010,  천      해        양      식,Shallow Sea Culture,18792,27295.92,1467848,18183,26612.41,1467848,609,683.51,2017-12-02,2017-12-02
2004,4000,양            식            업,Culture,18792,27295.92,1467848,18183,26612.41,1467848,609,683.51,2017-12-02,2017-12-02
2004,3990,  연      안        기      타,Coastal Others,44,73.24,4631,44,73.24,4631,0,0,2017-12-02,2017-12-02
2004,3140,  정    치    망     어     업,Set Nets,496,3212.78,71699,414,3047.17,71699,82,165.61,2017-12-02,2017-12-02
2004,3130,  구  획  어  업  (이  동  성),Sectional Fishery(Non-Setting),450,581.5,32266,342,527.37,32266,108,54.13,2017-12-02,2017-12-02
2004,3120,  구  획  어  업  (정  치  성),Sectional Fishery(Setting),488,907.65,48832,450,821.57,48832,38,86.08,2017-12-02,2017-12-02
2004,3110,  연   안   복   합    어   업,Coastal Muiti Fishery,34253,82343.73,6472040,32685,81249.45,6472040,1568,1094.28,2017-12-02,2017-12-02
2016,1040,  원  양  유  자  망   어   업,Distant Waters Floating Gill Net,0,0,0,0,0,0,0,0,2017-12-02,2017-12-02
2016,1020,  원   양   트   롤    어   업,Otter Trawl,53,38848.56,102894,53,38848.56,102894,0,0,2017-12-02,2017-12-02
2016,1000,원       양        어       업,Distant Waters Fisheries,258,147863.18,451134,258,147863.18,451134,0,0,2017-12-02,2017-12-02
2014,6990,  기                        타,Others,1582,48552.45,275851,1401,48382.14,275851,181,170.31,2017-12-02,2017-12-02
2014,6020,  지    도      단    속    선,Patrol Boats,164,25300.14,149122,164,25300.14,149122,0,0,2017-12-02,2017-12-02
2014,6000,기       타        어       업,Others,2077,108149.37,626857,1896,107979.06,626857,181,170.31,2017-12-02,2017-12-02
2014,5000,내     수     면     어     업,Inland Waters Fisheries,3150,2126.51,195481,2772,2026.35,195481,378,100.16,2017-12-02,2017-12-02
2014,3080,  연   안   들   망    어   업,Coastal Lift Nets,115,506.91,27943,115,506.91,27943,0,0,2017-12-02,2017-12-02
2014,3070,  연   안   통   발    어   업,Coastal Trap,4590,12432.02,923928,4579,12418.89,923928,11,13.13,2017-12-02,2017-12-02
2014,3050,  연   안   연   승    어   업,Coastal Long Line,0,0,0,0,0,0,0,0,2017-12-02,2017-12-02
2014,3040,  연   안   선   망    어   업,Coastal Purse Seines,258,1637.42,92161,252,1634.27,92161,6,3.15,2017-12-02,2017-12-02
2014,3030,  연   안   형   망    어   업,Coastal Dredge Nets,0,0,0,0,0,0,0,0,2017-12-02,2017-12-02
2014,3020,  연  안   안  강  망   어  업,Small Stow Net,399,2805.62,178019,398,2804.82,178019,1,0.8,2017-12-02,2017-12-02
2014,3010,  연  안   유  자  망   어  업,Coastal Gill Net,13994,39542.16,3075366,13924,39487.4,3075366,70,54.76,2017-12-02,2017-12-02
1998,3070,  연   안   통   발    어   업,Coastal Trap,9206,22607.61,928785,8972,22374.42,928785,234,233.19,2017-12-02,2017-12-02
1992,1000,원       양        어       업,Distant Waters Fisheries,734,388630.1,996962,734,388630.1,996962,0,0,2017-12-02,2017-12-02
2001,3100,  연  안   선  인  망   어  업,Coastal Drag Nets,5,18.91,875,5,18.91,875,0,0,2017-12-02,2017-12-02
2001,0,총                          계,Total,94935,884853.11,14765745,89347,880467.33,14765745,5588,4385.78,2017-12-02,2017-12-02
2001,2160,  근   해   통   발    어   업,Off-Shore Trap,349,17668.47,167774,349,17668.47,167774,0,0,2017-12-02,2017-12-02
2001,2140,  근  해   봉  수  망   어  업,Off-Shore Stick-held Dip Net,7,193,2899,7,193,2899,0,0,2017-12-02,2017-12-02
2001,2120,  근  해   유  자  망   어  업,Off-Shore Gill Net,824,25267.88,298656,824,25267.88,298656,0,0,2017-12-02,2017-12-02
2001,2100,  근  해   채  낚  기   어  업,Off-Shore Angling,735,29209.27,766847,735,29209.27,766847,0,0,2017-12-02,2017-12-02
2001,2080,  대   형   선   망    어   업,Large Powered Purse Seines,219,29546.11,252840,219,29546.11,252840,0,0,2017-12-02,2017-12-02
2001,2060,  대   형   트   롤    어   업,Large Otter Trawl,62,8396.91,85382,62,8396.91,85382,0,0,2017-12-02,2017-12-02
2001,2040,  중형기선 저인망 어업(외끌이),Trawl Medium(One Boat),79,4644.96,34202,79,4644.96,34202,0,0,2017-12-02,2017-12-02
2001,2020,  대형기선 저인망 어업(쌍끌이),Trawl Large(Two Boat),201,22330.65,171197,201,22330.65,171197,0,0,2017-12-02,2017-12-02
2001,2000,근       해         어      업,Off-Shore Fisheries,5014,231909.49,2713414,5014,231909.49,2713414,0,0,2017-12-02,2017-12-02
2001,1070,  원   양   통   발    어   업,Distant Waters Trap,9,2182.1,8590,9,2182.1,8590,0,0,2017-12-02,2017-12-02
2001,1050,  원  양  봉  수  망   어   업,Distant Waters Stick-held Dip Net,7,2780.83,9950,7,2780.83,9950,0,0,2017-12-02,2017-12-02
2001,1030,  원   양   선   망    어   업,Distant Waters Purse Senes,29,29235.16,102925,29,29235.16,102925,0,0,2017-12-02,2017-12-02
2001,1010,  원   양   연   승    어   업,Long Line,216,86047.17,253193,216,86047.17,253193,0,0,2017-12-02,2017-12-02
2000,6990,  기                        타,Others,2207,28712.94,575478,1625,27800.87,575478,582,912.07,2017-12-02,2017-12-02
2000,3120,  구  획  어  업  (정  치  성),Sectional Fishery(Setting),638,1396.51,58529,583,1265.77,58529,55,130.74,2017-12-02,2017-12-02
2000,3020,  연  안   안  강  망   어  업,Small Stow Net,444,2249.45,83614,425,2205.88,83614,19,43.57,2017-12-02,2017-12-02
2000,2030,  동해구 기 선 저 인 망  어 업,Eastern Sea Danish Sein,3,193.64,1830,3,193.64,1830,0,0,2017-12-02,2017-12-02
2000,6030,  시   험   및    교   습   선,Experiment & Education Boats,59,15342.48,49255,58,15341.48,49255,1,1,2017-12-02,2017-12-02
2000,6010,  어   획   물    운   반   선,Fish Carrier,207,85332.19,194019,207,85332.19,194019,0,0,2017-12-02,2017-12-02
2000,5000,내     수     면     어     업,Inland Waters Fisheries,3664,2874.11,202178,2797,2591.39,202178,867,282.72,2017-12-02,2017-12-02
2000,4000,양            식            업,Culture,20359,28515.84,1430723,19491,27531.44,1430723,868,984.4,2017-12-02,2017-12-02
2003,2090,  소   형   선   망    어   업,Small Powered Purse Seines,86,1446.53,29396,86,1446.53,29396,0,0,2017-12-02,2017-12-02
2003,2070,  동  해  구  트  롤   어   업,Estern Sea Trawl,33,1778.31,20408,33,1778.31,20408,0,0,2017-12-02,2017-12-02
2003,2050,  중형기선 저인망 어업(쌍끌이),Trawl Medium(Two Boat),20,791,9146,20,791,9146,0,0,2017-12-02,2017-12-02
2003,2030,  동해구 기 선 저 인 망  어 업,Eastern Sea Danish Sein,8,448.24,3907,8,448.24,3907,0,0,2017-12-02,2017-12-02
2003,2010,  대형기선 저인망 어업(외끌이),Trawl Large(One Boat),48,3898.51,22587,48,3898.51,22587,0,0,2017-12-02,2017-12-02
2001,3120,  구  획  어  업  (정  치  성),Sectional Fishery(Setting),663,1479.88,65784,612,1364.37,65784,51,115.51,2017-12-02,2017-12-02
2001,3140,  정    치    망     어     업,Set Nets,589,3560.71,74838,492,3359.54,74838,97,201.17,2017-12-02,2017-12-02
1997,6000,기       타        어       업,Others,2225,141549.92,466459,1555,140499.67,466459,670,1050.25,2017-12-02,2017-12-02
1997,5010,  내    수    면     어     업,Inland Waters Fisheries,2558,1665.05,70257,1855,1421.24,70257,703,243.81,2017-12-02,2017-12-02
1997,5000,내     수     면     어     업,Inland Waters Fisheries,2558,1665.05,70257,1855,1421.24,70257,703,243.81,2017-12-02,2017-12-02
1997,4010,  천      해        양      식,Shallow Sea Culture,19162,24251.65,1131889,18137,23034.66,1131889,1025,1216.99,2017-12-02,2017-12-02
1997,4000,양            식            업,Culture,19162,24251.65,1131889,18137,23034.66,1131889,1025,1216.99,2017-12-02,2017-12-02
1997,3990,  연      안        기      타,Coastal Others,1586,997.46,15104,360,339.46,15104,1226,658,2017-12-02,2017-12-02
1997,3140,  정    치    망     어     업,Set Nets,555,2882.11,43501,435,2598.78,43501,120,283.33,2017-12-02,2017-12-02
1997,3130,  구  획  어  업  (이  동  성),Sectional Fishery(Non-Setting),511,562.56,25566,420,505.47,25566,91,57.09,2017-12-02,2017-12-02
1997,3120,  구  획  어  업  (정  치  성),Sectional Fishery(Setting),502,1104.08,37648,440,947.25,37648,62,156.83,2017-12-02,2017-12-02
1997,3110,  연   안   복   합    어   업,Coastal Muiti Fishery,0,0,0,0,0,0,0,0,2017-12-02,2017-12-02
1997,3100,  연  안   선  인  망   어  업,Coastal Drag Nets,0,0,0,0,0,0,0,0,2017-12-02,2017-12-02
1997,3090,  연   안   조   망    어   업,Coastal Beam Trawl,869,3474.11,140998,865,3471.46,140998,4,2.65,2017-12-02,2017-12-02
1997,3080,  연   안   들   망    어   업,Coastal Lift Nets,254,576.56,16720,186,475.01,16720,68,101.55,2017-12-02,2017-12-02
1997,3060,  연  안   채  낚  기   어  업,Coastal Angling,6949,15673.66,600466,5797,14980.6,600466,1152,693.06,2017-12-02,2017-12-02
1997,3050,  연   안   연   승    어   업,Coastal Long Line,12875,31733.45,1545624,12117,31052.02,1545624,758,681.43,2017-12-02,2017-12-02
1997,3040,  연   안   선   망    어   업,Coastal Purse Seines,206,1003.43,38160,184,979.26,38160,22,24.17,2017-12-02,2017-12-02
1997,3030,  연   안   형   망    어   업,Coastal Dredge Nets,0,0,0,0,0,0,0,0,2017-12-02,2017-12-02
1997,3020,  연  안   안  강  망   어  업,Small Stow Net,570,2991.71,94711,528,2874.37,94711,42,117.34,2017-12-02,2017-12-02
1997,3000,연       안        어       업,Coastal Fisheries,50073,124086.09,5256199,45252,120282.4,5256199,4821,3803.69,2017-12-02,2017-12-02
1997,2180,  근   해   연   승    어   업,Off-Shore Long Line,1104,26434.77,309443,1104,26434.77,309443,0,0,2017-12-02,2017-12-02
1997,2170,  근   해   형   망    어   업,Off-Shore Long Line,117,1324.13,25402,116,1323.11,25402,1,1.02,2017-12-02,2017-12-02
2002,1030,  원   양   선   망    어   업,Distant Waters Purse Senes,28,27845.75,99325,28,27845.75,99325,0,0,2017-12-02,2017-12-02
2002,1010,  원   양   연   승    어   업,Long Line,210,83832.43,246243,210,83832.43,246243,0,0,2017-12-02,2017-12-02
2001,6990,  기                        타,Others,1768,25748.66,168378,1197,24856.78,168378,571,891.88,2017-12-02,2017-12-02
2001,6020,  지    도      단    속    선,Patrol Boats,169,15152.72,100983,169,15152.72,100983,0,0,2017-12-02,2017-12-02
2001,6000,기       타        어       업,Others,2191,130685.33,492264,1619,129792.45,492264,572,892.88,2017-12-02,2017-12-02
2001,5000,내     수     면     어     업,Inland Waters Fisheries,4330,3489.97,224078,3527,3232.1,224078,803,257.87,2017-12-02,2017-12-02
2001,4000,양            식            업,Culture,19856,28944.73,1484043,19133,28127.86,1484043,723,816.87,2017-12-02,2017-12-02
2003,1990,  기   타   원   양    어   업,Others,10,2181.81,8785,10,2181.81,8785,0,0,2017-12-02,2017-12-02
2003,1060,  원  양  채  낚  기   어   업,Distant Waters Angling,72,32474.5,97935,72,32474.5,97935,0,0,2017-12-02,2017-12-02
2005,3030,  연   안   형   망    어   업,Coastal Dredge Nets,0,0,0,0,0,0,0,0,2017-12-02,2017-12-02
2005,3020,  연  안   안  강  망   어  업,Small Stow Net,409,2323.61,95384,403,2302.12,95384,6,21.49,2017-12-02,2017-12-02
2005,3010,  연  안   유  자  망   어  업,Coastal Gill Net,16135,42274.95,2223563,15740,41918.5,2223563,395,356.45,2017-12-02,2017-12-02
2005,3000,연       안        어       업,Coastal Fisheries,60892,158773.82,8325925,59240,157215.11,8325925,1652,1558.71,2017-12-02,2017-12-02
2005,2180,  근   해   연   승    어   업,Off-Shore Long Line,584,13825.19,236204,584,13825.19,236204,0,0,2017-12-02,2017-12-02
2005,2170,  근   해   형   망    어   업,Off-Shore Long Line,82,1002.31,24563,82,1002.31,24563,0,0,2017-12-02,2017-12-02
2005,2160,  근   해   통   발    어   업,Off-Shore Trap,297,16313.35,154061,297,16313.35,154061,0,0,2017-12-02,2017-12-02
2005,2150,  잠    수    기      어    업,Diving,188,819.16,58020,188,819.16,58020,0,0,2017-12-02,2017-12-02
1997,2130,  근  해   안  강  망   어  업,Large Stow Net,786,64114.57,1158605,786,64114.57,1158605,0,0,2017-12-02,2017-12-02
1997,2120,  근  해   유  자  망   어  업,Off-Shore Gill Net,989,31086.63,760338,989,31086.63,760338,0,0,2017-12-02,2017-12-02
1997,2110,  기  선   권  현  망   어  업,Anchovy Drag Net,610,20957.66,1103986,610,20957.66,1103986,0,0,2017-12-02,2017-12-02
1992,2010,  대형기선 저인망 어업(외끌이),Trawl Large(One Boat),68,5677.11,23537,68,5677.11,23537,0,0,2017-12-02,2017-12-02
1992,2000,근       해         어      업,Off-Shore Fisheries,6765,333265.24,2065475,6762,333225.78,2065475,3,39.46,2017-12-02,2017-12-02
1992,1990,  기   타   원   양    어   업,Others,3,1933.69,5660,3,1933.69,5660,0,0,2017-12-02,2017-12-02
1992,1070,  원   양   통   발    어   업,Distant Waters Trap,2,137,1000,2,137,1000,0,0,2017-12-02,2017-12-02
1992,1060,  원  양  채  낚  기   어   업,Distant Waters Angling,99,43361.47,129790,99,43361.47,129790,0,0,2017-12-02,2017-12-02
1992,1050,  원  양  봉  수  망   어   업,Distant Waters Stick-held Dip Net,4,1159.87,3560,4,1159.87,3560,0,0,2017-12-02,2017-12-02
1992,1040,  원  양  유  자  망   어   업,Distant Waters Floating Gill Net,89,25069.95,72775,89,25069.95,72775,0,0,2017-12-02,2017-12-02
1992,1030,  원   양   선   망    어   업,Distant Waters Purse Seines,31,32828.39,106569,31,32828.39,106569,0,0,2017-12-02,2017-12-02
1992,1020,  원   양   트   롤    어   업,Otter Trawl,227,181094.01,379958,227,181094.01,379958,0,0,2017-12-02,2017-12-02
1992,0,총                          계,Total,94135,959056.23,6910316,76825,940468.49,6910316,17310,18587.74,2017-12-02,2017-12-02
1993,6990,  기                        타,Others,3489,42456.39,165542,2070,40829.37,165542,1419,1627.02,2017-12-02,2017-12-02
1993,6030,  시   험   및    교   습   선,Experiment & Education Boats,60,12364.51,40000,55,12357.13,40000,5,7.38,2017-12-02,2017-12-02
1993,6020,  지    도      단    속    선,Patrol Boats,156,13073.41,80234,155,13073.06,80234,1,0.35,2017-12-02,2017-12-02
1993,6010,  어   획   물    운   반   선,Fish Carrier,158,34558,82170,158,34558,82170,0,0,2017-12-02,2017-12-02
1993,6000,기       타        어       업,Others,3863,102452.31,367946,2438,100817.56,367946,1425,1634.75,2017-12-02,2017-12-02
1993,5010,  내    수    면     어     업,Inland Waters Fisheries,3044,2534.34,48898,1485,1591.39,48898,1559,942.95,2017-12-02,2017-12-02
1992,1010,  원   양   연   승    어   업,Long Line,279,103045.72,297650,279,103045.72,297650,0,0,2017-12-02,2017-12-02
2005,6990,  기                        타,Others,2908,25386.2,283293,2341,24681.37,283293,567,704.83,2017-12-02,2017-12-02
2005,2080,  대   형   선   망    어   업,Large Powered Purse Seines,188,25663.61,176881,188,25663.61,176881,0,0,2017-12-02,2017-12-02
2003,1040,  원  양  유  자  망   어   업,Distant Waters Floating Gill Net,2,320.98,920,2,320.98,920,0,0,2017-12-02,2017-12-02
2003,1020,  원   양   트   롤    어   업,Otter Trawl,186,124041.65,340337,186,124041.65,340337,0,0,2017-12-02,2017-12-02
2003,1000,원       양        어       업,Distant Waters Fisheries,517,273086.36,803365,517,273086.36,803365,0,0,2017-12-02,2017-12-02
2006,6030,  시   험   및    교   습   선,Experiment & Education Boats,39,7141.78,28062,38,7140.78,28062,1,1,2017-12-02,2017-12-02
2006,6010,  어   획   물    운   반   선,Fish Carrier,132,29143.83,90813,132,29143.83,90813,0,0,2017-12-02,2017-12-02
2006,5010,  내    수    면     어     업,Inland Waters Fisheries,4150,3557.48,224902,3549,3376.9,224902,601,180.58,2017-12-02,2017-12-02
2006,4010,  천      해        양      식,Shallow Sea Culture,16337,23955.08,1283802,16049,23645.69,1283802,288,309.39,2017-12-02,2017-12-02
2006,3990,  연      안        기      타,Coastal Others,0,0,0,0,0,0,0,0,2017-12-02,2017-12-02
2006,3130,  구  획  어  업  (이  동  성),Sectional Fishery(Non-Setting),512,1270.83,66165,445,1122.51,66165,67,148.32,2017-12-02,2017-12-02
2006,3110,  연   안   복   합    어   업,Coastal Muiti Fishery,33258,76827.88,5732999,32553,76328.79,5732999,705,499.09,2017-12-02,2017-12-02
2006,3090,  연   안   조   망    어   업,Coastal Beam Trawl,433,2302.39,104100,433,2302.39,104100,0,0,2017-12-02,2017-12-02
2006,3070,  연   안   통   발    어   업,Coastal Trap,7967,20062.57,1124809,7756,19800.35,1124809,211,262.22,2017-12-02,2017-12-02
2006,3050,  연   안   연   승    어   업,Coastal Long Line,0,0,0,0,0,0,0,0,2017-12-02,2017-12-02
2006,3030,  연   안   형   망    어   업,Coastal Dredge Nets,0,0,0,0,0,0,0,0,2017-12-02,2017-12-02
2006,3010,  연  안   유  자  망   어  업,Coastal Gill Net,15972,40520.2,2463382,15564,40163.17,2463314,408,357.03,2017-12-02,2017-12-02
2011,0,총                          계,Total,75629,606626.8,13125456,73427,604414.28,13125456,2202,2212.52,2017-12-02,2017-12-02
2000,3000,연       안        어       업,Coastal Fisheries,63342,150593.51,7803944,59064,147637.71,7803944,4278,2955.8,2017-12-02,2017-12-02
2000,2170,  근   해   형   망    어   업,Off-Shore Long Line,85,1097.65,21522,85,1097.65,21522,0,0,2017-12-02,2017-12-02
2000,2150,  잠    수    기      어    업,Diving,196,791.94,51882,196,791.94,51882,0,0,2017-12-02,2017-12-02
2008,3110,  연   안   복   합    어   업,Coastal Muiti Fishery,27395,59623.78,3849722,26878,59239.67,3849714,517,384.11,2017-12-02,2017-12-02
2007,5010,  내    수    면     어     업,Inland Waters Fisheries,4000,3353.59,244516,3462,3188.95,244516,538,164.64,2017-12-02,2017-12-02
2007,5000,내     수     면     어     업,Inland Waters Fisheries,4000,3353.59,244516,3462,3188.95,244516,538,164.64,2017-12-02,2017-12-02
2007,4010,  천      해        양      식,Shallow Sea Culture,16352,25225.99,1392276,16117,25004.88,1392276,235,221.11,2017-12-02,2017-12-02
2007,4000,양            식            업,Culture,16352,25225.99,1392276,16117,25004.88,1392276,235,221.11,2017-12-02,2017-12-02
2007,3990,  연      안        기      타,Coastal Others,0,0,0,0,0,0,0,0,2017-12-02,2017-12-02
2005,2110,  기  선   권  현  망   어  업,Anchovy Drag Net,503,17575.56,184386,503,17575.56,184386,0,0,2017-12-02,2017-12-02
2005,2100,  근  해   채  낚  기   어  업,Off-Shore Angling,607,22879.03,291244,607,22879.03,291244,0,0,2017-12-02,2017-12-02
2005,2090,  소   형   선   망    어   업,Small Powered Purse Seines,64,972.42,22198,64,972.42,22198,0,0,2017-12-02,2017-12-02
2004,1020,  원   양   트   롤    어   업,Otter Trawl,181,122073.64,310015,181,122073.64,310015,0,0,2017-12-02,2017-12-02
